/*******************************************************************************
 * Size: 48 px
 * Bpp: 4
 * Source: Montserrat SemiBold 600 (SIL Open Font License 1.1)
 * Glyphs: U+0020..U+007E, generated with the official LVGL converter.
 ******************************************************************************/

#include <lvgl.h>

#ifndef CCM_FONT_SEMIBOLD_48
#define CCM_FONT_SEMIBOLD_48 1
#endif

#if CCM_FONT_SEMIBOLD_48

/*-----------------
 *    BITMAPS
 *----------------*/

/*Store the image of the glyphs*/
static LV_ATTRIBUTE_LARGE_CONST const uint8_t glyph_bitmap[] = {
    /* U+0020 " " */

    /* U+0021 "!" */
    0xc, 0xff, 0xff, 0xff, 0x30, 0xcf, 0xff, 0xff,
    0xf2, 0xb, 0xff, 0xff, 0xff, 0x20, 0xaf, 0xff,
    0xff, 0xf1, 0x9, 0xff, 0xff, 0xff, 0x0, 0x8f,
    0xff, 0xff, 0xf0, 0x8, 0xff, 0xff, 0xfe, 0x0,
    0x7f, 0xff, 0xff, 0xd0, 0x6, 0xff, 0xff, 0xfd,
    0x0, 0x5f, 0xff, 0xff, 0xc0, 0x4, 0xff, 0xff,
    0xfb, 0x0, 0x3f, 0xff, 0xff, 0xa0, 0x3, 0xff,
    0xff, 0xf9, 0x0, 0x2f, 0xff, 0xff, 0x80, 0x1,
    0xff, 0xff, 0xf8, 0x0, 0xf, 0xff, 0xff, 0x70,
    0x0, 0xff, 0xff, 0xf6, 0x0, 0xf, 0xff, 0xff,
    0x50, 0x0, 0xef, 0xff, 0xf4, 0x0, 0xd, 0xff,
    0xff, 0x30, 0x0, 0xcf, 0xff, 0xf2, 0x0, 0xb,
    0xff, 0xff, 0x20, 0x0, 0x58, 0x88, 0x80, 0x0,
    0x0, 0x0, 0x0, 0x0, 0x0, 0x0, 0x0, 0x0,
    0x0, 0x0, 0x0, 0x0, 0x0, 0x0, 0x4, 0x76,
    0x10, 0x0, 0x1c, 0xff, 0xff, 0x50, 0xb, 0xff,
    0xff, 0xff, 0x11, 0xff, 0xff, 0xff, 0xf6, 0x2f,
    0xff, 0xff, 0xff, 0x70, 0xef, 0xff, 0xff, 0xf4,
    0x6, 0xff, 0xff, 0xfb, 0x0, 0x5, 0xcf, 0xe9,
    0x0,

    /* U+0022 "\"" */
    0x4f, 0xff, 0xfd, 0x0, 0x0, 0xff, 0xff, 0xf1,
    0x4f, 0xff, 0xfd, 0x0, 0x0, 0xff, 0xff, 0xf1,
    0x3f, 0xff, 0xfc, 0x0, 0x0, 0xff, 0xff, 0xf0,
    0x3f, 0xff, 0xfc, 0x0, 0x0, 0xff, 0xff, 0xf0,
    0x2f, 0xff, 0xfb, 0x0, 0x0, 0xef, 0xff, 0xf0,
    0x2f, 0xff, 0xfb, 0x0, 0x0, 0xef, 0xff, 0xf0,
    0x2f, 0xff, 0xfa, 0x0, 0x0, 0xdf, 0xff, 0xe0,
    0x1f, 0xff, 0xfa, 0x0, 0x0, 0xdf, 0xff, 0xe0,
    0x1f, 0xff, 0xf9, 0x0, 0x0, 0xcf, 0xff, 0xd0,
    0xf, 0xff, 0xf9, 0x0, 0x0, 0xcf, 0xff, 0xd0,
    0xf, 0xff, 0xf8, 0x0, 0x0, 0xbf, 0xff, 0xc0,
    0xf, 0xff, 0xf7, 0x0, 0x0, 0xbf, 0xff, 0xc0,
    0xf, 0xff, 0xf7, 0x0, 0x0, 0xaf, 0xff, 0xb0,
    0x5, 0x55, 0x52, 0x0, 0x0, 0x35, 0x55, 0x30,

    /* U+0023 "#" */
    0x0, 0x0, 0x0, 0x0, 0x5, 0xff, 0xff, 0x0,
    0x0, 0x0, 0x0, 0xef, 0xff, 0x70, 0x0, 0x0,
    0x0, 0x0, 0x0, 0x0, 0x0, 0x7f, 0xff, 0xe0,
    0x0, 0x0, 0x0, 0xf, 0xff, 0xf5, 0x0, 0x0,
    0x0, 0x0, 0x0, 0x0, 0x0, 0x9, 0xff, 0xfc,
    0x0, 0x0, 0x0, 0x2, 0xff, 0xff, 0x30, 0x0,
    0x0, 0x0, 0x0, 0x0, 0x0, 0x0, 0xbf, 0xff,
    0xa0, 0x0, 0x0, 0x0, 0x4f, 0xff, 0xf1, 0x0,
    0x0, 0x0, 0x0, 0x0, 0x0, 0x0, 0xd, 0xff,
    0xf8, 0x0, 0x0, 0x0, 0x6, 0xff, 0xff, 0x0,
    0x0, 0x0, 0x0, 0x0, 0x0, 0x0, 0x0, 0xff,
    0xff, 0x60, 0x0, 0x0, 0x0, 0x8f, 0xff, 0xd0,
    0x0, 0x0, 0x0, 0x0, 0x0, 0x0, 0x0, 0x1f,
    0xff, 0xf4, 0x0, 0x0, 0x0, 0xa, 0xff, 0xfb,
    0x0, 0x0, 0x0, 0x0, 0x0, 0x0, 0x0, 0x3,
    0xff, 0xff, 0x20, 0x0, 0x0, 0x0, 0xcf, 0xff,
    0x90, 0x0, 0x0, 0x0, 0x4, 0xff, 0xff, 0xff,
    0xff, 0xff, 0xff, 0xff, 0xff, 0xff, 0xff, 0xff,
    0xff, 0xff, 0xff, 0xff, 0x0, 0x4f, 0xff, 0xff,
    0xff, 0xff, 0xff, 0xff, 0xff, 0xff, 0xff, 0xff,
    0xff, 0xff, 0xff, 0xff, 0xf0, 0x4, 0xff, 0xff,
    0xff, 0xff, 0xff, 0xff, 0xff, 0xff, 0xff, 0xff,
    0xff, 0xff, 0xff, 0xff, 0xff, 0x0, 0x4f, 0xff,
    0xff, 0xff, 0xff, 0xff, 0xff, 0xff, 0xff, 0xff,
    0xff, 0xff, 0xff, 0xff, 0xff, 0xf0, 0x1, 0x66,
    0x66, 0x66, 0xef, 0xff, 0xb6, 0x66, 0x66, 0x66,
    0x9f, 0xff, 0xf6, 0x66, 0x66, 0x66, 0x0, 0x0,
    0x0, 0x0, 0xe, 0xff, 0xf7, 0x0, 0x0, 0x0,
    0x7, 0xff, 0xfe, 0x0, 0x0, 0x0, 0x0, 0x0,
    0x0, 0x0, 0x0, 0xff, 0xff, 0x50, 0x0, 0x0,
    0x0, 0x9f, 0xff, 0xc0, 0x0, 0x0, 0x0, 0x0,
    0x0, 0x0, 0x0, 0x2f, 0xff, 0xf3, 0x0, 0x0,
    0x0, 0xb, 0xff, 0xfa, 0x0, 0x0, 0x0, 0x0,
    0x0, 0x0, 0x0, 0x4, 0xff, 0xff, 0x10, 0x0,
    0x0, 0x0, 0xdf, 0xff, 0x80, 0x0, 0x0, 0x0,
    0x0, 0x0, 0x0, 0x0, 0x6f, 0xff, 0xf0, 0x0,
    0x0, 0x0, 0xf, 0xff, 0xf6, 0x0, 0x0, 0x0,
    0x0, 0x0, 0x0, 0x0, 0x8, 0xff, 0xfe, 0x0,
    0x0, 0x0, 0x0, 0xff, 0xff, 0x40, 0x0, 0x0,
    0x0, 0x0, 0x0, 0x0, 0x0, 0xaf, 0xff, 0xc0,
    0x0, 0x0, 0x0, 0x2f, 0xff, 0xf3, 0x0, 0x0,
    0x0, 0x0, 0x0, 0x0, 0x0, 0xc, 0xff, 0xfa,
    0x0, 0x0, 0x0, 0x4, 0xff, 0xff, 0x10, 0x0,
    0x0, 0x0, 0x5, 0x66, 0x66, 0x66, 0xef, 0xff,
    0xb6, 0x66, 0x66, 0x66, 0x9f, 0xff, 0xf6, 0x66,
    0x66, 0x62, 0x0, 0xef, 0xff, 0xff, 0xff, 0xff,
    0xff, 0xff, 0xff, 0xff, 0xff, 0xff, 0xff, 0xff,
    0xff, 0xff, 0x70, 0xe, 0xff, 0xff, 0xff, 0xff,
    0xff, 0xff, 0xff, 0xff, 0xff, 0xff, 0xff, 0xff,
    0xff, 0xff, 0xf7, 0x0, 0xef, 0xff, 0xff, 0xff,
    0xff, 0xff, 0xff, 0xff, 0xff, 0xff, 0xff, 0xff,
    0xff, 0xff, 0xff, 0x70, 0xe, 0xff, 0xff, 0xff,
    0xff, 0xff, 0xff, 0xff, 0xff, 0xff, 0xff, 0xff,
    0xff, 0xff, 0xff, 0xf7, 0x0, 0x0, 0x0, 0x0,
    0x7f, 0xff, 0xe0, 0x0, 0x0, 0x0, 0xf, 0xff,
    0xf5, 0x0, 0x0, 0x0, 0x0, 0x0, 0x0, 0x0,
    0x9, 0xff, 0xfc, 0x0, 0x0, 0x0, 0x2, 0xff,
    0xff, 0x30, 0x0, 0x0, 0x0, 0x0, 0x0, 0x0,
    0x0, 0xbf, 0xff, 0xa0, 0x0, 0x0, 0x0, 0x4f,
    0xff, 0xf1, 0x0, 0x0, 0x0, 0x0, 0x0, 0x0,
    0x0, 0xd, 0xff, 0xf8, 0x0, 0x0, 0x0, 0x6,
    0xff, 0xff, 0x0, 0x0, 0x0, 0x0, 0x0, 0x0,
    0x0, 0x0, 0xff, 0xff, 0x60, 0x0, 0x0, 0x0,
    0x8f, 0xff, 0xd0, 0x0, 0x0, 0x0, 0x0, 0x0,
    0x0, 0x0, 0x1f, 0xff, 0xf4, 0x0, 0x0, 0x0,
    0xa, 0xff, 0xfb, 0x0, 0x0, 0x0, 0x0, 0x0,
    0x0, 0x0, 0x3, 0xff, 0xff, 0x20, 0x0, 0x0,
    0x0, 0xcf, 0xff, 0x90, 0x0, 0x0, 0x0, 0x0,
    0x0, 0x0, 0x0, 0x5f, 0xff, 0xf0, 0x0, 0x0,
    0x0, 0xe, 0xff, 0xf7, 0x0, 0x0, 0x0, 0x0,
    0x0,

    /* U+0024 "$" */
    0x0, 0x0, 0x0, 0x0, 0x0, 0x0, 0x9f, 0xff,
    0x50, 0x0, 0x0, 0x0, 0x0, 0x0, 0x0, 0x0,
    0x0, 0x0, 0x0, 0x0, 0x9f, 0xff, 0x50, 0x0,
    0x0, 0x0, 0x0, 0x0, 0x0, 0x0, 0x0, 0x0,
    0x0, 0x0, 0x9f, 0xff, 0x50, 0x0, 0x0, 0x0,
    0x0, 0x0, 0x0, 0x0, 0x0, 0x0, 0x0, 0x0,
    0x9f, 0xff, 0x50, 0x0, 0x0, 0x0, 0x0, 0x0,
    0x0, 0x0, 0x0, 0x0, 0x0, 0x0, 0x9f, 0xff,
    0x50, 0x0, 0x0, 0x0, 0x0, 0x0, 0x0, 0x0,
    0x0, 0x0, 0x0, 0x0, 0x9f, 0xff, 0x50, 0x0,
    0x0, 0x0, 0x0, 0x0, 0x0, 0x0, 0x0, 0x0,
    0x27, 0xbd, 0xff, 0xff, 0xfe, 0xdb, 0x74, 0x0,
    0x0, 0x0, 0x0, 0x0, 0x0, 0x5d, 0xff, 0xff,
    0xff, 0xff, 0xff, 0xff, 0xff, 0xe8, 0x10, 0x0,
    0x0, 0x0, 0x1b, 0xff, 0xff, 0xff, 0xff, 0xff,
    0xff, 0xff, 0xff, 0xff, 0xf8, 0x0, 0x0, 0x1,
    0xef, 0xff, 0xff, 0xff, 0xff, 0xff, 0xff, 0xff,
    0xff, 0xff, 0xfd, 0x0, 0x0, 0xd, 0xff, 0xff,
    0xff, 0xff, 0xff, 0xff, 0xff, 0xff, 0xff, 0xff,
    0xf6, 0x0, 0x0, 0x8f, 0xff, 0xff, 0xff, 0xb6,
    0xaf, 0xff, 0x63, 0x6b, 0xff, 0xff, 0xf1, 0x0,
    0x0, 0xef, 0xff, 0xff, 0xe3, 0x0, 0x9f, 0xff,
    0x50, 0x0, 0x6, 0xcf, 0x90, 0x0, 0x4, 0xff,
    0xff, 0xff, 0x30, 0x0, 0x9f, 0xff, 0x50, 0x0,
    0x0, 0x4, 0x20, 0x0, 0x7, 0xff, 0xff, 0xfc,
    0x0, 0x0, 0x9f, 0xff, 0x50, 0x0, 0x0, 0x0,
    0x0, 0x0, 0x9, 0xff, 0xff, 0xf9, 0x0, 0x0,
    0x9f, 0xff, 0x50, 0x0, 0x0, 0x0, 0x0, 0x0,
    0x8, 0xff, 0xff, 0xfb, 0x0, 0x0, 0x9f, 0xff,
    0x50, 0x0, 0x0, 0x0, 0x0, 0x0, 0x6, 0xff,
    0xff, 0xff, 0x40, 0x0, 0x9f, 0xff, 0x50, 0x0,
    0x0, 0x0, 0x0, 0x0, 0x3, 0xff, 0xff, 0xff,
    0xf8, 0x10, 0x9f, 0xff, 0x50, 0x0, 0x0, 0x0,
    0x0, 0x0, 0x0, 0xdf, 0xff, 0xff, 0xff, 0xfa,
    0xbf, 0xff, 0x50, 0x0, 0x0, 0x0, 0x0, 0x0,
    0x0, 0x3f, 0xff, 0xff, 0xff, 0xff, 0xff, 0xff,
    0x70, 0x0, 0x0, 0x0, 0x0, 0x0, 0x0, 0x6,
    0xff, 0xff, 0xff, 0xff, 0xff, 0xff, 0xff, 0xb6,
    0x20, 0x0, 0x0, 0x0, 0x0, 0x0, 0x4e, 0xff,
    0xff, 0xff, 0xff, 0xff, 0xff, 0xff, 0xfc, 0x50,
    0x0, 0x0, 0x0, 0x0, 0x0, 0x7e, 0xff, 0xff,
    0xff, 0xff, 0xff, 0xff, 0xff, 0xfc, 0x20, 0x0,
    0x0, 0x0, 0x0, 0x0, 0x49, 0xef, 0xff, 0xff,
    0xff, 0xff, 0xff, 0xff, 0xf4, 0x0, 0x0, 0x0,
    0x0, 0x0, 0x0, 0x3, 0xbf, 0xff, 0xff, 0xff,
    0xff, 0xff, 0xff, 0x20, 0x0, 0x0, 0x0, 0x0,
    0x0, 0x0, 0x9f, 0xff, 0xbd, 0xff, 0xff, 0xff,
    0xff, 0xb0, 0x0, 0x0, 0x0, 0x0, 0x0, 0x0,
    0x9f, 0xff, 0x50, 0x3c, 0xff, 0xff, 0xff, 0xf1,
    0x0, 0x0, 0x0, 0x0, 0x0, 0x0, 0x9f, 0xff,
    0x50, 0x0, 0x8f, 0xff, 0xff, 0xf5, 0x0, 0x0,
    0x0, 0x0, 0x0, 0x0, 0x9f, 0xff, 0x50, 0x0,
    0xd, 0xff, 0xff, 0xf6, 0x0, 0x0, 0x0, 0x0,
    0x0, 0x0, 0x9f, 0xff, 0x50, 0x0, 0xa, 0xff,
    0xff, 0xf7, 0x0, 0x33, 0x0, 0x0, 0x0, 0x0,
    0x9f, 0xff, 0x50, 0x0, 0xc, 0xff, 0xff, 0xf6,
    0x0, 0xaf, 0x91, 0x0, 0x0, 0x0, 0x9f, 0xff,
    0x50, 0x0, 0x3f, 0xff, 0xff, 0xf3, 0x2, 0xff,
    0xff, 0x92, 0x0, 0x0, 0x9f, 0xff, 0x50, 0x3,
    0xef, 0xff, 0xff, 0xe0, 0x9, 0xff, 0xff, 0xff,
    0xd8, 0x53, 0x9f, 0xff, 0x76, 0xbf, 0xff, 0xff,
    0xff, 0x60, 0x1f, 0xff, 0xff, 0xff, 0xff, 0xff,
    0xff, 0xff, 0xff, 0xff, 0xff, 0xff, 0xfc, 0x0,
    0x1c, 0xff, 0xff, 0xff, 0xff, 0xff, 0xff, 0xff,
    0xff, 0xff, 0xff, 0xff, 0xd1, 0x0, 0x0, 0x6e,
    0xff, 0xff, 0xff, 0xff, 0xff, 0xff, 0xff, 0xff,
    0xff, 0xfa, 0x0, 0x0, 0x0, 0x0, 0x6c, 0xff,
    0xff, 0xff, 0xff, 0xff, 0xff, 0xff, 0xfc, 0x40,
    0x0, 0x0, 0x0, 0x0, 0x0, 0x26, 0xac, 0xef,
    0xff, 0xff, 0xfe, 0xb7, 0x20, 0x0, 0x0, 0x0,
    0x0, 0x0, 0x0, 0x0, 0x0, 0x0, 0x9f, 0xff,
    0x50, 0x0, 0x0, 0x0, 0x0, 0x0, 0x0, 0x0,
    0x0, 0x0, 0x0, 0x0, 0x9f, 0xff, 0x50, 0x0,
    0x0, 0x0, 0x0, 0x0, 0x0, 0x0, 0x0, 0x0,
    0x0, 0x0, 0x9f, 0xff, 0x50, 0x0, 0x0, 0x0,
    0x0, 0x0, 0x0, 0x0, 0x0, 0x0, 0x0, 0x0,
    0x9f, 0xff, 0x50, 0x0, 0x0, 0x0, 0x0, 0x0,
    0x0, 0x0, 0x0, 0x0, 0x0, 0x0, 0x9f, 0xff,
    0x50, 0x0, 0x0, 0x0, 0x0, 0x0, 0x0, 0x0,
    0x0, 0x0, 0x0, 0x0, 0x24, 0x44, 0x10, 0x0,
    0x0, 0x0, 0x0, 0x0,

    /* U+0025 "%" */
    0x0, 0x0, 0x6, 0xbe, 0xfe, 0xc7, 0x10, 0x0,
    0x0, 0x0, 0x0, 0x0, 0x0, 0x0, 0x9f, 0xff,
    0xf2, 0x0, 0x0, 0x0, 0x0, 0x3d, 0xff, 0xff,
    0xff, 0xff, 0x50, 0x0, 0x0, 0x0, 0x0, 0x0,
    0x0, 0x4f, 0xff, 0xf7, 0x0, 0x0, 0x0, 0x0,
    0x3f, 0xff, 0xff, 0xff, 0xff, 0xff, 0x60, 0x0,
    0x0, 0x0, 0x0, 0x0, 0xd, 0xff, 0xfc, 0x0,
    0x0, 0x0, 0x0, 0x1e, 0xff, 0xfe, 0x86, 0x7d,
    0xff, 0xff, 0x30, 0x0, 0x0, 0x0, 0x0, 0x9,
    0xff, 0xff, 0x20, 0x0, 0x0, 0x0, 0x7, 0xff,
    0xfd, 0x10, 0x0, 0xa, 0xff, 0xfb, 0x0, 0x0,
    0x0, 0x0, 0x4, 0xff, 0xff, 0x60, 0x0, 0x0,
    0x0, 0x0, 0xef, 0xff, 0x30, 0x0, 0x0, 0xe,
    0xff, 0xf2, 0x0, 0x0, 0x0, 0x0, 0xef, 0xff,
    0xb0, 0x0, 0x0, 0x0, 0x0, 0x2f, 0xff, 0xc0,
    0x0, 0x0, 0x0, 0x9f, 0xff, 0x60, 0x0, 0x0,
    0x0, 0x9f, 0xff, 0xf2, 0x0, 0x0, 0x0, 0x0,
    0x5, 0xff, 0xf9, 0x0, 0x0, 0x0, 0x6, 0xff,
    0xf8, 0x0, 0x0, 0x0, 0x4f, 0xff, 0xf6, 0x0,
    0x0, 0x0, 0x0, 0x0, 0x6f, 0xff, 0x70, 0x0,
    0x0, 0x0, 0x4f, 0xff, 0x90, 0x0, 0x0, 0x1e,
    0xff, 0xfb, 0x0, 0x0, 0x0, 0x0, 0x0, 0x6,
    0xff, 0xf7, 0x0, 0x0, 0x0, 0x4, 0xff, 0xf9,
    0x0, 0x0, 0xa, 0xff, 0xff, 0x10, 0x0, 0x0,
    0x0, 0x0, 0x0, 0x5f, 0xff, 0x90, 0x0, 0x0,
    0x0, 0x6f, 0xff, 0x80, 0x0, 0x5, 0xff, 0xff,
    0x60, 0x0, 0x0, 0x0, 0x0, 0x0, 0x2, 0xff,
    0xfc, 0x0, 0x0, 0x0, 0x9, 0xff, 0xf6, 0x0,
    0x1, 0xef, 0xff, 0xb0, 0x0, 0x0, 0x0, 0x0,
    0x0, 0x0, 0xe, 0xff, 0xf3, 0x0, 0x0, 0x0,
    0xef, 0xff, 0x20, 0x0, 0xaf, 0xff, 0xe1, 0x0,
    0x0, 0x0, 0x0, 0x0, 0x0, 0x0, 0x7f, 0xff,
    0xd1, 0x0, 0x0, 0xaf, 0xff, 0xb0, 0x0, 0x5f,
    0xff, 0xf5, 0x0, 0x0, 0x0, 0x0, 0x0, 0x0,
    0x0, 0x1, 0xef, 0xff, 0xe8, 0x67, 0xdf, 0xff,
    0xf3, 0x0, 0x1e, 0xff, 0xfa, 0x0, 0x0, 0x0,
    0x0, 0x0, 0x0, 0x0, 0x0, 0x3, 0xff, 0xff,
    0xff, 0xff, 0xff, 0xf6, 0x0, 0xb, 0xff, 0xfe,
    0x10, 0x0, 0x1, 0x45, 0x42, 0x0, 0x0, 0x0,
    0x0, 0x3, 0xef, 0xff, 0xff, 0xff, 0xf5, 0x0,
    0x6, 0xff, 0xff, 0x50, 0x0, 0x3c, 0xff, 0xff,
    0xfd, 0x60, 0x0, 0x0, 0x0, 0x0, 0x6b, 0xef,
    0xec, 0x71, 0x0, 0x1, 0xff, 0xff, 0xa0, 0x0,
    0x7f, 0xff, 0xff, 0xff, 0xff, 0xb0, 0x0, 0x0,
    0x0, 0x0, 0x0, 0x0, 0x0, 0x0, 0x0, 0xbf,
    0xff, 0xe1, 0x0, 0x6f, 0xff, 0xff, 0xff, 0xff,
    0xff, 0xb0, 0x0, 0x0, 0x0, 0x0, 0x0, 0x0,
    0x0, 0x0, 0x6f, 0xff, 0xf4, 0x0, 0x2f, 0xff,
    0xfa, 0x20, 0x18, 0xff, 0xff, 0x60, 0x0, 0x0,
    0x0, 0x0, 0x0, 0x0, 0x0, 0x2f, 0xff, 0xfa,
    0x0, 0x9, 0xff, 0xfa, 0x0, 0x0, 0x6, 0xff,
    0xfd, 0x0, 0x0, 0x0, 0x0, 0x0, 0x0, 0x0,
    0xb, 0xff, 0xfe, 0x10, 0x0, 0xef, 0xff, 0x10,
    0x0, 0x0, 0xd, 0xff, 0xf3, 0x0, 0x0, 0x0,
    0x0, 0x0, 0x0, 0x6, 0xff, 0xff, 0x40, 0x0,
    0x2f, 0xff, 0xc0, 0x0, 0x0, 0x0, 0x7f, 0xff,
    0x70, 0x0, 0x0, 0x0, 0x0, 0x0, 0x2, 0xff,
    0xff, 0x90, 0x0, 0x4, 0xff, 0xf9, 0x0, 0x0,
    0x0, 0x5, 0xff, 0xf9, 0x0, 0x0, 0x0, 0x0,
    0x0, 0x0, 0xcf, 0xff, 0xe0, 0x0, 0x0, 0x5f,
    0xff, 0x80, 0x0, 0x0, 0x0, 0x4f, 0xff, 0xa0,
    0x0, 0x0, 0x0, 0x0, 0x0, 0x7f, 0xff, 0xf4,
    0x0, 0x0, 0x5, 0xff, 0xf8, 0x0, 0x0, 0x0,
    0x4, 0xff, 0xfa, 0x0, 0x0, 0x0, 0x0, 0x0,
    0x2f, 0xff, 0xf9, 0x0, 0x0, 0x0, 0x4f, 0xff,
    0xa0, 0x0, 0x0, 0x0, 0x5f, 0xff, 0x90, 0x0,
    0x0, 0x0, 0x0, 0xc, 0xff, 0xfd, 0x0, 0x0,
    0x0, 0x1, 0xff, 0xfd, 0x0, 0x0, 0x0, 0x9,
    0xff, 0xf6, 0x0, 0x0, 0x0, 0x0, 0x7, 0xff,
    0xff, 0x30, 0x0, 0x0, 0x0, 0xd, 0xff, 0xf4,
    0x0, 0x0, 0x1, 0xef, 0xff, 0x20, 0x0, 0x0,
    0x0, 0x2, 0xff, 0xff, 0x80, 0x0, 0x0, 0x0,
    0x0, 0x6f, 0xff, 0xd1, 0x0, 0x0, 0xbf, 0xff,
    0xb0, 0x0, 0x0, 0x0, 0x0, 0xcf, 0xff, 0xd0,
    0x0, 0x0, 0x0, 0x0, 0x0, 0xdf, 0xff, 0xe8,
    0x67, 0xdf, 0xff, 0xf3, 0x0, 0x0, 0x0, 0x0,
    0x8f, 0xff, 0xf3, 0x0, 0x0, 0x0, 0x0, 0x0,
    0x3, 0xef, 0xff, 0xff, 0xff, 0xff, 0xf6, 0x0,
    0x0, 0x0, 0x0, 0x3f, 0xff, 0xf8, 0x0, 0x0,
    0x0, 0x0, 0x0, 0x0, 0x2, 0xdf, 0xff, 0xff,
    0xff, 0xf5, 0x0, 0x0, 0x0, 0x0, 0xd, 0xff,
    0xfd, 0x0, 0x0, 0x0, 0x0, 0x0, 0x0, 0x0,
    0x0, 0x6b, 0xef, 0xec, 0x71, 0x0, 0x0,

    /* U+0026 "&" */
    0x0, 0x0, 0x0, 0x0, 0x0, 0x59, 0xde, 0xff,
    0xeb, 0x71, 0x0, 0x0, 0x0, 0x0, 0x0, 0x0,
    0x0, 0x0, 0x0, 0x0, 0x6, 0xef, 0xff, 0xff,
    0xff, 0xff, 0xf8, 0x0, 0x0, 0x0, 0x0, 0x0,
    0x0, 0x0, 0x0, 0x0, 0xa, 0xff, 0xff, 0xff,
    0xff, 0xff, 0xff, 0xfc, 0x0, 0x0, 0x0, 0x0,
    0x0, 0x0, 0x0, 0x0, 0x9, 0xff, 0xff, 0xff,
    0xff, 0xff, 0xff, 0xff, 0xf9, 0x0, 0x0, 0x0,
    0x0, 0x0, 0x0, 0x0, 0x3, 0xff, 0xff, 0xff,
    0xc6, 0x56, 0x9f, 0xff, 0xff, 0xf2, 0x0, 0x0,
    0x0, 0x0, 0x0, 0x0, 0x0, 0x9f, 0xff, 0xff,
    0x70, 0x0, 0x0, 0x3f, 0xff, 0xff, 0x70, 0x0,
    0x0, 0x0, 0x0, 0x0, 0x0, 0xd, 0xff, 0xff,
    0xc0, 0x0, 0x0, 0x0, 0x8f, 0xff, 0xfa, 0x0,
    0x0, 0x0, 0x0, 0x0, 0x0, 0x0, 0xff, 0xff,
    0xf8, 0x0, 0x0, 0x0, 0x6, 0xff, 0xff, 0xb0,
    0x0, 0x0, 0x0, 0x0, 0x0, 0x0, 0xe, 0xff,
    0xff, 0x80, 0x0, 0x0, 0x0, 0x8f, 0xff, 0xf9,
    0x0, 0x0, 0x0, 0x0, 0x0, 0x0, 0x0, 0xcf,
    0xff, 0xfd, 0x0, 0x0, 0x0, 0x1f, 0xff, 0xff,
    0x50, 0x0, 0x0, 0x0, 0x0, 0x0, 0x0, 0x7,
    0xff, 0xff, 0xf6, 0x0, 0x0, 0x1d, 0xff, 0xff,
    0xe0, 0x0, 0x0, 0x0, 0x0, 0x0, 0x0, 0x0,
    0x1f, 0xff, 0xff, 0xf3, 0x0, 0x5e, 0xff, 0xff,
    0xf5, 0x0, 0x0, 0x0, 0x0, 0x0, 0x0, 0x0,
    0x0, 0x7f, 0xff, 0xff, 0xf5, 0xbf, 0xff, 0xff,
    0xf7, 0x0, 0x0, 0x0, 0x0, 0x0, 0x0, 0x0,
    0x0, 0x0, 0xbf, 0xff, 0xff, 0xff, 0xff, 0xff,
    0xf6, 0x0, 0x0, 0x0, 0x0, 0x0, 0x0, 0x0,
    0x0, 0x0, 0x0, 0xcf, 0xff, 0xff, 0xff, 0xff,
    0xd3, 0x0, 0x0, 0x0, 0x0, 0x0, 0x0, 0x0,
    0x0, 0x0, 0x0, 0x2b, 0xff, 0xff, 0xff, 0xff,
    0x70, 0x0, 0x0, 0x0, 0x0, 0x0, 0x0, 0x0,
    0x0, 0x0, 0x0, 0x7f, 0xff, 0xff, 0xff, 0xff,
    0xf8, 0x0, 0x0, 0x0, 0x0, 0x0, 0x0, 0x0,
    0x0, 0x0, 0x1, 0xcf, 0xff, 0xff, 0xff, 0xff,
    0xff, 0xf9, 0x0, 0x0, 0x0, 0x2b, 0x61, 0x0,
    0x0, 0x0, 0x2, 0xef, 0xff, 0xff, 0xf9, 0xaf,
    0xff, 0xff, 0xfa, 0x0, 0x0, 0x6, 0xff, 0xfc,
    0x60, 0x0, 0x1, 0xdf, 0xff, 0xff, 0xd3, 0x0,
    0x9f, 0xff, 0xff, 0xfb, 0x0, 0x0, 0xaf, 0xff,
    0xf9, 0x0, 0x0, 0xbf, 0xff, 0xff, 0xb0, 0x0,
    0x0, 0x8f, 0xff, 0xff, 0xfc, 0x0, 0xf, 0xff,
    0xff, 0x50, 0x0, 0x3f, 0xff, 0xff, 0xc0, 0x0,
    0x0, 0x0, 0x7f, 0xff, 0xff, 0xfc, 0x16, 0xff,
    0xff, 0xf0, 0x0, 0x9, 0xff, 0xff, 0xf3, 0x0,
    0x0, 0x0, 0x0, 0x6f, 0xff, 0xff, 0xfd, 0xdf,
    0xff, 0xfa, 0x0, 0x0, 0xdf, 0xff, 0xfe, 0x0,
    0x0, 0x0, 0x0, 0x0, 0x6f, 0xff, 0xff, 0xff,
    0xff, 0xff, 0x30, 0x0, 0xf, 0xff, 0xff, 0xd0,
    0x0, 0x0, 0x0, 0x0, 0x0, 0x5f, 0xff, 0xff,
    0xff, 0xff, 0xb0, 0x0, 0x0, 0xff, 0xff, 0xff,
    0x0, 0x0, 0x0, 0x0, 0x0, 0x0, 0x4f, 0xff,
    0xff, 0xff, 0xf3, 0x0, 0x0, 0xe, 0xff, 0xff,
    0xf6, 0x0, 0x0, 0x0, 0x0, 0x0, 0x0, 0x5f,
    0xff, 0xff, 0xff, 0x30, 0x0, 0x0, 0xaf, 0xff,
    0xff, 0xf5, 0x0, 0x0, 0x0, 0x0, 0x0, 0x7f,
    0xff, 0xff, 0xff, 0xff, 0x40, 0x0, 0x3, 0xff,
    0xff, 0xff, 0xfb, 0x51, 0x0, 0x0, 0x48, 0xef,
    0xff, 0xff, 0xff, 0xff, 0xff, 0x40, 0x0, 0x9,
    0xff, 0xff, 0xff, 0xff, 0xff, 0xef, 0xff, 0xff,
    0xff, 0xff, 0xff, 0xff, 0xff, 0xff, 0x50, 0x0,
    0xb, 0xff, 0xff, 0xff, 0xff, 0xff, 0xff, 0xff,
    0xff, 0xff, 0xfa, 0x2d, 0xff, 0xff, 0xfb, 0x0,
    0x0, 0x8, 0xff, 0xff, 0xff, 0xff, 0xff, 0xff,
    0xff, 0xff, 0xe6, 0x0, 0x1d, 0xff, 0xfd, 0x0,
    0x0, 0x0, 0x3, 0xbf, 0xff, 0xff, 0xff, 0xff,
    0xff, 0xfe, 0x70, 0x0, 0x0, 0x1c, 0xfe, 0x20,
    0x0, 0x0, 0x0, 0x0, 0x16, 0xac, 0xef, 0xff,
    0xdb, 0x83, 0x0, 0x0, 0x0, 0x0, 0x1c, 0x30,
    0x0, 0x0, 0x0, 0x0, 0x0, 0x0, 0x0, 0x0,
    0x0, 0x0, 0x0, 0x0, 0x0, 0x0, 0x0, 0x0,
    0x0, 0x0,

    /* U+0027 "'" */
    0x4f, 0xff, 0xfd, 0x4f, 0xff, 0xfd, 0x3f, 0xff,
    0xfc, 0x3f, 0xff, 0xfc, 0x2f, 0xff, 0xfb, 0x2f,
    0xff, 0xfb, 0x2f, 0xff, 0xfa, 0x1f, 0xff, 0xfa,
    0x1f, 0xff, 0xf9, 0xf, 0xff, 0xf9, 0xf, 0xff,
    0xf8, 0xf, 0xff, 0xf7, 0xf, 0xff, 0xf7, 0x5,
    0x55, 0x52,

    /* U+0028 "(" */
    0x0, 0x0, 0x0, 0x11, 0x11, 0x10, 0x0, 0x0,
    0x7, 0xff, 0xff, 0xf4, 0x0, 0x0, 0x1f, 0xff,
    0xff, 0xc0, 0x0, 0x0, 0x9f, 0xff, 0xff, 0x40,
    0x0, 0x1, 0xff, 0xff, 0xfd, 0x0, 0x0, 0x8,
    0xff, 0xff, 0xf6, 0x0, 0x0, 0xe, 0xff, 0xff,
    0xe0, 0x0, 0x0, 0x5f, 0xff, 0xff, 0x90, 0x0,
    0x0, 0xbf, 0xff, 0xff, 0x30, 0x0, 0x0, 0xff,
    0xff, 0xfe, 0x0, 0x0, 0x4, 0xff, 0xff, 0xfa,
    0x0, 0x0, 0x8, 0xff, 0xff, 0xf5, 0x0, 0x0,
    0xc, 0xff, 0xff, 0xf1, 0x0, 0x0, 0xf, 0xff,
    0xff, 0xe0, 0x0, 0x0, 0x3f, 0xff, 0xff, 0xb0,
    0x0, 0x0, 0x5f, 0xff, 0xff, 0x80, 0x0, 0x0,
    0x8f, 0xff, 0xff, 0x60, 0x0, 0x0, 0xaf, 0xff,
    0xff, 0x40, 0x0, 0x0, 0xbf, 0xff, 0xff, 0x20,
    0x0, 0x0, 0xdf, 0xff, 0xff, 0x10, 0x0, 0x0,
    0xef, 0xff, 0xff, 0x0, 0x0, 0x0, 0xef, 0xff,
    0xff, 0x0, 0x0, 0x0, 0xff, 0xff, 0xff, 0x0,
    0x0, 0x0, 0xff, 0xff, 0xff, 0x0, 0x0, 0x0,
    0xff, 0xff, 0xff, 0x0, 0x0, 0x0, 0xef, 0xff,
    0xff, 0x0, 0x0, 0x0, 0xef, 0xff, 0xff, 0x0,
    0x0, 0x0, 0xcf, 0xff, 0xff, 0x10, 0x0, 0x0,
    0xbf, 0xff, 0xff, 0x30, 0x0, 0x0, 0xaf, 0xff,
    0xff, 0x40, 0x0, 0x0, 0x7f, 0xff, 0xff, 0x60,
    0x0, 0x0, 0x5f, 0xff, 0xff, 0x80, 0x0, 0x0,
    0x2f, 0xff, 0xff, 0xb0, 0x0, 0x0, 0xf, 0xff,
    0xff, 0xe0, 0x0, 0x0, 0xc, 0xff, 0xff, 0xf2,
    0x0, 0x0, 0x8, 0xff, 0xff, 0xf5, 0x0, 0x0,
    0x4, 0xff, 0xff, 0xfa, 0x0, 0x0, 0x0, 0xff,
    0xff, 0xfe, 0x0, 0x0, 0x0, 0xaf, 0xff, 0xff,
    0x40, 0x0, 0x0, 0x4f, 0xff, 0xff, 0x90, 0x0,
    0x0, 0xe, 0xff, 0xff, 0xf0, 0x0, 0x0, 0x7,
    0xff, 0xff, 0xf6, 0x0, 0x0, 0x1, 0xff, 0xff,
    0xfd, 0x0, 0x0, 0x0, 0x8f, 0xff, 0xff, 0x40,
    0x0, 0x0, 0x1e, 0xff, 0xff, 0xc0, 0x0, 0x0,
    0x6, 0xff, 0xff, 0xf5,

    /* U+0029 ")" */
    0x1, 0x11, 0x10, 0x0, 0x0, 0x0, 0xaf, 0xff,
    0xff, 0x20, 0x0, 0x0, 0x2f, 0xff, 0xff, 0xb0,
    0x0, 0x0, 0x9, 0xff, 0xff, 0xf4, 0x0, 0x0,
    0x2, 0xff, 0xff, 0xfb, 0x0, 0x0, 0x0, 0xbf,
    0xff, 0xff, 0x30, 0x0, 0x0, 0x4f, 0xff, 0xff,
    0x90, 0x0, 0x0, 0xe, 0xff, 0xff, 0xf0, 0x0,
    0x0, 0x9, 0xff, 0xff, 0xf5, 0x0, 0x0, 0x4,
    0xff, 0xff, 0xfa, 0x0, 0x0, 0x0, 0xff, 0xff,
    0xfe, 0x0, 0x0, 0x0, 0xaf, 0xff, 0xff, 0x30,
    0x0, 0x0, 0x7f, 0xff, 0xff, 0x60, 0x0, 0x0,
    0x3f, 0xff, 0xff, 0xa0, 0x0, 0x0, 0xf, 0xff,
    0xff, 0xd0, 0x0, 0x0, 0xd, 0xff, 0xff, 0xf0,
    0x0, 0x0, 0xb, 0xff, 0xff, 0xf2, 0x0, 0x0,
    0x9, 0xff, 0xff, 0xf4, 0x0, 0x0, 0x7, 0xff,
    0xff, 0xf5, 0x0, 0x0, 0x6, 0xff, 0xff, 0xf7,
    0x0, 0x0, 0x5, 0xff, 0xff, 0xf8, 0x0, 0x0,
    0x4, 0xff, 0xff, 0xf9, 0x0, 0x0, 0x4, 0xff,
    0xff, 0xf9, 0x0, 0x0, 0x3, 0xff, 0xff, 0xf9,
    0x0, 0x0, 0x4, 0xff, 0xff, 0xf9, 0x0, 0x0,
    0x4, 0xff, 0xff, 0xf9, 0x0, 0x0, 0x5, 0xff,
    0xff, 0xf8, 0x0, 0x0, 0x6, 0xff, 0xff, 0xf7,
    0x0, 0x0, 0x7, 0xff, 0xff, 0xf5, 0x0, 0x0,
    0x9, 0xff, 0xff, 0xf4, 0x0, 0x0, 0xb, 0xff,
    0xff, 0xf2, 0x0, 0x0, 0xe, 0xff, 0xff, 0xf0,
    0x0, 0x0, 0xf, 0xff, 0xff, 0xd0, 0x0, 0x0,
    0x3f, 0xff, 0xff, 0xa0, 0x0, 0x0, 0x7f, 0xff,
    0xff, 0x60, 0x0, 0x0, 0xbf, 0xff, 0xff, 0x30,
    0x0, 0x0, 0xff, 0xff, 0xfe, 0x0, 0x0, 0x4,
    0xff, 0xff, 0xf9, 0x0, 0x0, 0x9, 0xff, 0xff,
    0xf4, 0x0, 0x0, 0xe, 0xff, 0xff, 0xe0, 0x0,
    0x0, 0x5f, 0xff, 0xff, 0x80, 0x0, 0x0, 0xbf,
    0xff, 0xff, 0x20, 0x0, 0x2, 0xff, 0xff, 0xfa,
    0x0, 0x0, 0xa, 0xff, 0xff, 0xf3, 0x0, 0x0,
    0x2f, 0xff, 0xff, 0xa0, 0x0, 0x0, 0xaf, 0xff,
    0xff, 0x10, 0x0, 0x0,

    /* U+002A "*" */
    0x0, 0x0, 0x0, 0x0, 0x67, 0x76, 0x0, 0x0,
    0x0, 0x0, 0x0, 0x0, 0x0, 0x0, 0xdf, 0xfc,
    0x0, 0x0, 0x0, 0x0, 0x0, 0x0, 0x0, 0x0,
    0xdf, 0xfc, 0x0, 0x0, 0x0, 0x0, 0x0, 0x42,
    0x0, 0x0, 0xdf, 0xfc, 0x0, 0x0, 0x24, 0x0,
    0x0, 0xef, 0x80, 0x0, 0xdf, 0xfc, 0x0, 0x8,
    0xfe, 0x0, 0x8, 0xff, 0xfd, 0x40, 0xcf, 0xfc,
    0x5, 0xdf, 0xff, 0x80, 0xf, 0xff, 0xff, 0xfb,
    0xdf, 0xfd, 0xbf, 0xff, 0xff, 0xe0, 0x2, 0xaf,
    0xff, 0xff, 0xff, 0xff, 0xff, 0xff, 0xfa, 0x20,
    0x0, 0x3, 0xcf, 0xff, 0xff, 0xff, 0xff, 0xfc,
    0x30, 0x0, 0x0, 0x0, 0x5, 0xff, 0xff, 0xff,
    0xff, 0x50, 0x0, 0x0, 0x0, 0x0, 0x4c, 0xff,
    0xff, 0xff, 0xff, 0xd4, 0x0, 0x0, 0x0, 0x2b,
    0xff, 0xff, 0xff, 0xff, 0xff, 0xff, 0xb2, 0x0,
    0x9, 0xff, 0xff, 0xff, 0xff, 0xff, 0xff, 0xff,
    0xff, 0x90, 0xc, 0xff, 0xff, 0xd4, 0xcf, 0xfc,
    0x4d, 0xff, 0xff, 0xc0, 0x3, 0xff, 0xe6, 0x0,
    0xdf, 0xfc, 0x0, 0x6e, 0xff, 0x30, 0x0, 0xa9,
    0x10, 0x0, 0xdf, 0xfc, 0x0, 0x1, 0x9a, 0x0,
    0x0, 0x0, 0x0, 0x0, 0xdf, 0xfc, 0x0, 0x0,
    0x0, 0x0, 0x0, 0x0, 0x0, 0x0, 0xdf, 0xfc,
    0x0, 0x0, 0x0, 0x0, 0x0, 0x0, 0x0, 0x0,
    0xdf, 0xfc, 0x0, 0x0, 0x0, 0x0,

    /* U+002B "+" */
    0x0, 0x0, 0x0, 0x0, 0x4a, 0xaa, 0xa8, 0x0,
    0x0, 0x0, 0x0, 0x0, 0x0, 0x0, 0x0, 0x6,
    0xff, 0xff, 0xc0, 0x0, 0x0, 0x0, 0x0, 0x0,
    0x0, 0x0, 0x0, 0x6f, 0xff, 0xfc, 0x0, 0x0,
    0x0, 0x0, 0x0, 0x0, 0x0, 0x0, 0x6, 0xff,
    0xff, 0xc0, 0x0, 0x0, 0x0, 0x0, 0x0, 0x0,
    0x0, 0x0, 0x6f, 0xff, 0xfc, 0x0, 0x0, 0x0,
    0x0, 0x0, 0x0, 0x0, 0x0, 0x6, 0xff, 0xff,
    0xc0, 0x0, 0x0, 0x0, 0x0, 0x0, 0x0, 0x0,
    0x0, 0x6f, 0xff, 0xfc, 0x0, 0x0, 0x0, 0x0,
    0x0, 0x0, 0x0, 0x0, 0x6, 0xff, 0xff, 0xc0,
    0x0, 0x0, 0x0, 0x0, 0x0, 0x0, 0x0, 0x0,
    0x6f, 0xff, 0xfc, 0x0, 0x0, 0x0, 0x0, 0xe,
    0xff, 0xff, 0xff, 0xff, 0xff, 0xff, 0xff, 0xff,
    0xff, 0xff, 0xf4, 0xef, 0xff, 0xff, 0xff, 0xff,
    0xff, 0xff, 0xff, 0xff, 0xff, 0xff, 0x4e, 0xff,
    0xff, 0xff, 0xff, 0xff, 0xff, 0xff, 0xff, 0xff,
    0xff, 0xf4, 0xef, 0xff, 0xff, 0xff, 0xff, 0xff,
    0xff, 0xff, 0xff, 0xff, 0xff, 0x4b, 0xdd, 0xdd,
    0xdd, 0xde, 0xff, 0xff, 0xfd, 0xdd, 0xdd, 0xdd,
    0xd3, 0x0, 0x0, 0x0, 0x0, 0x6f, 0xff, 0xfc,
    0x0, 0x0, 0x0, 0x0, 0x0, 0x0, 0x0, 0x0,
    0x6, 0xff, 0xff, 0xc0, 0x0, 0x0, 0x0, 0x0,
    0x0, 0x0, 0x0, 0x0, 0x6f, 0xff, 0xfc, 0x0,
    0x0, 0x0, 0x0, 0x0, 0x0, 0x0, 0x0, 0x6,
    0xff, 0xff, 0xc0, 0x0, 0x0, 0x0, 0x0, 0x0,
    0x0, 0x0, 0x0, 0x6f, 0xff, 0xfc, 0x0, 0x0,
    0x0, 0x0, 0x0, 0x0, 0x0, 0x0, 0x6, 0xff,
    0xff, 0xc0, 0x0, 0x0, 0x0, 0x0, 0x0, 0x0,
    0x0, 0x0, 0x6f, 0xff, 0xfc, 0x0, 0x0, 0x0,
    0x0, 0x0, 0x0, 0x0, 0x0, 0x6, 0xff, 0xff,
    0xc0, 0x0, 0x0, 0x0, 0x0,

    /* U+002C "," */
    0x2, 0xae, 0xd9, 0x10, 0x2f, 0xff, 0xff, 0xd1,
    0xbf, 0xff, 0xff, 0xf8, 0xef, 0xff, 0xff, 0xfb,
    0xef, 0xff, 0xff, 0xfb, 0xbf, 0xff, 0xff, 0xf9,
    0x3f, 0xff, 0xff, 0xf5, 0x2, 0xef, 0xff, 0xe0,
    0x0, 0xff, 0xff, 0x90, 0x3, 0xff, 0xff, 0x30,
    0x7, 0xff, 0xfd, 0x0, 0xb, 0xff, 0xf7, 0x0,
    0xf, 0xff, 0xf2, 0x0, 0x4f, 0xff, 0xc0, 0x0,
    0x8f, 0xff, 0x60, 0x0,

    /* U+002D "-" */
    0x0, 0x0, 0x0, 0x0, 0x0, 0x0, 0x0, 0x5f,
    0xff, 0xff, 0xff, 0xff, 0xff, 0xfd, 0x5f, 0xff,
    0xff, 0xff, 0xff, 0xff, 0xfd, 0x5f, 0xff, 0xff,
    0xff, 0xff, 0xff, 0xfd, 0x5f, 0xff, 0xff, 0xff,
    0xff, 0xff, 0xfd, 0x5f, 0xff, 0xff, 0xff, 0xff,
    0xff, 0xfd,

    /* U+002E "." */
    0x0, 0x3c, 0xfe, 0xa1, 0x0, 0x4f, 0xff, 0xff,
    0xe1, 0xc, 0xff, 0xff, 0xff, 0x80, 0xff, 0xff,
    0xff, 0xfc, 0xf, 0xff, 0xff, 0xff, 0xb0, 0xcf,
    0xff, 0xff, 0xf8, 0x4, 0xff, 0xff, 0xfd, 0x10,
    0x3, 0xcf, 0xea, 0x10,

    /* U+002F "/" */
    0x0, 0x0, 0x0, 0x0, 0x0, 0x0, 0x0, 0x0,
    0x58, 0x88, 0x85, 0x0, 0x0, 0x0, 0x0, 0x0,
    0x0, 0x0, 0x0, 0xef, 0xff, 0xf6, 0x0, 0x0,
    0x0, 0x0, 0x0, 0x0, 0x0, 0x4, 0xff, 0xff,
    0xf1, 0x0, 0x0, 0x0, 0x0, 0x0, 0x0, 0x0,
    0xa, 0xff, 0xff, 0xb0, 0x0, 0x0, 0x0, 0x0,
    0x0, 0x0, 0x0, 0xf, 0xff, 0xff, 0x60, 0x0,
    0x0, 0x0, 0x0, 0x0, 0x0, 0x0, 0x5f, 0xff,
    0xff, 0x10, 0x0, 0x0, 0x0, 0x0, 0x0, 0x0,
    0x0, 0xaf, 0xff, 0xfb, 0x0, 0x0, 0x0, 0x0,
    0x0, 0x0, 0x0, 0x0, 0xff, 0xff, 0xf5, 0x0,
    0x0, 0x0, 0x0, 0x0, 0x0, 0x0, 0x6, 0xff,
    0xff, 0xf0, 0x0, 0x0, 0x0, 0x0, 0x0, 0x0,
    0x0, 0xb, 0xff, 0xff, 0xa0, 0x0, 0x0, 0x0,
    0x0, 0x0, 0x0, 0x0, 0x1f, 0xff, 0xff, 0x40,
    0x0, 0x0, 0x0, 0x0, 0x0, 0x0, 0x0, 0x6f,
    0xff, 0xfe, 0x0, 0x0, 0x0, 0x0, 0x0, 0x0,
    0x0, 0x0, 0xcf, 0xff, 0xf9, 0x0, 0x0, 0x0,
    0x0, 0x0, 0x0, 0x0, 0x2, 0xff, 0xff, 0xf4,
    0x0, 0x0, 0x0, 0x0, 0x0, 0x0, 0x0, 0x7,
    0xff, 0xff, 0xe0, 0x0, 0x0, 0x0, 0x0, 0x0,
    0x0, 0x0, 0xd, 0xff, 0xff, 0x80, 0x0, 0x0,
    0x0, 0x0, 0x0, 0x0, 0x0, 0x2f, 0xff, 0xff,
    0x30, 0x0, 0x0, 0x0, 0x0, 0x0, 0x0, 0x0,
    0x8f, 0xff, 0xfd, 0x0, 0x0, 0x0, 0x0, 0x0,
    0x0, 0x0, 0x0, 0xdf, 0xff, 0xf8, 0x0, 0x0,
    0x0, 0x0, 0x0, 0x0, 0x0, 0x3, 0xff, 0xff,
    0xf2, 0x0, 0x0, 0x0, 0x0, 0x0, 0x0, 0x0,
    0x8, 0xff, 0xff, 0xd0, 0x0, 0x0, 0x0, 0x0,
    0x0, 0x0, 0x0, 0xe, 0xff, 0xff, 0x70, 0x0,
    0x0, 0x0, 0x0, 0x0, 0x0, 0x0, 0x4f, 0xff,
    0xff, 0x10, 0x0, 0x0, 0x0, 0x0, 0x0, 0x0,
    0x0, 0x9f, 0xff, 0xfc, 0x0, 0x0, 0x0, 0x0,
    0x0, 0x0, 0x0, 0x0, 0xef, 0xff, 0xf6, 0x0,
    0x0, 0x0, 0x0, 0x0, 0x0, 0x0, 0x4, 0xff,
    0xff, 0xf1, 0x0, 0x0, 0x0, 0x0, 0x0, 0x0,
    0x0, 0xa, 0xff, 0xff, 0xb0, 0x0, 0x0, 0x0,
    0x0, 0x0, 0x0, 0x0, 0xf, 0xff, 0xff, 0x60,
    0x0, 0x0, 0x0, 0x0, 0x0, 0x0, 0x0, 0x5f,
    0xff, 0xff, 0x0, 0x0, 0x0, 0x0, 0x0, 0x0,
    0x0, 0x0, 0xbf, 0xff, 0xfa, 0x0, 0x0, 0x0,
    0x0, 0x0, 0x0, 0x0, 0x1, 0xff, 0xff, 0xf5,
    0x0, 0x0, 0x0, 0x0, 0x0, 0x0, 0x0, 0x6,
    0xff, 0xff, 0xf0, 0x0, 0x0, 0x0, 0x0, 0x0,
    0x0, 0x0, 0xb, 0xff, 0xff, 0xa0, 0x0, 0x0,
    0x0, 0x0, 0x0, 0x0, 0x0, 0x1f, 0xff, 0xff,
    0x40, 0x0, 0x0, 0x0, 0x0, 0x0, 0x0, 0x0,
    0x6f, 0xff, 0xfe, 0x0, 0x0, 0x0, 0x0, 0x0,
    0x0, 0x0, 0x0, 0xcf, 0xff, 0xf9, 0x0, 0x0,
    0x0, 0x0, 0x0, 0x0, 0x0, 0x2, 0xff, 0xff,
    0xf3, 0x0, 0x0, 0x0, 0x0, 0x0, 0x0, 0x0,
    0x7, 0xff, 0xff, 0xe0, 0x0, 0x0, 0x0, 0x0,
    0x0, 0x0, 0x0, 0xd, 0xff, 0xff, 0x80, 0x0,
    0x0, 0x0, 0x0, 0x0, 0x0, 0x0, 0x2f, 0xff,
    0xff, 0x30, 0x0, 0x0, 0x0, 0x0, 0x0, 0x0,
    0x0, 0x8f, 0xff, 0xfd, 0x0, 0x0, 0x0, 0x0,
    0x0, 0x0, 0x0, 0x0, 0xdf, 0xff, 0xf8, 0x0,
    0x0, 0x0, 0x0, 0x0, 0x0, 0x0, 0x3, 0xff,
    0xff, 0xf2, 0x0, 0x0, 0x0, 0x0, 0x0, 0x0,
    0x0, 0x9, 0xff, 0xff, 0xc0, 0x0, 0x0, 0x0,
    0x0, 0x0, 0x0, 0x0, 0xe, 0xff, 0xff, 0x70,
    0x0, 0x0, 0x0, 0x0, 0x0, 0x0, 0x0, 0x4f,
    0xff, 0xff, 0x10, 0x0, 0x0, 0x0, 0x0, 0x0,
    0x0, 0x0,

    /* U+0030 "0" */
    0x0, 0x0, 0x0, 0x0, 0x3, 0x8b, 0xef, 0xfe,
    0xc9, 0x40, 0x0, 0x0, 0x0, 0x0, 0x0, 0x0,
    0x0, 0x0, 0x4c, 0xff, 0xff, 0xff, 0xff, 0xff,
    0xe7, 0x0, 0x0, 0x0, 0x0, 0x0, 0x0, 0x0,
    0xaf, 0xff, 0xff, 0xff, 0xff, 0xff, 0xff, 0xfd,
    0x20, 0x0, 0x0, 0x0, 0x0, 0x1, 0xdf, 0xff,
    0xff, 0xff, 0xff, 0xff, 0xff, 0xff, 0xff, 0x40,
    0x0, 0x0, 0x0, 0x0, 0xdf, 0xff, 0xff, 0xff,
    0xff, 0xff, 0xff, 0xff, 0xff, 0xff, 0x30, 0x0,
    0x0, 0x0, 0xaf, 0xff, 0xff, 0xff, 0xfa, 0x87,
    0x9d, 0xff, 0xff, 0xff, 0xfe, 0x10, 0x0, 0x0,
    0x5f, 0xff, 0xff, 0xff, 0x70, 0x0, 0x0, 0x5,
    0xef, 0xff, 0xff, 0xfa, 0x0, 0x0, 0xd, 0xff,
    0xff, 0xff, 0x40, 0x0, 0x0, 0x0, 0x1, 0xdf,
    0xff, 0xff, 0xf3, 0x0, 0x5, 0xff, 0xff, 0xff,
    0x60, 0x0, 0x0, 0x0, 0x0, 0x2, 0xff, 0xff,
    0xff, 0xa0, 0x0, 0xbf, 0xff, 0xff, 0xd0, 0x0,
    0x0, 0x0, 0x0, 0x0, 0x8, 0xff, 0xff, 0xff,
    0x10, 0xf, 0xff, 0xff, 0xf6, 0x0, 0x0, 0x0,
    0x0, 0x0, 0x0, 0x1f, 0xff, 0xff, 0xf5, 0x4,
    0xff, 0xff, 0xff, 0x10, 0x0, 0x0, 0x0, 0x0,
    0x0, 0x0, 0xcf, 0xff, 0xff, 0x90, 0x8f, 0xff,
    0xff, 0xd0, 0x0, 0x0, 0x0, 0x0, 0x0, 0x0,
    0x8, 0xff, 0xff, 0xfc, 0xa, 0xff, 0xff, 0xfa,
    0x0, 0x0, 0x0, 0x0, 0x0, 0x0, 0x0, 0x5f,
    0xff, 0xff, 0xf0, 0xcf, 0xff, 0xff, 0x80, 0x0,
    0x0, 0x0, 0x0, 0x0, 0x0, 0x3, 0xff, 0xff,
    0xff, 0x1d, 0xff, 0xff, 0xf7, 0x0, 0x0, 0x0,
    0x0, 0x0, 0x0, 0x0, 0x2f, 0xff, 0xff, 0xf1,
    0xdf, 0xff, 0xff, 0x60, 0x0, 0x0, 0x0, 0x0,
    0x0, 0x0, 0x1, 0xff, 0xff, 0xff, 0x2d, 0xff,
    0xff, 0xf6, 0x0, 0x0, 0x0, 0x0, 0x0, 0x0,
    0x0, 0x1f, 0xff, 0xff, 0xf2, 0xdf, 0xff, 0xff,
    0x70, 0x0, 0x0, 0x0, 0x0, 0x0, 0x0, 0x2,
    0xff, 0xff, 0xff, 0x1c, 0xff, 0xff, 0xf8, 0x0,
    0x0, 0x0, 0x0, 0x0, 0x0, 0x0, 0x3f, 0xff,
    0xff, 0xf1, 0xaf, 0xff, 0xff, 0xa0, 0x0, 0x0,
    0x0, 0x0, 0x0, 0x0, 0x5, 0xff, 0xff, 0xff,
    0x8, 0xff, 0xff, 0xfd, 0x0, 0x0, 0x0, 0x0,
    0x0, 0x0, 0x0, 0x8f, 0xff, 0xff, 0xc0, 0x4f,
    0xff, 0xff, 0xf1, 0x0, 0x0, 0x0, 0x0, 0x0,
    0x0, 0xc, 0xff, 0xff, 0xf9, 0x0, 0xff, 0xff,
    0xff, 0x60, 0x0, 0x0, 0x0, 0x0, 0x0, 0x1,
    0xff, 0xff, 0xff, 0x50, 0xb, 0xff, 0xff, 0xfd,
    0x0, 0x0, 0x0, 0x0, 0x0, 0x0, 0x8f, 0xff,
    0xff, 0xf1, 0x0, 0x5f, 0xff, 0xff, 0xf6, 0x0,
    0x0, 0x0, 0x0, 0x0, 0x2f, 0xff, 0xff, 0xfa,
    0x0, 0x0, 0xdf, 0xff, 0xff, 0xf4, 0x0, 0x0,
    0x0, 0x0, 0x1d, 0xff, 0xff, 0xff, 0x30, 0x0,
    0x5, 0xff, 0xff, 0xff, 0xf7, 0x0, 0x0, 0x0,
    0x5e, 0xff, 0xff, 0xff, 0xa0, 0x0, 0x0, 0xa,
    0xff, 0xff, 0xff, 0xff, 0xa8, 0x79, 0xdf, 0xff,
    0xff, 0xff, 0xe1, 0x0, 0x0, 0x0, 0xd, 0xff,
    0xff, 0xff, 0xff, 0xff, 0xff, 0xff, 0xff, 0xff,
    0xf3, 0x0, 0x0, 0x0, 0x0, 0x1d, 0xff, 0xff,
    0xff, 0xff, 0xff, 0xff, 0xff, 0xff, 0xf4, 0x0,
    0x0, 0x0, 0x0, 0x0, 0xa, 0xff, 0xff, 0xff,
    0xff, 0xff, 0xff, 0xff, 0xd2, 0x0, 0x0, 0x0,
    0x0, 0x0, 0x0, 0x4, 0xdf, 0xff, 0xff, 0xff,
    0xff, 0xfe, 0x70, 0x0, 0x0, 0x0, 0x0, 0x0,
    0x0, 0x0, 0x0, 0x38, 0xbe, 0xff, 0xec, 0x94,
    0x0, 0x0, 0x0, 0x0, 0x0,

    /* U+0031 "1" */
    0x9f, 0xff, 0xff, 0xff, 0xff, 0xff, 0xfb, 0x9f,
    0xff, 0xff, 0xff, 0xff, 0xff, 0xfb, 0x9f, 0xff,
    0xff, 0xff, 0xff, 0xff, 0xfb, 0x9f, 0xff, 0xff,
    0xff, 0xff, 0xff, 0xfb, 0x9f, 0xff, 0xff, 0xff,
    0xff, 0xff, 0xfb, 0x24, 0x44, 0x44, 0x4a, 0xff,
    0xff, 0xfb, 0x0, 0x0, 0x0, 0x8, 0xff, 0xff,
    0xfb, 0x0, 0x0, 0x0, 0x8, 0xff, 0xff, 0xfb,
    0x0, 0x0, 0x0, 0x8, 0xff, 0xff, 0xfb, 0x0,
    0x0, 0x0, 0x8, 0xff, 0xff, 0xfb, 0x0, 0x0,
    0x0, 0x8, 0xff, 0xff, 0xfb, 0x0, 0x0, 0x0,
    0x8, 0xff, 0xff, 0xfb, 0x0, 0x0, 0x0, 0x8,
    0xff, 0xff, 0xfb, 0x0, 0x0, 0x0, 0x8, 0xff,
    0xff, 0xfb, 0x0, 0x0, 0x0, 0x8, 0xff, 0xff,
    0xfb, 0x0, 0x0, 0x0, 0x8, 0xff, 0xff, 0xfb,
    0x0, 0x0, 0x0, 0x8, 0xff, 0xff, 0xfb, 0x0,
    0x0, 0x0, 0x8, 0xff, 0xff, 0xfb, 0x0, 0x0,
    0x0, 0x8, 0xff, 0xff, 0xfb, 0x0, 0x0, 0x0,
    0x8, 0xff, 0xff, 0xfb, 0x0, 0x0, 0x0, 0x8,
    0xff, 0xff, 0xfb, 0x0, 0x0, 0x0, 0x8, 0xff,
    0xff, 0xfb, 0x0, 0x0, 0x0, 0x8, 0xff, 0xff,
    0xfb, 0x0, 0x0, 0x0, 0x8, 0xff, 0xff, 0xfb,
    0x0, 0x0, 0x0, 0x8, 0xff, 0xff, 0xfb, 0x0,
    0x0, 0x0, 0x8, 0xff, 0xff, 0xfb, 0x0, 0x0,
    0x0, 0x8, 0xff, 0xff, 0xfb, 0x0, 0x0, 0x0,
    0x8, 0xff, 0xff, 0xfb, 0x0, 0x0, 0x0, 0x8,
    0xff, 0xff, 0xfb, 0x0, 0x0, 0x0, 0x8, 0xff,
    0xff, 0xfb, 0x0, 0x0, 0x0, 0x8, 0xff, 0xff,
    0xfb, 0x0, 0x0, 0x0, 0x8, 0xff, 0xff, 0xfb,
    0x0, 0x0, 0x0, 0x8, 0xff, 0xff, 0xfb, 0x0,
    0x0, 0x0, 0x8, 0xff, 0xff, 0xfb,

    /* U+0032 "2" */
    0x0, 0x0, 0x0, 0x2, 0x7a, 0xce, 0xff, 0xfd,
    0xb7, 0x20, 0x0, 0x0, 0x0, 0x0, 0x0, 0x0,
    0x6d, 0xff, 0xff, 0xff, 0xff, 0xff, 0xff, 0xc4,
    0x0, 0x0, 0x0, 0x0, 0x4, 0xef, 0xff, 0xff,
    0xff, 0xff, 0xff, 0xff, 0xff, 0xfa, 0x0, 0x0,
    0x0, 0x9, 0xff, 0xff, 0xff, 0xff, 0xff, 0xff,
    0xff, 0xff, 0xff, 0xfc, 0x0, 0x0, 0xa, 0xff,
    0xff, 0xff, 0xff, 0xff, 0xff, 0xff, 0xff, 0xff,
    0xff, 0xfa, 0x0, 0x5, 0xff, 0xff, 0xff, 0xff,
    0xea, 0x87, 0x79, 0xdf, 0xff, 0xff, 0xff, 0xf3,
    0x0, 0x6, 0xff, 0xff, 0xfa, 0x20, 0x0, 0x0,
    0x0, 0x3d, 0xff, 0xff, 0xff, 0xa0, 0x0, 0x3,
    0xef, 0xf4, 0x0, 0x0, 0x0, 0x0, 0x0, 0x1e,
    0xff, 0xff, 0xfe, 0x0, 0x0, 0x1, 0xa3, 0x0,
    0x0, 0x0, 0x0, 0x0, 0x0, 0x7f, 0xff, 0xff,
    0xf1, 0x0, 0x0, 0x0, 0x0, 0x0, 0x0, 0x0,
    0x0, 0x0, 0x3, 0xff, 0xff, 0xff, 0x20, 0x0,
    0x0, 0x0, 0x0, 0x0, 0x0, 0x0, 0x0, 0x0,
    0x2f, 0xff, 0xff, 0xf1, 0x0, 0x0, 0x0, 0x0,
    0x0, 0x0, 0x0, 0x0, 0x0, 0x4, 0xff, 0xff,
    0xff, 0x0, 0x0, 0x0, 0x0, 0x0, 0x0, 0x0,
    0x0, 0x0, 0x0, 0x9f, 0xff, 0xff, 0xc0, 0x0,
    0x0, 0x0, 0x0, 0x0, 0x0, 0x0, 0x0, 0x0,
    0xe, 0xff, 0xff, 0xf7, 0x0, 0x0, 0x0, 0x0,
    0x0, 0x0, 0x0, 0x0, 0x0, 0x9, 0xff, 0xff,
    0xff, 0x10, 0x0, 0x0, 0x0, 0x0, 0x0, 0x0,
    0x0, 0x0, 0x6, 0xff, 0xff, 0xff, 0x80, 0x0,
    0x0, 0x0, 0x0, 0x0, 0x0, 0x0, 0x0, 0x4,
    0xff, 0xff, 0xff, 0xd0, 0x0, 0x0, 0x0, 0x0,
    0x0, 0x0, 0x0, 0x0, 0x5, 0xff, 0xff, 0xff,
    0xf2, 0x0, 0x0, 0x0, 0x0, 0x0, 0x0, 0x0,
    0x0, 0x5, 0xff, 0xff, 0xff, 0xf4, 0x0, 0x0,
    0x0, 0x0, 0x0, 0x0, 0x0, 0x0, 0x6, 0xff,
    0xff, 0xff, 0xf5, 0x0, 0x0, 0x0, 0x0, 0x0,
    0x0, 0x0, 0x0, 0x7, 0xff, 0xff, 0xff, 0xf4,
    0x0, 0x0, 0x0, 0x0, 0x0, 0x0, 0x0, 0x0,
    0x8, 0xff, 0xff, 0xff, 0xf4, 0x0, 0x0, 0x0,
    0x0, 0x0, 0x0, 0x0, 0x0, 0x9, 0xff, 0xff,
    0xff, 0xe3, 0x0, 0x0, 0x0, 0x0, 0x0, 0x0,
    0x0, 0x0, 0xa, 0xff, 0xff, 0xff, 0xe2, 0x0,
    0x0, 0x0, 0x0, 0x0, 0x0, 0x0, 0x0, 0xa,
    0xff, 0xff, 0xff, 0xe2, 0x0, 0x0, 0x0, 0x0,
    0x0, 0x0, 0x0, 0x0, 0xb, 0xff, 0xff, 0xff,
    0xd1, 0x0, 0x0, 0x0, 0x0, 0x0, 0x0, 0x0,
    0x0, 0xc, 0xff, 0xff, 0xff, 0xc1, 0x0, 0x0,
    0x0, 0x0, 0x0, 0x0, 0x0, 0x0, 0x1c, 0xff,
    0xff, 0xff, 0xc1, 0x0, 0x0, 0x0, 0x0, 0x0,
    0x0, 0x0, 0x0, 0x1d, 0xff, 0xff, 0xff, 0xe5,
    0x44, 0x44, 0x44, 0x44, 0x44, 0x44, 0x44, 0x20,
    0x1d, 0xff, 0xff, 0xff, 0xff, 0xff, 0xff, 0xff,
    0xff, 0xff, 0xff, 0xff, 0xf7, 0x5, 0xff, 0xff,
    0xff, 0xff, 0xff, 0xff, 0xff, 0xff, 0xff, 0xff,
    0xff, 0xff, 0x70, 0x5f, 0xff, 0xff, 0xff, 0xff,
    0xff, 0xff, 0xff, 0xff, 0xff, 0xff, 0xff, 0xf7,
    0x5, 0xff, 0xff, 0xff, 0xff, 0xff, 0xff, 0xff,
    0xff, 0xff, 0xff, 0xff, 0xff, 0x70, 0x5f, 0xff,
    0xff, 0xff, 0xff, 0xff, 0xff, 0xff, 0xff, 0xff,
    0xff, 0xff, 0xf7,

    /* U+0033 "3" */
    0x5, 0xff, 0xff, 0xff, 0xff, 0xff, 0xff, 0xff,
    0xff, 0xff, 0xff, 0xff, 0x90, 0x5, 0xff, 0xff,
    0xff, 0xff, 0xff, 0xff, 0xff, 0xff, 0xff, 0xff,
    0xff, 0x90, 0x5, 0xff, 0xff, 0xff, 0xff, 0xff,
    0xff, 0xff, 0xff, 0xff, 0xff, 0xff, 0x90, 0x5,
    0xff, 0xff, 0xff, 0xff, 0xff, 0xff, 0xff, 0xff,
    0xff, 0xff, 0xff, 0x90, 0x5, 0xff, 0xff, 0xff,
    0xff, 0xff, 0xff, 0xff, 0xff, 0xff, 0xff, 0xff,
    0x40, 0x1, 0x44, 0x44, 0x44, 0x44, 0x44, 0x44,
    0x44, 0x9f, 0xff, 0xff, 0xf7, 0x0, 0x0, 0x0,
    0x0, 0x0, 0x0, 0x0, 0x0, 0x3, 0xff, 0xff,
    0xff, 0x90, 0x0, 0x0, 0x0, 0x0, 0x0, 0x0,
    0x0, 0x0, 0x1e, 0xff, 0xff, 0xfc, 0x0, 0x0,
    0x0, 0x0, 0x0, 0x0, 0x0, 0x0, 0x0, 0xcf,
    0xff, 0xff, 0xd1, 0x0, 0x0, 0x0, 0x0, 0x0,
    0x0, 0x0, 0x0, 0xa, 0xff, 0xff, 0xfe, 0x20,
    0x0, 0x0, 0x0, 0x0, 0x0, 0x0, 0x0, 0x0,
    0x8f, 0xff, 0xff, 0xf4, 0x0, 0x0, 0x0, 0x0,
    0x0, 0x0, 0x0, 0x0, 0x5, 0xff, 0xff, 0xff,
    0x60, 0x0, 0x0, 0x0, 0x0, 0x0, 0x0, 0x0,
    0x0, 0x3f, 0xff, 0xff, 0xf8, 0x0, 0x0, 0x0,
    0x0, 0x0, 0x0, 0x0, 0x0, 0x1, 0xef, 0xff,
    0xff, 0xc0, 0x0, 0x0, 0x0, 0x0, 0x0, 0x0,
    0x0, 0x0, 0xa, 0xff, 0xff, 0xff, 0xff, 0xb6,
    0x10, 0x0, 0x0, 0x0, 0x0, 0x0, 0x0, 0xb,
    0xff, 0xff, 0xff, 0xff, 0xff, 0xf8, 0x0, 0x0,
    0x0, 0x0, 0x0, 0x0, 0xb, 0xff, 0xff, 0xff,
    0xff, 0xff, 0xff, 0xc1, 0x0, 0x0, 0x0, 0x0,
    0x0, 0xb, 0xff, 0xff, 0xff, 0xff, 0xff, 0xff,
    0xfd, 0x0, 0x0, 0x0, 0x0, 0x0, 0x5, 0x88,
    0x89, 0xad, 0xff, 0xff, 0xff, 0xff, 0x90, 0x0,
    0x0, 0x0, 0x0, 0x0, 0x0, 0x0, 0x0, 0x2a,
    0xff, 0xff, 0xff, 0xf2, 0x0, 0x0, 0x0, 0x0,
    0x0, 0x0, 0x0, 0x0, 0x0, 0x7f, 0xff, 0xff,
    0xf8, 0x0, 0x0, 0x0, 0x0, 0x0, 0x0, 0x0,
    0x0, 0x0, 0xc, 0xff, 0xff, 0xfc, 0x0, 0x0,
    0x0, 0x0, 0x0, 0x0, 0x0, 0x0, 0x0, 0x7,
    0xff, 0xff, 0xfe, 0x0, 0x0, 0x0, 0x0, 0x0,
    0x0, 0x0, 0x0, 0x0, 0x5, 0xff, 0xff, 0xff,
    0x0, 0x0, 0x0, 0x0, 0x0, 0x0, 0x0, 0x0,
    0x0, 0x7, 0xff, 0xff, 0xfe, 0x0, 0x53, 0x0,
    0x0, 0x0, 0x0, 0x0, 0x0, 0x0, 0xc, 0xff,
    0xff, 0xfb, 0x0, 0xef, 0x81, 0x0, 0x0, 0x0,
    0x0, 0x0, 0x0, 0x7f, 0xff, 0xff, 0xf7, 0x8,
    0xff, 0xff, 0x93, 0x0, 0x0, 0x0, 0x0, 0x19,
    0xff, 0xff, 0xff, 0xf2, 0x1f, 0xff, 0xff, 0xff,
    0xfb, 0x98, 0x77, 0x9c, 0xff, 0xff, 0xff, 0xff,
    0x90, 0x9f, 0xff, 0xff, 0xff, 0xff, 0xff, 0xff,
    0xff, 0xff, 0xff, 0xff, 0xfe, 0x10, 0x6f, 0xff,
    0xff, 0xff, 0xff, 0xff, 0xff, 0xff, 0xff, 0xff,
    0xff, 0xe2, 0x0, 0x2, 0xbf, 0xff, 0xff, 0xff,
    0xff, 0xff, 0xff, 0xff, 0xff, 0xfb, 0x10, 0x0,
    0x0, 0x2, 0x9e, 0xff, 0xff, 0xff, 0xff, 0xff,
    0xff, 0xfc, 0x50, 0x0, 0x0, 0x0, 0x0, 0x0,
    0x26, 0x9c, 0xde, 0xff, 0xed, 0xa7, 0x30, 0x0,
    0x0, 0x0,

    /* U+0034 "4" */
    0x0, 0x0, 0x0, 0x0, 0x0, 0x0, 0x0, 0x0,
    0x3f, 0xff, 0xff, 0xf7, 0x0, 0x0, 0x0, 0x0,
    0x0, 0x0, 0x0, 0x0, 0x0, 0x0, 0x0, 0x1,
    0xef, 0xff, 0xff, 0xb0, 0x0, 0x0, 0x0, 0x0,
    0x0, 0x0, 0x0, 0x0, 0x0, 0x0, 0x0, 0xb,
    0xff, 0xff, 0xfe, 0x10, 0x0, 0x0, 0x0, 0x0,
    0x0, 0x0, 0x0, 0x0, 0x0, 0x0, 0x0, 0x7f,
    0xff, 0xff, 0xf4, 0x0, 0x0, 0x0, 0x0, 0x0,
    0x0, 0x0, 0x0, 0x0, 0x0, 0x0, 0x3, 0xff,
    0xff, 0xff, 0x80, 0x0, 0x0, 0x0, 0x0, 0x0,
    0x0, 0x0, 0x0, 0x0, 0x0, 0x0, 0x1e, 0xff,
    0xff, 0xfc, 0x0, 0x0, 0x0, 0x0, 0x0, 0x0,
    0x0, 0x0, 0x0, 0x0, 0x0, 0x0, 0xbf, 0xff,
    0xff, 0xe1, 0x0, 0x0, 0x0, 0x0, 0x0, 0x0,
    0x0, 0x0, 0x0, 0x0, 0x0, 0x7, 0xff, 0xff,
    0xff, 0x40, 0x0, 0x0, 0x0, 0x0, 0x0, 0x0,
    0x0, 0x0, 0x0, 0x0, 0x0, 0x3f, 0xff, 0xff,
    0xf8, 0x0, 0x0, 0x0, 0x0, 0x0, 0x0, 0x0,
    0x0, 0x0, 0x0, 0x0, 0x1, 0xef, 0xff, 0xff,
    0xc0, 0x0, 0x0, 0x0, 0x0, 0x0, 0x0, 0x0,
    0x0, 0x0, 0x0, 0x0, 0xb, 0xff, 0xff, 0xfe,
    0x20, 0x0, 0x0, 0x0, 0x0, 0x0, 0x0, 0x0,
    0x0, 0x0, 0x0, 0x0, 0x7f, 0xff, 0xff, 0xf5,
    0x0, 0x0, 0x0, 0x0, 0x0, 0x0, 0x0, 0x0,
    0x0, 0x0, 0x0, 0x4, 0xff, 0xff, 0xff, 0x90,
    0x0, 0x0, 0x0, 0x0, 0x0, 0x0, 0x0, 0x0,
    0x0, 0x0, 0x0, 0x1e, 0xff, 0xff, 0xfc, 0x0,
    0x0, 0x0, 0x0, 0x0, 0x0, 0x0, 0x0, 0x0,
    0x0, 0x0, 0x0, 0xbf, 0xff, 0xff, 0xf2, 0x0,
    0x0, 0xa, 0xdd, 0xdd, 0xd1, 0x0, 0x0, 0x0,
    0x0, 0x0, 0x8, 0xff, 0xff, 0xff, 0x50, 0x0,
    0x0, 0xc, 0xff, 0xff, 0xf1, 0x0, 0x0, 0x0,
    0x0, 0x0, 0x4f, 0xff, 0xff, 0xf9, 0x0, 0x0,
    0x0, 0xc, 0xff, 0xff, 0xf1, 0x0, 0x0, 0x0,
    0x0, 0x1, 0xef, 0xff, 0xff, 0xd0, 0x0, 0x0,
    0x0, 0xc, 0xff, 0xff, 0xf1, 0x0, 0x0, 0x0,
    0x0, 0xb, 0xff, 0xff, 0xff, 0x20, 0x0, 0x0,
    0x0, 0xc, 0xff, 0xff, 0xf1, 0x0, 0x0, 0x0,
    0x0, 0x8f, 0xff, 0xff, 0xf6, 0x0, 0x0, 0x0,
    0x0, 0xc, 0xff, 0xff, 0xf1, 0x0, 0x0, 0x0,
    0x4, 0xff, 0xff, 0xff, 0xa0, 0x0, 0x0, 0x0,
    0x0, 0xc, 0xff, 0xff, 0xf1, 0x0, 0x0, 0x0,
    0x1e, 0xff, 0xff, 0xff, 0xff, 0xff, 0xff, 0xff,
    0xff, 0xff, 0xff, 0xff, 0xff, 0xff, 0xff, 0xf1,
    0x6f, 0xff, 0xff, 0xff, 0xff, 0xff, 0xff, 0xff,
    0xff, 0xff, 0xff, 0xff, 0xff, 0xff, 0xff, 0xf1,
    0x6f, 0xff, 0xff, 0xff, 0xff, 0xff, 0xff, 0xff,
    0xff, 0xff, 0xff, 0xff, 0xff, 0xff, 0xff, 0xf1,
    0x6f, 0xff, 0xff, 0xff, 0xff, 0xff, 0xff, 0xff,
    0xff, 0xff, 0xff, 0xff, 0xff, 0xff, 0xff, 0xf1,
    0x6f, 0xff, 0xff, 0xff, 0xff, 0xff, 0xff, 0xff,
    0xff, 0xff, 0xff, 0xff, 0xff, 0xff, 0xff, 0xf1,
    0x14, 0x44, 0x44, 0x44, 0x44, 0x44, 0x44, 0x44,
    0x44, 0x4f, 0xff, 0xff, 0xf5, 0x44, 0x44, 0x40,
    0x0, 0x0, 0x0, 0x0, 0x0, 0x0, 0x0, 0x0,
    0x0, 0xf, 0xff, 0xff, 0xf1, 0x0, 0x0, 0x0,
    0x0, 0x0, 0x0, 0x0, 0x0, 0x0, 0x0, 0x0,
    0x0, 0xf, 0xff, 0xff, 0xf1, 0x0, 0x0, 0x0,
    0x0, 0x0, 0x0, 0x0, 0x0, 0x0, 0x0, 0x0,
    0x0, 0xf, 0xff, 0xff, 0xf1, 0x0, 0x0, 0x0,
    0x0, 0x0, 0x0, 0x0, 0x0, 0x0, 0x0, 0x0,
    0x0, 0xf, 0xff, 0xff, 0xf1, 0x0, 0x0, 0x0,
    0x0, 0x0, 0x0, 0x0, 0x0, 0x0, 0x0, 0x0,
    0x0, 0xf, 0xff, 0xff, 0xf1, 0x0, 0x0, 0x0,
    0x0, 0x0, 0x0, 0x0, 0x0, 0x0, 0x0, 0x0,
    0x0, 0xf, 0xff, 0xff, 0xf1, 0x0, 0x0, 0x0,
    0x0, 0x0, 0x0, 0x0, 0x0, 0x0, 0x0, 0x0,
    0x0, 0xf, 0xff, 0xff, 0xf1, 0x0, 0x0, 0x0,

    /* U+0035 "5" */
    0x0, 0x0, 0x3f, 0xff, 0xff, 0xff, 0xff, 0xff,
    0xff, 0xff, 0xff, 0xff, 0x90, 0x0, 0x0, 0x4,
    0xff, 0xff, 0xff, 0xff, 0xff, 0xff, 0xff, 0xff,
    0xff, 0xf9, 0x0, 0x0, 0x0, 0x6f, 0xff, 0xff,
    0xff, 0xff, 0xff, 0xff, 0xff, 0xff, 0xff, 0x90,
    0x0, 0x0, 0x7, 0xff, 0xff, 0xff, 0xff, 0xff,
    0xff, 0xff, 0xff, 0xff, 0xf9, 0x0, 0x0, 0x0,
    0x9f, 0xff, 0xff, 0xff, 0xff, 0xff, 0xff, 0xff,
    0xff, 0xff, 0x90, 0x0, 0x0, 0xa, 0xff, 0xff,
    0xf5, 0x44, 0x44, 0x44, 0x44, 0x44, 0x44, 0x42,
    0x0, 0x0, 0x0, 0xcf, 0xff, 0xff, 0x0, 0x0,
    0x0, 0x0, 0x0, 0x0, 0x0, 0x0, 0x0, 0x0,
    0xd, 0xff, 0xff, 0xe0, 0x0, 0x0, 0x0, 0x0,
    0x0, 0x0, 0x0, 0x0, 0x0, 0x0, 0xff, 0xff,
    0xfd, 0x0, 0x0, 0x0, 0x0, 0x0, 0x0, 0x0,
    0x0, 0x0, 0x0, 0xf, 0xff, 0xff, 0xb0, 0x0,
    0x0, 0x0, 0x0, 0x0, 0x0, 0x0, 0x0, 0x0,
    0x2, 0xff, 0xff, 0xfa, 0x0, 0x0, 0x0, 0x0,
    0x0, 0x0, 0x0, 0x0, 0x0, 0x0, 0x3f, 0xff,
    0xff, 0x80, 0x0, 0x0, 0x0, 0x0, 0x0, 0x0,
    0x0, 0x0, 0x0, 0x5, 0xff, 0xff, 0xf7, 0x0,
    0x0, 0x0, 0x0, 0x0, 0x0, 0x0, 0x0, 0x0,
    0x0, 0x6f, 0xff, 0xff, 0xff, 0xff, 0xfe, 0xdb,
    0x95, 0x10, 0x0, 0x0, 0x0, 0x0, 0x8, 0xff,
    0xff, 0xff, 0xff, 0xff, 0xff, 0xff, 0xff, 0xb3,
    0x0, 0x0, 0x0, 0x0, 0x9f, 0xff, 0xff, 0xff,
    0xff, 0xff, 0xff, 0xff, 0xff, 0xfa, 0x10, 0x0,
    0x0, 0xb, 0xff, 0xff, 0xff, 0xff, 0xff, 0xff,
    0xff, 0xff, 0xff, 0xfd, 0x10, 0x0, 0x0, 0xcf,
    0xff, 0xff, 0xff, 0xff, 0xff, 0xff, 0xff, 0xff,
    0xff, 0xfc, 0x0, 0x0, 0x4, 0x44, 0x44, 0x44,
    0x44, 0x56, 0x7a, 0xef, 0xff, 0xff, 0xff, 0xf6,
    0x0, 0x0, 0x0, 0x0, 0x0, 0x0, 0x0, 0x0,
    0x0, 0x4c, 0xff, 0xff, 0xff, 0xd0, 0x0, 0x0,
    0x0, 0x0, 0x0, 0x0, 0x0, 0x0, 0x0, 0xb,
    0xff, 0xff, 0xff, 0x30, 0x0, 0x0, 0x0, 0x0,
    0x0, 0x0, 0x0, 0x0, 0x0, 0x3f, 0xff, 0xff,
    0xf6, 0x0, 0x0, 0x0, 0x0, 0x0, 0x0, 0x0,
    0x0, 0x0, 0x0, 0xef, 0xff, 0xff, 0x80, 0x0,
    0x0, 0x0, 0x0, 0x0, 0x0, 0x0, 0x0, 0x0,
    0xc, 0xff, 0xff, 0xf8, 0x0, 0x0, 0x0, 0x0,
    0x0, 0x0, 0x0, 0x0, 0x0, 0x0, 0xef, 0xff,
    0xff, 0x70, 0x0, 0x70, 0x0, 0x0, 0x0, 0x0,
    0x0, 0x0, 0x0, 0x3f, 0xff, 0xff, 0xf4, 0x0,
    0x6f, 0xd4, 0x0, 0x0, 0x0, 0x0, 0x0, 0x0,
    0x1d, 0xff, 0xff, 0xff, 0x0, 0xe, 0xff, 0xfd,
    0x61, 0x0, 0x0, 0x0, 0x0, 0x4d, 0xff, 0xff,
    0xff, 0xa0, 0x7, 0xff, 0xff, 0xff, 0xfd, 0xa9,
    0x77, 0x8a, 0xef, 0xff, 0xff, 0xff, 0xf2, 0x1,
    0xff, 0xff, 0xff, 0xff, 0xff, 0xff, 0xff, 0xff,
    0xff, 0xff, 0xff, 0xf7, 0x0, 0x1b, 0xff, 0xff,
    0xff, 0xff, 0xff, 0xff, 0xff, 0xff, 0xff, 0xff,
    0xf9, 0x0, 0x0, 0x6, 0xef, 0xff, 0xff, 0xff,
    0xff, 0xff, 0xff, 0xff, 0xff, 0xf6, 0x0, 0x0,
    0x0, 0x0, 0x5b, 0xff, 0xff, 0xff, 0xff, 0xff,
    0xff, 0xff, 0x91, 0x0, 0x0, 0x0, 0x0, 0x0,
    0x0, 0x47, 0xbc, 0xef, 0xff, 0xec, 0x95, 0x10,
    0x0, 0x0, 0x0,

    /* U+0036 "6" */
    0x0, 0x0, 0x0, 0x0, 0x0, 0x5, 0x9b, 0xef,
    0xff, 0xec, 0x96, 0x20, 0x0, 0x0, 0x0, 0x0,
    0x0, 0x3, 0xaf, 0xff, 0xff, 0xff, 0xff, 0xff,
    0xff, 0xc4, 0x0, 0x0, 0x0, 0x0, 0x1a, 0xff,
    0xff, 0xff, 0xff, 0xff, 0xff, 0xff, 0xff, 0xf3,
    0x0, 0x0, 0x0, 0x3e, 0xff, 0xff, 0xff, 0xff,
    0xff, 0xff, 0xff, 0xff, 0xfb, 0x0, 0x0, 0x0,
    0x4f, 0xff, 0xff, 0xff, 0xff, 0xff, 0xff, 0xff,
    0xff, 0xff, 0x40, 0x0, 0x0, 0x2f, 0xff, 0xff,
    0xff, 0xfe, 0xa7, 0x54, 0x45, 0x8b, 0xff, 0xc0,
    0x0, 0x0, 0xd, 0xff, 0xff, 0xff, 0xe6, 0x0,
    0x0, 0x0, 0x0, 0x0, 0x73, 0x0, 0x0, 0x8,
    0xff, 0xff, 0xff, 0xc1, 0x0, 0x0, 0x0, 0x0,
    0x0, 0x0, 0x0, 0x0, 0x1, 0xff, 0xff, 0xff,
    0xd0, 0x0, 0x0, 0x0, 0x0, 0x0, 0x0, 0x0,
    0x0, 0x0, 0x7f, 0xff, 0xff, 0xf2, 0x0, 0x0,
    0x0, 0x0, 0x0, 0x0, 0x0, 0x0, 0x0, 0xd,
    0xff, 0xff, 0xf9, 0x0, 0x0, 0x0, 0x0, 0x0,
    0x0, 0x0, 0x0, 0x0, 0x2, 0xff, 0xff, 0xff,
    0x20, 0x0, 0x0, 0x0, 0x0, 0x0, 0x0, 0x0,
    0x0, 0x0, 0x6f, 0xff, 0xff, 0xe0, 0x0, 0x0,
    0x0, 0x0, 0x0, 0x0, 0x0, 0x0, 0x0, 0x8,
    0xff, 0xff, 0xfa, 0x0, 0x2, 0x7b, 0xde, 0xff,
    0xda, 0x61, 0x0, 0x0, 0x0, 0xbf, 0xff, 0xff,
    0x80, 0x3b, 0xff, 0xff, 0xff, 0xff, 0xff, 0xf9,
    0x10, 0x0, 0xc, 0xff, 0xff, 0xf7, 0x7f, 0xff,
    0xff, 0xff, 0xff, 0xff, 0xff, 0xff, 0x50, 0x0,
    0xdf, 0xff, 0xff, 0xdf, 0xff, 0xff, 0xff, 0xff,
    0xff, 0xff, 0xff, 0xff, 0x50, 0xe, 0xff, 0xff,
    0xff, 0xff, 0xff, 0xff, 0xfe, 0xff, 0xff, 0xff,
    0xff, 0xff, 0x30, 0xdf, 0xff, 0xff, 0xff, 0xff,
    0xb5, 0x10, 0x0, 0x38, 0xef, 0xff, 0xff, 0xfc,
    0xc, 0xff, 0xff, 0xff, 0xff, 0x50, 0x0, 0x0,
    0x0, 0x1, 0xcf, 0xff, 0xff, 0xf4, 0xbf, 0xff,
    0xff, 0xff, 0x50, 0x0, 0x0, 0x0, 0x0, 0x1,
    0xef, 0xff, 0xff, 0x99, 0xff, 0xff, 0xff, 0xc0,
    0x0, 0x0, 0x0, 0x0, 0x0, 0x7, 0xff, 0xff,
    0xfc, 0x6f, 0xff, 0xff, 0xf7, 0x0, 0x0, 0x0,
    0x0, 0x0, 0x0, 0x3f, 0xff, 0xff, 0xe2, 0xff,
    0xff, 0xff, 0x60, 0x0, 0x0, 0x0, 0x0, 0x0,
    0x2, 0xff, 0xff, 0xfe, 0xe, 0xff, 0xff, 0xf7,
    0x0, 0x0, 0x0, 0x0, 0x0, 0x0, 0x3f, 0xff,
    0xff, 0xd0, 0x8f, 0xff, 0xff, 0xc0, 0x0, 0x0,
    0x0, 0x0, 0x0, 0x7, 0xff, 0xff, 0xfb, 0x2,
    0xff, 0xff, 0xff, 0x50, 0x0, 0x0, 0x0, 0x0,
    0x1, 0xef, 0xff, 0xff, 0x70, 0xa, 0xff, 0xff,
    0xff, 0x40, 0x0, 0x0, 0x0, 0x1, 0xcf, 0xff,
    0xff, 0xf1, 0x0, 0x1e, 0xff, 0xff, 0xff, 0xa4,
    0x10, 0x0, 0x28, 0xef, 0xff, 0xff, 0xf8, 0x0,
    0x0, 0x4f, 0xff, 0xff, 0xff, 0xff, 0xfe, 0xff,
    0xff, 0xff, 0xff, 0xfc, 0x0, 0x0, 0x0, 0x5f,
    0xff, 0xff, 0xff, 0xff, 0xff, 0xff, 0xff, 0xff,
    0xfd, 0x10, 0x0, 0x0, 0x0, 0x3d, 0xff, 0xff,
    0xff, 0xff, 0xff, 0xff, 0xff, 0xfa, 0x10, 0x0,
    0x0, 0x0, 0x0, 0x7, 0xef, 0xff, 0xff, 0xff,
    0xff, 0xff, 0xc4, 0x0, 0x0, 0x0, 0x0, 0x0,
    0x0, 0x0, 0x48, 0xbe, 0xff, 0xfe, 0xb8, 0x30,
    0x0, 0x0, 0x0,

    /* U+0037 "7" */
    0xaf, 0xff, 0xff, 0xff, 0xff, 0xff, 0xff, 0xff,
    0xff, 0xff, 0xff, 0xff, 0xff, 0x7a, 0xff, 0xff,
    0xff, 0xff, 0xff, 0xff, 0xff, 0xff, 0xff, 0xff,
    0xff, 0xff, 0xf7, 0xaf, 0xff, 0xff, 0xff, 0xff,
    0xff, 0xff, 0xff, 0xff, 0xff, 0xff, 0xff, 0xff,
    0x7a, 0xff, 0xff, 0xff, 0xff, 0xff, 0xff, 0xff,
    0xff, 0xff, 0xff, 0xff, 0xff, 0xf7, 0xaf, 0xff,
    0xff, 0xff, 0xff, 0xff, 0xff, 0xff, 0xff, 0xff,
    0xff, 0xff, 0xff, 0x4a, 0xff, 0xff, 0xf6, 0x44,
    0x44, 0x44, 0x44, 0x44, 0x44, 0xdf, 0xff, 0xff,
    0xd0, 0xaf, 0xff, 0xff, 0x20, 0x0, 0x0, 0x0,
    0x0, 0x0, 0x2f, 0xff, 0xff, 0xf7, 0xa, 0xff,
    0xff, 0xf2, 0x0, 0x0, 0x0, 0x0, 0x0, 0x9,
    0xff, 0xff, 0xff, 0x0, 0xaf, 0xff, 0xff, 0x20,
    0x0, 0x0, 0x0, 0x0, 0x0, 0xff, 0xff, 0xff,
    0x90, 0xa, 0xff, 0xff, 0xf2, 0x0, 0x0, 0x0,
    0x0, 0x0, 0x7f, 0xff, 0xff, 0xf2, 0x0, 0xaf,
    0xff, 0xff, 0x20, 0x0, 0x0, 0x0, 0x0, 0xe,
    0xff, 0xff, 0xfb, 0x0, 0x0, 0x11, 0x11, 0x10,
    0x0, 0x0, 0x0, 0x0, 0x5, 0xff, 0xff, 0xff,
    0x40, 0x0, 0x0, 0x0, 0x0, 0x0, 0x0, 0x0,
    0x0, 0x0, 0xcf, 0xff, 0xff, 0xd0, 0x0, 0x0,
    0x0, 0x0, 0x0, 0x0, 0x0, 0x0, 0x0, 0x3f,
    0xff, 0xff, 0xf6, 0x0, 0x0, 0x0, 0x0, 0x0,
    0x0, 0x0, 0x0, 0x0, 0xa, 0xff, 0xff, 0xfe,
    0x0, 0x0, 0x0, 0x0, 0x0, 0x0, 0x0, 0x0,
    0x0, 0x1, 0xff, 0xff, 0xff, 0x80, 0x0, 0x0,
    0x0, 0x0, 0x0, 0x0, 0x0, 0x0, 0x0, 0x8f,
    0xff, 0xff, 0xf1, 0x0, 0x0, 0x0, 0x0, 0x0,
    0x0, 0x0, 0x0, 0x0, 0xe, 0xff, 0xff, 0xfa,
    0x0, 0x0, 0x0, 0x0, 0x0, 0x0, 0x0, 0x0,
    0x0, 0x6, 0xff, 0xff, 0xff, 0x30, 0x0, 0x0,
    0x0, 0x0, 0x0, 0x0, 0x0, 0x0, 0x0, 0xdf,
    0xff, 0xff, 0xc0, 0x0, 0x0, 0x0, 0x0, 0x0,
    0x0, 0x0, 0x0, 0x0, 0x4f, 0xff, 0xff, 0xf5,
    0x0, 0x0, 0x0, 0x0, 0x0, 0x0, 0x0, 0x0,
    0x0, 0xb, 0xff, 0xff, 0xfd, 0x0, 0x0, 0x0,
    0x0, 0x0, 0x0, 0x0, 0x0, 0x0, 0x3, 0xff,
    0xff, 0xff, 0x70, 0x0, 0x0, 0x0, 0x0, 0x0,
    0x0, 0x0, 0x0, 0x0, 0xaf, 0xff, 0xff, 0xf0,
    0x0, 0x0, 0x0, 0x0, 0x0, 0x0, 0x0, 0x0,
    0x0, 0x1f, 0xff, 0xff, 0xf9, 0x0, 0x0, 0x0,
    0x0, 0x0, 0x0, 0x0, 0x0, 0x0, 0x8, 0xff,
    0xff, 0xff, 0x20, 0x0, 0x0, 0x0, 0x0, 0x0,
    0x0, 0x0, 0x0, 0x0, 0xef, 0xff, 0xff, 0xb0,
    0x0, 0x0, 0x0, 0x0, 0x0, 0x0, 0x0, 0x0,
    0x0, 0x6f, 0xff, 0xff, 0xf4, 0x0, 0x0, 0x0,
    0x0, 0x0, 0x0, 0x0, 0x0, 0x0, 0xd, 0xff,
    0xff, 0xfc, 0x0, 0x0, 0x0, 0x0, 0x0, 0x0,
    0x0, 0x0, 0x0, 0x4, 0xff, 0xff, 0xff, 0x60,
    0x0, 0x0, 0x0, 0x0, 0x0, 0x0, 0x0, 0x0,
    0x0, 0xbf, 0xff, 0xff, 0xe0, 0x0, 0x0, 0x0,
    0x0, 0x0, 0x0, 0x0, 0x0, 0x0, 0x2f, 0xff,
    0xff, 0xf8, 0x0, 0x0, 0x0, 0x0, 0x0, 0x0,
    0x0, 0x0, 0x0, 0x9, 0xff, 0xff, 0xff, 0x10,
    0x0, 0x0, 0x0, 0x0, 0x0, 0x0, 0x0, 0x0,
    0x1, 0xff, 0xff, 0xff, 0xa0, 0x0, 0x0, 0x0,
    0x0, 0x0, 0x0,

    /* U+0038 "8" */
    0x0, 0x0, 0x0, 0x0, 0x15, 0x9c, 0xef, 0xff,
    0xec, 0xa6, 0x20, 0x0, 0x0, 0x0, 0x0, 0x0,
    0x0, 0x2, 0xaf, 0xff, 0xff, 0xff, 0xff, 0xff,
    0xff, 0xc4, 0x0, 0x0, 0x0, 0x0, 0x0, 0x8,
    0xff, 0xff, 0xff, 0xff, 0xff, 0xff, 0xff, 0xff,
    0xfb, 0x10, 0x0, 0x0, 0x0, 0xa, 0xff, 0xff,
    0xff, 0xff, 0xff, 0xff, 0xff, 0xff, 0xff, 0xfd,
    0x10, 0x0, 0x0, 0x8, 0xff, 0xff, 0xff, 0xff,
    0xff, 0xef, 0xff, 0xff, 0xff, 0xff, 0xfc, 0x0,
    0x0, 0x2, 0xff, 0xff, 0xff, 0xfc, 0x51, 0x0,
    0x1, 0x4a, 0xff, 0xff, 0xff, 0xf6, 0x0, 0x0,
    0x8f, 0xff, 0xff, 0xf7, 0x0, 0x0, 0x0, 0x0,
    0x4, 0xff, 0xff, 0xff, 0xc0, 0x0, 0xc, 0xff,
    0xff, 0xfa, 0x0, 0x0, 0x0, 0x0, 0x0, 0x6,
    0xff, 0xff, 0xff, 0x0, 0x0, 0xdf, 0xff, 0xff,
    0x50, 0x0, 0x0, 0x0, 0x0, 0x0, 0xf, 0xff,
    0xff, 0xf2, 0x0, 0xd, 0xff, 0xff, 0xf4, 0x0,
    0x0, 0x0, 0x0, 0x0, 0x0, 0xff, 0xff, 0xff,
    0x20, 0x0, 0xbf, 0xff, 0xff, 0x80, 0x0, 0x0,
    0x0, 0x0, 0x0, 0x3f, 0xff, 0xff, 0xf0, 0x0,
    0x6, 0xff, 0xff, 0xff, 0x20, 0x0, 0x0, 0x0,
    0x0, 0xc, 0xff, 0xff, 0xfb, 0x0, 0x0, 0xe,
    0xff, 0xff, 0xfe, 0x60, 0x0, 0x0, 0x0, 0x4d,
    0xff, 0xff, 0xff, 0x30, 0x0, 0x0, 0x3f, 0xff,
    0xff, 0xff, 0xfb, 0x98, 0x8a, 0xef, 0xff, 0xff,
    0xff, 0x70, 0x0, 0x0, 0x0, 0x4e, 0xff, 0xff,
    0xff, 0xff, 0xff, 0xff, 0xff, 0xff, 0xff, 0x70,
    0x0, 0x0, 0x0, 0x0, 0x2f, 0xff, 0xff, 0xff,
    0xff, 0xff, 0xff, 0xff, 0xff, 0x50, 0x0, 0x0,
    0x0, 0x0, 0x6f, 0xff, 0xff, 0xff, 0xff, 0xff,
    0xff, 0xff, 0xff, 0xff, 0x80, 0x0, 0x0, 0x0,
    0x8f, 0xff, 0xff, 0xff, 0xff, 0xff, 0xff, 0xff,
    0xff, 0xff, 0xff, 0xc0, 0x0, 0x0, 0x6f, 0xff,
    0xff, 0xff, 0xc6, 0x21, 0x0, 0x25, 0xaf, 0xff,
    0xff, 0xff, 0xa0, 0x0, 0x1f, 0xff, 0xff, 0xfe,
    0x40, 0x0, 0x0, 0x0, 0x0, 0x2d, 0xff, 0xff,
    0xff, 0x50, 0x8, 0xff, 0xff, 0xff, 0x30, 0x0,
    0x0, 0x0, 0x0, 0x0, 0xd, 0xff, 0xff, 0xfc,
    0x0, 0xdf, 0xff, 0xff, 0x90, 0x0, 0x0, 0x0,
    0x0, 0x0, 0x0, 0x5f, 0xff, 0xff, 0xf1, 0xf,
    0xff, 0xff, 0xf5, 0x0, 0x0, 0x0, 0x0, 0x0,
    0x0, 0x0, 0xff, 0xff, 0xff, 0x40, 0xff, 0xff,
    0xff, 0x30, 0x0, 0x0, 0x0, 0x0, 0x0, 0x0,
    0xe, 0xff, 0xff, 0xf5, 0xf, 0xff, 0xff, 0xf4,
    0x0, 0x0, 0x0, 0x0, 0x0, 0x0, 0x0, 0xff,
    0xff, 0xff, 0x50, 0xef, 0xff, 0xff, 0x90, 0x0,
    0x0, 0x0, 0x0, 0x0, 0x0, 0x4f, 0xff, 0xff,
    0xf3, 0xb, 0xff, 0xff, 0xff, 0x20, 0x0, 0x0,
    0x0, 0x0, 0x0, 0xd, 0xff, 0xff, 0xff, 0x0,
    0x5f, 0xff, 0xff, 0xfe, 0x30, 0x0, 0x0, 0x0,
    0x0, 0x1b, 0xff, 0xff, 0xff, 0x90, 0x0, 0xdf,
    0xff, 0xff, 0xff, 0xa4, 0x10, 0x0, 0x3, 0x8f,
    0xff, 0xff, 0xff, 0xf2, 0x0, 0x3, 0xff, 0xff,
    0xff, 0xff, 0xff, 0xfe, 0xff, 0xff, 0xff, 0xff,
    0xff, 0xf6, 0x0, 0x0, 0x4, 0xff, 0xff, 0xff,
    0xff, 0xff, 0xff, 0xff, 0xff, 0xff, 0xff, 0xf7,
    0x0, 0x0, 0x0, 0x2, 0xcf, 0xff, 0xff, 0xff,
    0xff, 0xff, 0xff, 0xff, 0xff, 0xe5, 0x0, 0x0,
    0x0, 0x0, 0x0, 0x5c, 0xff, 0xff, 0xff, 0xff,
    0xff, 0xff, 0xfe, 0x70, 0x0, 0x0, 0x0, 0x0,
    0x0, 0x0, 0x2, 0x6a, 0xce, 0xff, 0xfe, 0xda,
    0x73, 0x0, 0x0, 0x0, 0x0,

    /* U+0039 "9" */
    0x0, 0x0, 0x0, 0x2, 0x7b, 0xdf, 0xff, 0xec,
    0x84, 0x0, 0x0, 0x0, 0x0, 0x0, 0x0, 0x0,
    0x4c, 0xff, 0xff, 0xff, 0xff, 0xff, 0xfe, 0x70,
    0x0, 0x0, 0x0, 0x0, 0x0, 0x9f, 0xff, 0xff,
    0xff, 0xff, 0xff, 0xff, 0xff, 0xe4, 0x0, 0x0,
    0x0, 0x1, 0xcf, 0xff, 0xff, 0xff, 0xff, 0xff,
    0xff, 0xff, 0xff, 0xf6, 0x0, 0x0, 0x0, 0xbf,
    0xff, 0xff, 0xff, 0xff, 0xff, 0xff, 0xff, 0xff,
    0xff, 0xf5, 0x0, 0x0, 0x7f, 0xff, 0xff, 0xff,
    0x93, 0x0, 0x1, 0x4a, 0xff, 0xff, 0xff, 0xe1,
    0x0, 0xf, 0xff, 0xff, 0xfd, 0x20, 0x0, 0x0,
    0x0, 0x3, 0xef, 0xff, 0xff, 0xb0, 0x5, 0xff,
    0xff, 0xff, 0x20, 0x0, 0x0, 0x0, 0x0, 0x3,
    0xff, 0xff, 0xff, 0x30, 0x9f, 0xff, 0xff, 0x80,
    0x0, 0x0, 0x0, 0x0, 0x0, 0xa, 0xff, 0xff,
    0xfa, 0xc, 0xff, 0xff, 0xf4, 0x0, 0x0, 0x0,
    0x0, 0x0, 0x0, 0x5f, 0xff, 0xff, 0xf0, 0xdf,
    0xff, 0xff, 0x30, 0x0, 0x0, 0x0, 0x0, 0x0,
    0x4, 0xff, 0xff, 0xff, 0x4c, 0xff, 0xff, 0xf4,
    0x0, 0x0, 0x0, 0x0, 0x0, 0x0, 0x6f, 0xff,
    0xff, 0xf7, 0xbf, 0xff, 0xff, 0x90, 0x0, 0x0,
    0x0, 0x0, 0x0, 0xb, 0xff, 0xff, 0xff, 0xb7,
    0xff, 0xff, 0xff, 0x20, 0x0, 0x0, 0x0, 0x0,
    0x5, 0xff, 0xff, 0xff, 0xfc, 0x2f, 0xff, 0xff,
    0xfe, 0x20, 0x0, 0x0, 0x0, 0x5, 0xff, 0xff,
    0xff, 0xff, 0xd0, 0xaf, 0xff, 0xff, 0xff, 0xa4,
    0x10, 0x2, 0x5c, 0xff, 0xff, 0xff, 0xff, 0xfe,
    0x1, 0xef, 0xff, 0xff, 0xff, 0xff, 0xff, 0xff,
    0xff, 0xff, 0xff, 0xff, 0xff, 0xf0, 0x3, 0xff,
    0xff, 0xff, 0xff, 0xff, 0xff, 0xff, 0xff, 0xfc,
    0xff, 0xff, 0xfe, 0x0, 0x3, 0xdf, 0xff, 0xff,
    0xff, 0xff, 0xff, 0xff, 0xf7, 0x5f, 0xff, 0xff,
    0xe0, 0x0, 0x0, 0x7e, 0xff, 0xff, 0xff, 0xff,
    0xff, 0xb2, 0x6, 0xff, 0xff, 0xfc, 0x0, 0x0,
    0x0, 0x4, 0x9b, 0xde, 0xdc, 0xa6, 0x10, 0x0,
    0x9f, 0xff, 0xff, 0xa0, 0x0, 0x0, 0x0, 0x0,
    0x0, 0x0, 0x0, 0x0, 0x0, 0xc, 0xff, 0xff,
    0xf7, 0x0, 0x0, 0x0, 0x0, 0x0, 0x0, 0x0,
    0x0, 0x0, 0x1, 0xff, 0xff, 0xff, 0x30, 0x0,
    0x0, 0x0, 0x0, 0x0, 0x0, 0x0, 0x0, 0x0,
    0x8f, 0xff, 0xff, 0xe0, 0x0, 0x0, 0x0, 0x0,
    0x0, 0x0, 0x0, 0x0, 0x0, 0x1e, 0xff, 0xff,
    0xf8, 0x0, 0x0, 0x0, 0x0, 0x0, 0x0, 0x0,
    0x0, 0x0, 0xc, 0xff, 0xff, 0xff, 0x20, 0x0,
    0x0, 0x0, 0x0, 0x0, 0x0, 0x0, 0x0, 0x1b,
    0xff, 0xff, 0xff, 0x90, 0x0, 0x0, 0x28, 0x10,
    0x0, 0x0, 0x0, 0x0, 0x6e, 0xff, 0xff, 0xff,
    0xe1, 0x0, 0x0, 0xa, 0xff, 0xb8, 0x54, 0x45,
    0x6a, 0xef, 0xff, 0xff, 0xff, 0xf3, 0x0, 0x0,
    0x2, 0xff, 0xff, 0xff, 0xff, 0xff, 0xff, 0xff,
    0xff, 0xff, 0xf5, 0x0, 0x0, 0x0, 0xaf, 0xff,
    0xff, 0xff, 0xff, 0xff, 0xff, 0xff, 0xff, 0xf4,
    0x0, 0x0, 0x0, 0x1f, 0xff, 0xff, 0xff, 0xff,
    0xff, 0xff, 0xff, 0xff, 0xb1, 0x0, 0x0, 0x0,
    0x0, 0x4c, 0xff, 0xff, 0xff, 0xff, 0xff, 0xff,
    0xfb, 0x30, 0x0, 0x0, 0x0, 0x0, 0x0, 0x1,
    0x69, 0xce, 0xff, 0xfe, 0xc9, 0x51, 0x0, 0x0,
    0x0, 0x0, 0x0,

    /* U+003A ":" */
    0x0, 0x3c, 0xfe, 0xa1, 0x0, 0x4f, 0xff, 0xff,
    0xe1, 0xc, 0xff, 0xff, 0xff, 0x80, 0xff, 0xff,
    0xff, 0xfc, 0xf, 0xff, 0xff, 0xff, 0xb0, 0xcf,
    0xff, 0xff, 0xf8, 0x4, 0xff, 0xff, 0xfd, 0x10,
    0x3, 0xcf, 0xea, 0x10, 0x0, 0x0, 0x0, 0x0,
    0x0, 0x0, 0x0, 0x0, 0x0, 0x0, 0x0, 0x0,
    0x0, 0x0, 0x0, 0x0, 0x0, 0x0, 0x0, 0x0,
    0x0, 0x0, 0x0, 0x0, 0x0, 0x0, 0x0, 0x0,
    0x0, 0x0, 0x0, 0x0, 0x0, 0x0, 0x0, 0x0,
    0x0, 0x0, 0x0, 0x0, 0x0, 0x0, 0x0, 0x0,
    0x0, 0x0, 0x3c, 0xfe, 0xa1, 0x0, 0x4f, 0xff,
    0xff, 0xe1, 0xc, 0xff, 0xff, 0xff, 0x80, 0xff,
    0xff, 0xff, 0xfc, 0xf, 0xff, 0xff, 0xff, 0xb0,
    0xcf, 0xff, 0xff, 0xf8, 0x4, 0xff, 0xff, 0xfd,
    0x10, 0x3, 0xcf, 0xea, 0x10,

    /* U+003B ";" */
    0x0, 0x3c, 0xfe, 0xa1, 0x0, 0x4f, 0xff, 0xff,
    0xe1, 0xc, 0xff, 0xff, 0xff, 0x80, 0xff, 0xff,
    0xff, 0xfc, 0xf, 0xff, 0xff, 0xff, 0xb0, 0xcf,
    0xff, 0xff, 0xf8, 0x4, 0xff, 0xff, 0xfd, 0x10,
    0x3, 0xcf, 0xea, 0x10, 0x0, 0x0, 0x0, 0x0,
    0x0, 0x0, 0x0, 0x0, 0x0, 0x0, 0x0, 0x0,
    0x0, 0x0, 0x0, 0x0, 0x0, 0x0, 0x0, 0x0,
    0x0, 0x0, 0x0, 0x0, 0x0, 0x0, 0x0, 0x0,
    0x0, 0x0, 0x0, 0x0, 0x0, 0x0, 0x0, 0x0,
    0x0, 0x0, 0x0, 0x0, 0x0, 0x0, 0x0, 0x0,
    0x0, 0x0, 0x2a, 0xed, 0x91, 0x0, 0x2f, 0xff,
    0xff, 0xd1, 0xb, 0xff, 0xff, 0xff, 0x80, 0xef,
    0xff, 0xff, 0xfb, 0xe, 0xff, 0xff, 0xff, 0xb0,
    0xbf, 0xff, 0xff, 0xf9, 0x3, 0xff, 0xff, 0xff,
    0x50, 0x2, 0xef, 0xff, 0xe0, 0x0, 0xf, 0xff,
    0xf9, 0x0, 0x3, 0xff, 0xff, 0x30, 0x0, 0x7f,
    0xff, 0xd0, 0x0, 0xb, 0xff, 0xf7, 0x0, 0x0,
    0xff, 0xff, 0x20, 0x0, 0x4f, 0xff, 0xc0, 0x0,
    0x8, 0xff, 0xf6, 0x0, 0x0,

    /* U+003C "<" */
    0x0, 0x0, 0x0, 0x0, 0x0, 0x0, 0x0, 0x0,
    0x0, 0x0, 0x0, 0x0, 0x0, 0x0, 0x0, 0x0,
    0x0, 0x0, 0x0, 0x0, 0x0, 0x6, 0xc3, 0x0,
    0x0, 0x0, 0x0, 0x0, 0x0, 0x0, 0x0, 0x3,
    0x9f, 0xff, 0x40, 0x0, 0x0, 0x0, 0x0, 0x0,
    0x0, 0x1, 0x6d, 0xff, 0xff, 0xf4, 0x0, 0x0,
    0x0, 0x0, 0x0, 0x0, 0x4a, 0xff, 0xff, 0xff,
    0xff, 0x40, 0x0, 0x0, 0x0, 0x0, 0x17, 0xdf,
    0xff, 0xff, 0xff, 0xff, 0xf3, 0x0, 0x0, 0x0,
    0x5, 0xbf, 0xff, 0xff, 0xff, 0xff, 0xfe, 0x93,
    0x0, 0x0, 0x2, 0x8e, 0xff, 0xff, 0xff, 0xff,
    0xff, 0xb5, 0x0, 0x0, 0x0, 0x6c, 0xff, 0xff,
    0xff, 0xff, 0xff, 0xd7, 0x10, 0x0, 0x0, 0x8,
    0xff, 0xff, 0xff, 0xff, 0xff, 0xf9, 0x30, 0x0,
    0x0, 0x0, 0x0, 0xef, 0xff, 0xff, 0xff, 0xfb,
    0x50, 0x0, 0x0, 0x0, 0x0, 0x0, 0xe, 0xff,
    0xff, 0xfd, 0x71, 0x0, 0x0, 0x0, 0x0, 0x0,
    0x0, 0x0, 0xef, 0xff, 0xff, 0x82, 0x0, 0x0,
    0x0, 0x0, 0x0, 0x0, 0x0, 0xe, 0xff, 0xff,
    0xff, 0xfc, 0x61, 0x0, 0x0, 0x0, 0x0, 0x0,
    0x0, 0xcf, 0xff, 0xff, 0xff, 0xff, 0xfa, 0x40,
    0x0, 0x0, 0x0, 0x0, 0x0, 0x4a, 0xff, 0xff,
    0xff, 0xff, 0xff, 0xe8, 0x20, 0x0, 0x0, 0x0,
    0x0, 0x1, 0x7d, 0xff, 0xff, 0xff, 0xff, 0xff,
    0xc6, 0x10, 0x0, 0x0, 0x0, 0x0, 0x3, 0x9f,
    0xff, 0xff, 0xff, 0xff, 0xff, 0xa4, 0x0, 0x0,
    0x0, 0x0, 0x0, 0x6, 0xcf, 0xff, 0xff, 0xff,
    0xff, 0xfe, 0x20, 0x0, 0x0, 0x0, 0x0, 0x0,
    0x29, 0xef, 0xff, 0xff, 0xff, 0xf4, 0x0, 0x0,
    0x0, 0x0, 0x0, 0x0, 0x0, 0x5b, 0xff, 0xff,
    0xff, 0x40, 0x0, 0x0, 0x0, 0x0, 0x0, 0x0,
    0x0, 0x2, 0x8e, 0xff, 0xf4, 0x0, 0x0, 0x0,
    0x0, 0x0, 0x0, 0x0, 0x0, 0x0, 0x4, 0xaf,
    0x40, 0x0, 0x0, 0x0, 0x0, 0x0, 0x0, 0x0,
    0x0, 0x0, 0x0, 0x11,

    /* U+003D "=" */
    0xbd, 0xdd, 0xdd, 0xdd, 0xdd, 0xdd, 0xdd, 0xdd,
    0xdd, 0xdd, 0xdd, 0x3e, 0xff, 0xff, 0xff, 0xff,
    0xff, 0xff, 0xff, 0xff, 0xff, 0xff, 0xf4, 0xef,
    0xff, 0xff, 0xff, 0xff, 0xff, 0xff, 0xff, 0xff,
    0xff, 0xff, 0x4e, 0xff, 0xff, 0xff, 0xff, 0xff,
    0xff, 0xff, 0xff, 0xff, 0xff, 0xf4, 0xef, 0xff,
    0xff, 0xff, 0xff, 0xff, 0xff, 0xff, 0xff, 0xff,
    0xff, 0x40, 0x0, 0x0, 0x0, 0x0, 0x0, 0x0,
    0x0, 0x0, 0x0, 0x0, 0x0, 0x0, 0x0, 0x0,
    0x0, 0x0, 0x0, 0x0, 0x0, 0x0, 0x0, 0x0,
    0x0, 0x0, 0x0, 0x0, 0x0, 0x0, 0x0, 0x0,
    0x0, 0x0, 0x0, 0x0, 0x0, 0x0, 0x0, 0x0,
    0x0, 0x0, 0x0, 0x0, 0x0, 0x0, 0x0, 0x0,
    0x0, 0x0, 0x0, 0x0, 0x0, 0x0, 0x0, 0x0,
    0x0, 0x0, 0x0, 0x0, 0x0, 0x0, 0x0, 0x0,
    0x0, 0x0, 0x0, 0x0, 0x0, 0x0, 0x0, 0x0,
    0x0, 0x0, 0x0, 0x0, 0x0, 0x0, 0x0, 0x0,
    0x0, 0x0, 0xbd, 0xdd, 0xdd, 0xdd, 0xdd, 0xdd,
    0xdd, 0xdd, 0xdd, 0xdd, 0xdd, 0x3e, 0xff, 0xff,
    0xff, 0xff, 0xff, 0xff, 0xff, 0xff, 0xff, 0xff,
    0xf4, 0xef, 0xff, 0xff, 0xff, 0xff, 0xff, 0xff,
    0xff, 0xff, 0xff, 0xff, 0x4e, 0xff, 0xff, 0xff,
    0xff, 0xff, 0xff, 0xff, 0xff, 0xff, 0xff, 0xf4,
    0xef, 0xff, 0xff, 0xff, 0xff, 0xff, 0xff, 0xff,
    0xff, 0xff, 0xff, 0x40,

    /* U+003E ">" */
    0x0, 0x0, 0x0, 0x0, 0x0, 0x0, 0x0, 0x0,
    0x0, 0x0, 0x0, 0xc, 0x82, 0x0, 0x0, 0x0,
    0x0, 0x0, 0x0, 0x0, 0x0, 0x0, 0x0, 0xef,
    0xfb, 0x50, 0x0, 0x0, 0x0, 0x0, 0x0, 0x0,
    0x0, 0x0, 0xe, 0xff, 0xff, 0xe9, 0x30, 0x0,
    0x0, 0x0, 0x0, 0x0, 0x0, 0x0, 0xef, 0xff,
    0xff, 0xff, 0xc6, 0x0, 0x0, 0x0, 0x0, 0x0,
    0x0, 0xd, 0xff, 0xff, 0xff, 0xff, 0xff, 0xa3,
    0x0, 0x0, 0x0, 0x0, 0x0, 0x17, 0xdf, 0xff,
    0xff, 0xff, 0xff, 0xfd, 0x71, 0x0, 0x0, 0x0,
    0x0, 0x0, 0x39, 0xef, 0xff, 0xff, 0xff, 0xff,
    0xfb, 0x40, 0x0, 0x0, 0x0, 0x0, 0x0, 0x5b,
    0xff, 0xff, 0xff, 0xff, 0xff, 0xe8, 0x20, 0x0,
    0x0, 0x0, 0x0, 0x1, 0x7d, 0xff, 0xff, 0xff,
    0xff, 0xff, 0xb2, 0x0, 0x0, 0x0, 0x0, 0x0,
    0x3, 0x9e, 0xff, 0xff, 0xff, 0xff, 0x40, 0x0,
    0x0, 0x0, 0x0, 0x0, 0x0, 0x5, 0xbf, 0xff,
    0xff, 0xf4, 0x0, 0x0, 0x0, 0x0, 0x0, 0x0,
    0x0, 0x6, 0xdf, 0xff, 0xff, 0x40, 0x0, 0x0,
    0x0, 0x0, 0x0, 0x4, 0xaf, 0xff, 0xff, 0xff,
    0xf4, 0x0, 0x0, 0x0, 0x0, 0x2, 0x8e, 0xff,
    0xff, 0xff, 0xff, 0xff, 0x30, 0x0, 0x0, 0x0,
    0x6c, 0xff, 0xff, 0xff, 0xff, 0xff, 0xd6, 0x10,
    0x0, 0x0, 0x4a, 0xff, 0xff, 0xff, 0xff, 0xff,
    0xf9, 0x30, 0x0, 0x0, 0x28, 0xef, 0xff, 0xff,
    0xff, 0xff, 0xfc, 0x60, 0x0, 0x0, 0x0, 0xbf,
    0xff, 0xff, 0xff, 0xff, 0xfe, 0x82, 0x0, 0x0,
    0x0, 0x0, 0xe, 0xff, 0xff, 0xff, 0xff, 0xb5,
    0x0, 0x0, 0x0, 0x0, 0x0, 0x0, 0xef, 0xff,
    0xff, 0xd7, 0x10, 0x0, 0x0, 0x0, 0x0, 0x0,
    0x0, 0xe, 0xff, 0xfa, 0x40, 0x0, 0x0, 0x0,
    0x0, 0x0, 0x0, 0x0, 0x0, 0xed, 0x71, 0x0,
    0x0, 0x0, 0x0, 0x0, 0x0, 0x0, 0x0, 0x0,
    0x2, 0x0, 0x0, 0x0, 0x0, 0x0, 0x0, 0x0,
    0x0, 0x0, 0x0, 0x0,

    /* U+003F "?" */
    0x0, 0x0, 0x0, 0x3, 0x7a, 0xde, 0xff, 0xed,
    0xb8, 0x30, 0x0, 0x0, 0x0, 0x0, 0x0, 0x7d,
    0xff, 0xff, 0xff, 0xff, 0xff, 0xff, 0xe6, 0x0,
    0x0, 0x0, 0x4, 0xef, 0xff, 0xff, 0xff, 0xff,
    0xff, 0xff, 0xff, 0xfd, 0x20, 0x0, 0x8, 0xff,
    0xff, 0xff, 0xff, 0xff, 0xff, 0xff, 0xff, 0xff,
    0xfe, 0x20, 0xa, 0xff, 0xff, 0xff, 0xff, 0xff,
    0xff, 0xff, 0xff, 0xff, 0xff, 0xfc, 0x7, 0xff,
    0xff, 0xff, 0xff, 0xa6, 0x53, 0x46, 0xaf, 0xff,
    0xff, 0xff, 0xf5, 0x1b, 0xff, 0xff, 0xf8, 0x0,
    0x0, 0x0, 0x0, 0x1c, 0xff, 0xff, 0xff, 0xa0,
    0x5, 0xef, 0xe2, 0x0, 0x0, 0x0, 0x0, 0x0,
    0x1e, 0xff, 0xff, 0xfd, 0x0, 0x0, 0x93, 0x0,
    0x0, 0x0, 0x0, 0x0, 0x0, 0x8f, 0xff, 0xff,
    0xe0, 0x0, 0x0, 0x0, 0x0, 0x0, 0x0, 0x0,
    0x0, 0x5, 0xff, 0xff, 0xfd, 0x0, 0x0, 0x0,
    0x0, 0x0, 0x0, 0x0, 0x0, 0x0, 0x7f, 0xff,
    0xff, 0xc0, 0x0, 0x0, 0x0, 0x0, 0x0, 0x0,
    0x0, 0x0, 0xd, 0xff, 0xff, 0xf7, 0x0, 0x0,
    0x0, 0x0, 0x0, 0x0, 0x0, 0x0, 0x7, 0xff,
    0xff, 0xff, 0x10, 0x0, 0x0, 0x0, 0x0, 0x0,
    0x0, 0x0, 0x6, 0xff, 0xff, 0xff, 0x70, 0x0,
    0x0, 0x0, 0x0, 0x0, 0x0, 0x0, 0x7, 0xff,
    0xff, 0xff, 0xb0, 0x0, 0x0, 0x0, 0x0, 0x0,
    0x0, 0x0, 0x9, 0xff, 0xff, 0xff, 0xb0, 0x0,
    0x0, 0x0, 0x0, 0x0, 0x0, 0x0, 0xa, 0xff,
    0xff, 0xff, 0xa0, 0x0, 0x0, 0x0, 0x0, 0x0,
    0x0, 0x0, 0x8, 0xff, 0xff, 0xff, 0x90, 0x0,
    0x0, 0x0, 0x0, 0x0, 0x0, 0x0, 0x3, 0xff,
    0xff, 0xff, 0x80, 0x0, 0x0, 0x0, 0x0, 0x0,
    0x0, 0x0, 0x0, 0xbf, 0xff, 0xff, 0xb0, 0x0,
    0x0, 0x0, 0x0, 0x0, 0x0, 0x0, 0x0, 0x1f,
    0xff, 0xff, 0xf3, 0x0, 0x0, 0x0, 0x0, 0x0,
    0x0, 0x0, 0x0, 0x3, 0xff, 0xff, 0xfe, 0x0,
    0x0, 0x0, 0x0, 0x0, 0x0, 0x0, 0x0, 0x0,
    0x29, 0x99, 0x99, 0x70, 0x0, 0x0, 0x0, 0x0,
    0x0, 0x0, 0x0, 0x0, 0x0, 0x0, 0x0, 0x0,
    0x0, 0x0, 0x0, 0x0, 0x0, 0x0, 0x0, 0x0,
    0x0, 0x0, 0x0, 0x0, 0x0, 0x0, 0x0, 0x0,
    0x0, 0x0, 0x0, 0x0, 0x0, 0x0, 0x0, 0x0,
    0x0, 0x0, 0x0, 0x0, 0x0, 0x0, 0x0, 0x0,
    0x0, 0x0, 0x0, 0x47, 0x61, 0x0, 0x0, 0x0,
    0x0, 0x0, 0x0, 0x0, 0x0, 0x0, 0x1, 0xcf,
    0xff, 0xf5, 0x0, 0x0, 0x0, 0x0, 0x0, 0x0,
    0x0, 0x0, 0x0, 0xaf, 0xff, 0xff, 0xf1, 0x0,
    0x0, 0x0, 0x0, 0x0, 0x0, 0x0, 0x0, 0xf,
    0xff, 0xff, 0xff, 0x60, 0x0, 0x0, 0x0, 0x0,
    0x0, 0x0, 0x0, 0x1, 0xff, 0xff, 0xff, 0xf7,
    0x0, 0x0, 0x0, 0x0, 0x0, 0x0, 0x0, 0x0,
    0xe, 0xff, 0xff, 0xff, 0x40, 0x0, 0x0, 0x0,
    0x0, 0x0, 0x0, 0x0, 0x0, 0x5f, 0xff, 0xff,
    0xb0, 0x0, 0x0, 0x0, 0x0, 0x0, 0x0, 0x0,
    0x0, 0x0, 0x5c, 0xfe, 0x90, 0x0, 0x0, 0x0,
    0x0,

    /* U+0040 "@" */
    0x0, 0x0, 0x0, 0x0, 0x0, 0x0, 0x0, 0x0,
    0x37, 0xac, 0xee, 0xff, 0xfe, 0xca, 0x73, 0x0,
    0x0, 0x0, 0x0, 0x0, 0x0, 0x0, 0x0, 0x0,
    0x0, 0x0, 0x0, 0x0, 0x0, 0x4, 0xaf, 0xff,
    0xff, 0xff, 0xff, 0xff, 0xff, 0xff, 0xfa, 0x40,
    0x0, 0x0, 0x0, 0x0, 0x0, 0x0, 0x0, 0x0,
    0x0, 0x0, 0x0, 0x6, 0xdf, 0xff, 0xff, 0xff,
    0xff, 0xff, 0xff, 0xff, 0xff, 0xff, 0xfd, 0x60,
    0x0, 0x0, 0x0, 0x0, 0x0, 0x0, 0x0, 0x0,
    0x0, 0x4, 0xdf, 0xff, 0xff, 0xff, 0xff, 0xff,
    0xff, 0xff, 0xff, 0xff, 0xff, 0xff, 0xfd, 0x30,
    0x0, 0x0, 0x0, 0x0, 0x0, 0x0, 0x0, 0x0,
    0x9f, 0xff, 0xff, 0xff, 0xe9, 0x63, 0x10, 0x0,
    0x1, 0x35, 0x9d, 0xff, 0xff, 0xff, 0xf8, 0x0,
    0x0, 0x0, 0x0, 0x0, 0x0, 0x0, 0x1c, 0xff,
    0xff, 0xff, 0xa3, 0x0, 0x0, 0x0, 0x0, 0x0,
    0x0, 0x0, 0x29, 0xff, 0xff, 0xff, 0xb0, 0x0,
    0x0, 0x0, 0x0, 0x0, 0x1, 0xdf, 0xff, 0xff,
    0xb2, 0x0, 0x0, 0x0, 0x0, 0x0, 0x0, 0x0,
    0x0, 0x0, 0x19, 0xff, 0xff, 0xfc, 0x0, 0x0,
    0x0, 0x0, 0x0, 0xd, 0xff, 0xff, 0xf5, 0x0,
    0x0, 0x0, 0x0, 0x0, 0x0, 0x0, 0x0, 0x0,
    0x0, 0x0, 0x3d, 0xff, 0xff, 0xc0, 0x0, 0x0,
    0x0, 0x0, 0xbf, 0xff, 0xfe, 0x20, 0x0, 0x0,
    0x0, 0x0, 0x0, 0x0, 0x0, 0x0, 0x0, 0x0,
    0x0, 0x1, 0xbf, 0xff, 0xf9, 0x0, 0x0, 0x0,
    0x6, 0xff, 0xff, 0xe2, 0x0, 0x0, 0x0, 0x4,
    0x9c, 0xef, 0xed, 0xa5, 0x0, 0x4, 0xbb, 0xbb,
    0xa0, 0xc, 0xff, 0xff, 0x40, 0x0, 0x0, 0x1f,
    0xff, 0xff, 0x20, 0x0, 0x0, 0x4, 0xdf, 0xff,
    0xff, 0xff, 0xff, 0xe5, 0x6, 0xff, 0xff, 0xf0,
    0x0, 0xdf, 0xff, 0xd0, 0x0, 0x0, 0x9f, 0xff,
    0xf6, 0x0, 0x0, 0x0, 0x8f, 0xff, 0xff, 0xff,
    0xff, 0xff, 0xff, 0x96, 0xff, 0xff, 0xf0, 0x0,
    0x3f, 0xff, 0xf6, 0x0, 0x1, 0xff, 0xff, 0xc0,
    0x0, 0x0, 0x9, 0xff, 0xff, 0xff, 0xff, 0xff,
    0xff, 0xff, 0xfe, 0xff, 0xff, 0xf0, 0x0, 0x9,
    0xff, 0xfe, 0x0, 0x7, 0xff, 0xff, 0x40, 0x0,
    0x0, 0x7f, 0xff, 0xff, 0xff, 0xfc, 0xbc, 0xef,
    0xff, 0xff, 0xff, 0xff, 0xf0, 0x0, 0x1, 0xff,
    0xff, 0x40, 0xd, 0xff, 0xfc, 0x0, 0x0, 0x2,
    0xff, 0xff, 0xff, 0xd5, 0x0, 0x0, 0x4, 0xcf,
    0xff, 0xff, 0xff, 0xf0, 0x0, 0x0, 0xaf, 0xff,
    0xa0, 0x1f, 0xff, 0xf7, 0x0, 0x0, 0xa, 0xff,
    0xff, 0xfc, 0x10, 0x0, 0x0, 0x0, 0x9, 0xff,
    0xff, 0xff, 0xf0, 0x0, 0x0, 0x5f, 0xff, 0xe0,
    0x5f, 0xff, 0xf2, 0x0, 0x0, 0x1f, 0xff, 0xff,
    0xe1, 0x0, 0x0, 0x0, 0x0, 0x0, 0xbf, 0xff,
    0xff, 0xf0, 0x0, 0x0, 0xf, 0xff, 0xf2, 0x8f,
    0xff, 0xe0, 0x0, 0x0, 0x6f, 0xff, 0xff, 0x50,
    0x0, 0x0, 0x0, 0x0, 0x0, 0x2f, 0xff, 0xff,
    0xf0, 0x0, 0x0, 0xd, 0xff, 0xf4, 0xbf, 0xff,
    0xc0, 0x0, 0x0, 0x9f, 0xff, 0xff, 0x0, 0x0,
    0x0, 0x0, 0x0, 0x0, 0xb, 0xff, 0xff, 0xf0,
    0x0, 0x0, 0xa, 0xff, 0xf6, 0xcf, 0xff, 0xa0,
    0x0, 0x0, 0xcf, 0xff, 0xfb, 0x0, 0x0, 0x0,
    0x0, 0x0, 0x0, 0x7, 0xff, 0xff, 0xf0, 0x0,
    0x0, 0x9, 0xff, 0xf7, 0xdf, 0xff, 0x90, 0x0,
    0x0, 0xdf, 0xff, 0xf9, 0x0, 0x0, 0x0, 0x0,
    0x0, 0x0, 0x5, 0xff, 0xff, 0xf0, 0x0, 0x0,
    0x8, 0xff, 0xf8, 0xef, 0xff, 0x80, 0x0, 0x0,
    0xef, 0xff, 0xf8, 0x0, 0x0, 0x0, 0x0, 0x0,
    0x0, 0x4, 0xff, 0xff, 0xf0, 0x0, 0x0, 0x8,
    0xff, 0xf8, 0xdf, 0xff, 0x90, 0x0, 0x0, 0xdf,
    0xff, 0xf9, 0x0, 0x0, 0x0, 0x0, 0x0, 0x0,
    0x5, 0xff, 0xff, 0xf0, 0x0, 0x0, 0x9, 0xff,
    0xf7, 0xcf, 0xff, 0xa0, 0x0, 0x0, 0xcf, 0xff,
    0xfb, 0x0, 0x0, 0x0, 0x0, 0x0, 0x0, 0x7,
    0xff, 0xff, 0xf0, 0x0, 0x0, 0xa, 0xff, 0xf6,
    0xaf, 0xff, 0xc0, 0x0, 0x0, 0x9f, 0xff, 0xfe,
    0x0, 0x0, 0x0, 0x0, 0x0, 0x0, 0xb, 0xff,
    0xff, 0xf0, 0x0, 0x0, 0xc, 0xff, 0xf4, 0x8f,
    0xff, 0xf0, 0x0, 0x0, 0x5f, 0xff, 0xff, 0x50,
    0x0, 0x0, 0x0, 0x0, 0x0, 0x1f, 0xff, 0xff,
    0xf0, 0x0, 0x0, 0xf, 0xff, 0xf1, 0x5f, 0xff,
    0xf2, 0x0, 0x0, 0x1f, 0xff, 0xff, 0xd0, 0x0,
    0x0, 0x0, 0x0, 0x0, 0xaf, 0xff, 0xff, 0xf0,
    0x0, 0x0, 0x4f, 0xff, 0xe0, 0x1f, 0xff, 0xf7,
    0x0, 0x0, 0xa, 0xff, 0xff, 0xfa, 0x0, 0x0,
    0x0, 0x0, 0x7, 0xff, 0xff, 0xff, 0xf1, 0x0,
    0x0, 0xaf, 0xff, 0x80, 0xc, 0xff, 0xfd, 0x0,
    0x0, 0x2, 0xff, 0xff, 0xff, 0xc3, 0x0, 0x0,
    0x1, 0xaf, 0xff, 0xff, 0xff, 0xf9, 0x0, 0x6,
    0xff, 0xff, 0x30, 0x7, 0xff, 0xff, 0x40, 0x0,
    0x0, 0x7f, 0xff, 0xff, 0xff, 0xd9, 0x89, 0xcf,
    0xff, 0xff, 0xff, 0xff, 0xff, 0xc8, 0xbf, 0xff,
    0xfa, 0x0, 0x1, 0xff, 0xff, 0xc0, 0x0, 0x0,
    0x9, 0xff, 0xff, 0xff, 0xff, 0xff, 0xff, 0xff,
    0xfb, 0x8f, 0xff, 0xff, 0xff, 0xff, 0xff, 0xf2,
    0x0, 0x0, 0x9f, 0xff, 0xf6, 0x0, 0x0, 0x0,
    0x8f, 0xff, 0xff, 0xff, 0xff, 0xff, 0xff, 0xb0,
    0xe, 0xff, 0xff, 0xff, 0xff, 0xff, 0x40, 0x0,
    0x0, 0x1f, 0xff, 0xff, 0x20, 0x0, 0x0, 0x4,
    0xdf, 0xff, 0xff, 0xff, 0xff, 0xf7, 0x0, 0x3,
    0xef, 0xff, 0xff, 0xff, 0xd3, 0x0, 0x0, 0x0,
    0x6, 0xff, 0xff, 0xe1, 0x0, 0x0, 0x0, 0x4,
    0x9c, 0xef, 0xfd, 0xb6, 0x10, 0x0, 0x0, 0x7,
    0xcf, 0xfe, 0xb6, 0x0, 0x0, 0x0, 0x0, 0x0,
    0xbf, 0xff, 0xfd, 0x20, 0x0, 0x0, 0x0, 0x0,
    0x0, 0x0, 0x0, 0x0, 0x0, 0x0, 0x0, 0x0,
    0x0, 0x0, 0x0, 0x0, 0x0, 0x0, 0x0, 0x1d,
    0xff, 0xff, 0xe4, 0x0, 0x0, 0x0, 0x0, 0x0,
    0x0, 0x0, 0x0, 0x0, 0x0, 0x0, 0x0, 0x0,
    0x0, 0x0, 0x0, 0x0, 0x0, 0x0, 0x1, 0xef,
    0xff, 0xff, 0xa1, 0x0, 0x0, 0x0, 0x0, 0x0,
    0x0, 0x0, 0x0, 0x0, 0x0, 0x0, 0x0, 0x0,
    0x0, 0x0, 0x0, 0x0, 0x0, 0x0, 0x1d, 0xff,
    0xff, 0xff, 0xa3, 0x0, 0x0, 0x0, 0x0, 0x0,
    0x0, 0x0, 0x4a, 0x40, 0x0, 0x0, 0x0, 0x0,
    0x0, 0x0, 0x0, 0x0, 0x0, 0x0, 0xaf, 0xff,
    0xff, 0xff, 0xe9, 0x64, 0x11, 0x0, 0x12, 0x47,
    0xae, 0xff, 0xa0, 0x0, 0x0, 0x0, 0x0, 0x0,
    0x0, 0x0, 0x0, 0x0, 0x0, 0x5, 0xef, 0xff,
    0xff, 0xff, 0xff, 0xff, 0xff, 0xff, 0xff, 0xff,
    0xff, 0xf0, 0x0, 0x0, 0x0, 0x0, 0x0, 0x0,
    0x0, 0x0, 0x0, 0x0, 0x0, 0x7, 0xef, 0xff,
    0xff, 0xff, 0xff, 0xff, 0xff, 0xff, 0xff, 0xff,
    0xf4, 0x0, 0x0, 0x0, 0x0, 0x0, 0x0, 0x0,
    0x0, 0x0, 0x0, 0x0, 0x0, 0x5, 0xbf, 0xff,
    0xff, 0xff, 0xff, 0xff, 0xff, 0xff, 0xd8, 0x20,
    0x0, 0x0, 0x0, 0x0, 0x0, 0x0, 0x0, 0x0,
    0x0, 0x0, 0x0, 0x0, 0x0, 0x0, 0x47, 0xac,
    0xef, 0xff, 0xed, 0xb8, 0x62, 0x0, 0x0, 0x0,
    0x0, 0x0, 0x0, 0x0, 0x0,

    /* U+0041 "A" */
    0x0, 0x0, 0x0, 0x0, 0x0, 0x0, 0x0, 0x5,
    0xff, 0xff, 0xff, 0x40, 0x0, 0x0, 0x0, 0x0,
    0x0, 0x0, 0x0, 0x0, 0x0, 0x0, 0x0, 0x0,
    0x0, 0x0, 0xc, 0xff, 0xff, 0xff, 0xb0, 0x0,
    0x0, 0x0, 0x0, 0x0, 0x0, 0x0, 0x0, 0x0,
    0x0, 0x0, 0x0, 0x0, 0x0, 0x3f, 0xff, 0xff,
    0xff, 0xf2, 0x0, 0x0, 0x0, 0x0, 0x0, 0x0,
    0x0, 0x0, 0x0, 0x0, 0x0, 0x0, 0x0, 0x0,
    0xaf, 0xff, 0xff, 0xff, 0xf9, 0x0, 0x0, 0x0,
    0x0, 0x0, 0x0, 0x0, 0x0, 0x0, 0x0, 0x0,
    0x0, 0x0, 0x2, 0xff, 0xff, 0xff, 0xff, 0xff,
    0x10, 0x0, 0x0, 0x0, 0x0, 0x0, 0x0, 0x0,
    0x0, 0x0, 0x0, 0x0, 0x0, 0x9, 0xff, 0xff,
    0xff, 0xff, 0xff, 0x70, 0x0, 0x0, 0x0, 0x0,
    0x0, 0x0, 0x0, 0x0, 0x0, 0x0, 0x0, 0x0,
    0x1f, 0xff, 0xff, 0xdf, 0xff, 0xff, 0xe0, 0x0,
    0x0, 0x0, 0x0, 0x0, 0x0, 0x0, 0x0, 0x0,
    0x0, 0x0, 0x0, 0x7f, 0xff, 0xff, 0x69, 0xff,
    0xff, 0xf5, 0x0, 0x0, 0x0, 0x0, 0x0, 0x0,
    0x0, 0x0, 0x0, 0x0, 0x0, 0x0, 0xef, 0xff,
    0xfe, 0x2, 0xff, 0xff, 0xfd, 0x0, 0x0, 0x0,
    0x0, 0x0, 0x0, 0x0, 0x0, 0x0, 0x0, 0x0,
    0x5, 0xff, 0xff, 0xf8, 0x0, 0xbf, 0xff, 0xff,
    0x40, 0x0, 0x0, 0x0, 0x0, 0x0, 0x0, 0x0,
    0x0, 0x0, 0x0, 0xc, 0xff, 0xff, 0xf2, 0x0,
    0x4f, 0xff, 0xff, 0xb0, 0x0, 0x0, 0x0, 0x0,
    0x0, 0x0, 0x0, 0x0, 0x0, 0x0, 0x3f, 0xff,
    0xff, 0xb0, 0x0, 0xe, 0xff, 0xff, 0xf2, 0x0,
    0x0, 0x0, 0x0, 0x0, 0x0, 0x0, 0x0, 0x0,
    0x0, 0xaf, 0xff, 0xff, 0x40, 0x0, 0x7, 0xff,
    0xff, 0xf9, 0x0, 0x0, 0x0, 0x0, 0x0, 0x0,
    0x0, 0x0, 0x0, 0x2, 0xff, 0xff, 0xfd, 0x0,
    0x0, 0x1, 0xff, 0xff, 0xff, 0x10, 0x0, 0x0,
    0x0, 0x0, 0x0, 0x0, 0x0, 0x0, 0x9, 0xff,
    0xff, 0xf6, 0x0, 0x0, 0x0, 0x9f, 0xff, 0xff,
    0x70, 0x0, 0x0, 0x0, 0x0, 0x0, 0x0, 0x0,
    0x0, 0x1f, 0xff, 0xff, 0xf0, 0x0, 0x0, 0x0,
    0x3f, 0xff, 0xff, 0xe0, 0x0, 0x0, 0x0, 0x0,
    0x0, 0x0, 0x0, 0x0, 0x7f, 0xff, 0xff, 0x80,
    0x0, 0x0, 0x0, 0xc, 0xff, 0xff, 0xf6, 0x0,
    0x0, 0x0, 0x0, 0x0, 0x0, 0x0, 0x0, 0xef,
    0xff, 0xff, 0x20, 0x0, 0x0, 0x0, 0x5, 0xff,
    0xff, 0xfd, 0x0, 0x0, 0x0, 0x0, 0x0, 0x0,
    0x0, 0x5, 0xff, 0xff, 0xfb, 0x0, 0x0, 0x0,
    0x0, 0x0, 0xef, 0xff, 0xff, 0x40, 0x0, 0x0,
    0x0, 0x0, 0x0, 0x0, 0xc, 0xff, 0xff, 0xf4,
    0x0, 0x0, 0x0, 0x0, 0x0, 0x7f, 0xff, 0xff,
    0xb0, 0x0, 0x0, 0x0, 0x0, 0x0, 0x0, 0x3f,
    0xff, 0xff, 0xd0, 0x0, 0x0, 0x0, 0x0, 0x0,
    0x1f, 0xff, 0xff, 0xf2, 0x0, 0x0, 0x0, 0x0,
    0x0, 0x0, 0xaf, 0xff, 0xff, 0xfe, 0xee, 0xee,
    0xee, 0xee, 0xee, 0xef, 0xff, 0xff, 0xf9, 0x0,
    0x0, 0x0, 0x0, 0x0, 0x2, 0xff, 0xff, 0xff,
    0xff, 0xff, 0xff, 0xff, 0xff, 0xff, 0xff, 0xff,
    0xff, 0xff, 0x10, 0x0, 0x0, 0x0, 0x0, 0x9,
    0xff, 0xff, 0xff, 0xff, 0xff, 0xff, 0xff, 0xff,
    0xff, 0xff, 0xff, 0xff, 0xff, 0x80, 0x0, 0x0,
    0x0, 0x0, 0x1f, 0xff, 0xff, 0xff, 0xff, 0xff,
    0xff, 0xff, 0xff, 0xff, 0xff, 0xff, 0xff, 0xff,
    0xe0, 0x0, 0x0, 0x0, 0x0, 0x7f, 0xff, 0xff,
    0xff, 0xff, 0xff, 0xff, 0xff, 0xff, 0xff, 0xff,
    0xff, 0xff, 0xff, 0xf6, 0x0, 0x0, 0x0, 0x0,
    0xef, 0xff, 0xff, 0x40, 0x0, 0x0, 0x0, 0x0,
    0x0, 0x0, 0x0, 0x7, 0xff, 0xff, 0xfd, 0x0,
    0x0, 0x0, 0x5, 0xff, 0xff, 0xfd, 0x0, 0x0,
    0x0, 0x0, 0x0, 0x0, 0x0, 0x0, 0x1, 0xff,
    0xff, 0xff, 0x40, 0x0, 0x0, 0xc, 0xff, 0xff,
    0xf7, 0x0, 0x0, 0x0, 0x0, 0x0, 0x0, 0x0,
    0x0, 0x0, 0xaf, 0xff, 0xff, 0xb0, 0x0, 0x0,
    0x3f, 0xff, 0xff, 0xf1, 0x0, 0x0, 0x0, 0x0,
    0x0, 0x0, 0x0, 0x0, 0x0, 0x3f, 0xff, 0xff,
    0xf2, 0x0, 0x0, 0xaf, 0xff, 0xff, 0xa0, 0x0,
    0x0, 0x0, 0x0, 0x0, 0x0, 0x0, 0x0, 0x0,
    0xd, 0xff, 0xff, 0xfa, 0x0, 0x2, 0xff, 0xff,
    0xff, 0x30, 0x0, 0x0, 0x0, 0x0, 0x0, 0x0,
    0x0, 0x0, 0x0, 0x6, 0xff, 0xff, 0xff, 0x10,
    0x9, 0xff, 0xff, 0xfc, 0x0, 0x0, 0x0, 0x0,
    0x0, 0x0, 0x0, 0x0, 0x0, 0x0, 0x0, 0xef,
    0xff, 0xff, 0x80, 0xf, 0xff, 0xff, 0xf6, 0x0,
    0x0, 0x0, 0x0, 0x0, 0x0, 0x0, 0x0, 0x0,
    0x0, 0x0, 0x8f, 0xff, 0xff, 0xe0,

    /* U+0042 "B" */
    0x7f, 0xff, 0xff, 0xff, 0xff, 0xff, 0xff, 0xff,
    0xfe, 0xec, 0x96, 0x10, 0x0, 0x0, 0x0, 0x7,
    0xff, 0xff, 0xff, 0xff, 0xff, 0xff, 0xff, 0xff,
    0xff, 0xff, 0xff, 0xb3, 0x0, 0x0, 0x0, 0x7f,
    0xff, 0xff, 0xff, 0xff, 0xff, 0xff, 0xff, 0xff,
    0xff, 0xff, 0xff, 0xf8, 0x0, 0x0, 0x7, 0xff,
    0xff, 0xff, 0xff, 0xff, 0xff, 0xff, 0xff, 0xff,
    0xff, 0xff, 0xff, 0xfa, 0x0, 0x0, 0x7f, 0xff,
    0xff, 0xfe, 0xee, 0xee, 0xee, 0xee, 0xff, 0xff,
    0xff, 0xff, 0xff, 0xf6, 0x0, 0x7, 0xff, 0xff,
    0xfc, 0x0, 0x0, 0x0, 0x0, 0x0, 0x3, 0x8f,
    0xff, 0xff, 0xff, 0xe0, 0x0, 0x7f, 0xff, 0xff,
    0xc0, 0x0, 0x0, 0x0, 0x0, 0x0, 0x0, 0x1c,
    0xff, 0xff, 0xff, 0x50, 0x7, 0xff, 0xff, 0xfc,
    0x0, 0x0, 0x0, 0x0, 0x0, 0x0, 0x0, 0x2f,
    0xff, 0xff, 0xf8, 0x0, 0x7f, 0xff, 0xff, 0xc0,
    0x0, 0x0, 0x0, 0x0, 0x0, 0x0, 0x0, 0xcf,
    0xff, 0xff, 0x90, 0x7, 0xff, 0xff, 0xfc, 0x0,
    0x0, 0x0, 0x0, 0x0, 0x0, 0x0, 0xa, 0xff,
    0xff, 0xf9, 0x0, 0x7f, 0xff, 0xff, 0xc0, 0x0,
    0x0, 0x0, 0x0, 0x0, 0x0, 0x0, 0xcf, 0xff,
    0xff, 0x70, 0x7, 0xff, 0xff, 0xfc, 0x0, 0x0,
    0x0, 0x0, 0x0, 0x0, 0x0, 0x1f, 0xff, 0xff,
    0xf3, 0x0, 0x7f, 0xff, 0xff, 0xc0, 0x0, 0x0,
    0x0, 0x0, 0x0, 0x0, 0x1c, 0xff, 0xff, 0xfc,
    0x0, 0x7, 0xff, 0xff, 0xfc, 0x0, 0x0, 0x0,
    0x0, 0x0, 0x2, 0x7e, 0xff, 0xff, 0xff, 0x30,
    0x0, 0x7f, 0xff, 0xff, 0xfd, 0xdd, 0xdd, 0xdd,
    0xdd, 0xef, 0xff, 0xff, 0xff, 0xff, 0x60, 0x0,
    0x7, 0xff, 0xff, 0xff, 0xff, 0xff, 0xff, 0xff,
    0xff, 0xff, 0xff, 0xff, 0xfe, 0x40, 0x0, 0x0,
    0x7f, 0xff, 0xff, 0xff, 0xff, 0xff, 0xff, 0xff,
    0xff, 0xff, 0xff, 0xff, 0xd6, 0x0, 0x0, 0x7,
    0xff, 0xff, 0xff, 0xff, 0xff, 0xff, 0xff, 0xff,
    0xff, 0xff, 0xff, 0xff, 0xfc, 0x20, 0x0, 0x7f,
    0xff, 0xff, 0xff, 0xff, 0xff, 0xff, 0xff, 0xff,
    0xff, 0xff, 0xff, 0xff, 0xfe, 0x20, 0x7, 0xff,
    0xff, 0xfc, 0x0, 0x0, 0x0, 0x0, 0x0, 0x1,
    0x37, 0xdf, 0xff, 0xff, 0xfd, 0x0, 0x7f, 0xff,
    0xff, 0xc0, 0x0, 0x0, 0x0, 0x0, 0x0, 0x0,
    0x0, 0x7f, 0xff, 0xff, 0xf7, 0x7, 0xff, 0xff,
    0xfc, 0x0, 0x0, 0x0, 0x0, 0x0, 0x0, 0x0,
    0x0, 0x9f, 0xff, 0xff, 0xe0, 0x7f, 0xff, 0xff,
    0xc0, 0x0, 0x0, 0x0, 0x0, 0x0, 0x0, 0x0,
    0x2, 0xff, 0xff, 0xff, 0x27, 0xff, 0xff, 0xfc,
    0x0, 0x0, 0x0, 0x0, 0x0, 0x0, 0x0, 0x0,
    0xf, 0xff, 0xff, 0xf4, 0x7f, 0xff, 0xff, 0xc0,
    0x0, 0x0, 0x0, 0x0, 0x0, 0x0, 0x0, 0x0,
    0xff, 0xff, 0xff, 0x57, 0xff, 0xff, 0xfc, 0x0,
    0x0, 0x0, 0x0, 0x0, 0x0, 0x0, 0x0, 0x1f,
    0xff, 0xff, 0xf4, 0x7f, 0xff, 0xff, 0xc0, 0x0,
    0x0, 0x0, 0x0, 0x0, 0x0, 0x0, 0x8, 0xff,
    0xff, 0xff, 0x27, 0xff, 0xff, 0xfc, 0x0, 0x0,
    0x0, 0x0, 0x0, 0x0, 0x0, 0x5, 0xff, 0xff,
    0xff, 0xe0, 0x7f, 0xff, 0xff, 0xc0, 0x0, 0x0,
    0x0, 0x0, 0x0, 0x2, 0x5b, 0xff, 0xff, 0xff,
    0xf8, 0x7, 0xff, 0xff, 0xff, 0xee, 0xee, 0xee,
    0xee, 0xee, 0xef, 0xff, 0xff, 0xff, 0xff, 0xfe,
    0x0, 0x7f, 0xff, 0xff, 0xff, 0xff, 0xff, 0xff,
    0xff, 0xff, 0xff, 0xff, 0xff, 0xff, 0xfe, 0x30,
    0x7, 0xff, 0xff, 0xff, 0xff, 0xff, 0xff, 0xff,
    0xff, 0xff, 0xff, 0xff, 0xff, 0xfd, 0x20, 0x0,
    0x7f, 0xff, 0xff, 0xff, 0xff, 0xff, 0xff, 0xff,
    0xff, 0xff, 0xff, 0xff, 0xd6, 0x0, 0x0, 0x7,
    0xff, 0xff, 0xff, 0xff, 0xff, 0xff, 0xff, 0xff,
    0xff, 0xec, 0xa7, 0x30, 0x0, 0x0, 0x0,

    /* U+0043 "C" */
    0x0, 0x0, 0x0, 0x0, 0x0, 0x0, 0x37, 0xbd,
    0xef, 0xfe, 0xdb, 0x84, 0x0, 0x0, 0x0, 0x0,
    0x0, 0x0, 0x0, 0x0, 0x2, 0x8e, 0xff, 0xff,
    0xff, 0xff, 0xff, 0xff, 0xe9, 0x20, 0x0, 0x0,
    0x0, 0x0, 0x0, 0x1, 0x9f, 0xff, 0xff, 0xff,
    0xff, 0xff, 0xff, 0xff, 0xff, 0xf9, 0x10, 0x0,
    0x0, 0x0, 0x0, 0x4e, 0xff, 0xff, 0xff, 0xff,
    0xff, 0xff, 0xff, 0xff, 0xff, 0xff, 0xe3, 0x0,
    0x0, 0x0, 0x7, 0xff, 0xff, 0xff, 0xff, 0xff,
    0xff, 0xff, 0xff, 0xff, 0xff, 0xff, 0xff, 0x50,
    0x0, 0x0, 0x7f, 0xff, 0xff, 0xff, 0xff, 0xfc,
    0xa8, 0x89, 0xbe, 0xff, 0xff, 0xff, 0xff, 0xf2,
    0x0, 0x5, 0xff, 0xff, 0xff, 0xff, 0xd6, 0x10,
    0x0, 0x0, 0x0, 0x39, 0xff, 0xff, 0xff, 0x70,
    0x0, 0x1f, 0xff, 0xff, 0xff, 0xf6, 0x0, 0x0,
    0x0, 0x0, 0x0, 0x0, 0x2b, 0xff, 0xf6, 0x0,
    0x0, 0xaf, 0xff, 0xff, 0xfd, 0x20, 0x0, 0x0,
    0x0, 0x0, 0x0, 0x0, 0x0, 0x9f, 0x50, 0x0,
    0x3, 0xff, 0xff, 0xff, 0xe2, 0x0, 0x0, 0x0,
    0x0, 0x0, 0x0, 0x0, 0x0, 0x2, 0x0, 0x0,
    0xa, 0xff, 0xff, 0xff, 0x40, 0x0, 0x0, 0x0,
    0x0, 0x0, 0x0, 0x0, 0x0, 0x0, 0x0, 0x0,
    0xf, 0xff, 0xff, 0xfb, 0x0, 0x0, 0x0, 0x0,
    0x0, 0x0, 0x0, 0x0, 0x0, 0x0, 0x0, 0x0,
    0x5f, 0xff, 0xff, 0xf3, 0x0, 0x0, 0x0, 0x0,
    0x0, 0x0, 0x0, 0x0, 0x0, 0x0, 0x0, 0x0,
    0x8f, 0xff, 0xff, 0xe0, 0x0, 0x0, 0x0, 0x0,
    0x0, 0x0, 0x0, 0x0, 0x0, 0x0, 0x0, 0x0,
    0xbf, 0xff, 0xff, 0xa0, 0x0, 0x0, 0x0, 0x0,
    0x0, 0x0, 0x0, 0x0, 0x0, 0x0, 0x0, 0x0,
    0xdf, 0xff, 0xff, 0x80, 0x0, 0x0, 0x0, 0x0,
    0x0, 0x0, 0x0, 0x0, 0x0, 0x0, 0x0, 0x0,
    0xdf, 0xff, 0xff, 0x60, 0x0, 0x0, 0x0, 0x0,
    0x0, 0x0, 0x0, 0x0, 0x0, 0x0, 0x0, 0x0,
    0xdf, 0xff, 0xff, 0x60, 0x0, 0x0, 0x0, 0x0,
    0x0, 0x0, 0x0, 0x0, 0x0, 0x0, 0x0, 0x0,
    0xdf, 0xff, 0xff, 0x70, 0x0, 0x0, 0x0, 0x0,
    0x0, 0x0, 0x0, 0x0, 0x0, 0x0, 0x0, 0x0,
    0xbf, 0xff, 0xff, 0xa0, 0x0, 0x0, 0x0, 0x0,
    0x0, 0x0, 0x0, 0x0, 0x0, 0x0, 0x0, 0x0,
    0x8f, 0xff, 0xff, 0xe0, 0x0, 0x0, 0x0, 0x0,
    0x0, 0x0, 0x0, 0x0, 0x0, 0x0, 0x0, 0x0,
    0x5f, 0xff, 0xff, 0xf3, 0x0, 0x0, 0x0, 0x0,
    0x0, 0x0, 0x0, 0x0, 0x0, 0x0, 0x0, 0x0,
    0xf, 0xff, 0xff, 0xfb, 0x0, 0x0, 0x0, 0x0,
    0x0, 0x0, 0x0, 0x0, 0x0, 0x0, 0x0, 0x0,
    0xa, 0xff, 0xff, 0xff, 0x40, 0x0, 0x0, 0x0,
    0x0, 0x0, 0x0, 0x0, 0x0, 0x0, 0x0, 0x0,
    0x3, 0xff, 0xff, 0xff, 0xe2, 0x0, 0x0, 0x0,
    0x0, 0x0, 0x0, 0x0, 0x0, 0x2, 0x0, 0x0,
    0x0, 0xbf, 0xff, 0xff, 0xfd, 0x20, 0x0, 0x0,
    0x0, 0x0, 0x0, 0x0, 0x0, 0x9f, 0x50, 0x0,
    0x0, 0x1f, 0xff, 0xff, 0xff, 0xe6, 0x0, 0x0,
    0x0, 0x0, 0x0, 0x0, 0x2b, 0xff, 0xf6, 0x0,
    0x0, 0x5, 0xff, 0xff, 0xff, 0xff, 0xc5, 0x0,
    0x0, 0x0, 0x0, 0x38, 0xff, 0xff, 0xff, 0x70,
    0x0, 0x0, 0x7f, 0xff, 0xff, 0xff, 0xff, 0xfc,
    0x98, 0x89, 0xae, 0xff, 0xff, 0xff, 0xff, 0xf2,
    0x0, 0x0, 0x7, 0xff, 0xff, 0xff, 0xff, 0xff,
    0xff, 0xff, 0xff, 0xff, 0xff, 0xff, 0xff, 0x50,
    0x0, 0x0, 0x0, 0x4e, 0xff, 0xff, 0xff, 0xff,
    0xff, 0xff, 0xff, 0xff, 0xff, 0xff, 0xe3, 0x0,
    0x0, 0x0, 0x0, 0x1, 0x9f, 0xff, 0xff, 0xff,
    0xff, 0xff, 0xff, 0xff, 0xff, 0xf9, 0x10, 0x0,
    0x0, 0x0, 0x0, 0x0, 0x2, 0x9e, 0xff, 0xff,
    0xff, 0xff, 0xff, 0xff, 0xf9, 0x20, 0x0, 0x0,
    0x0, 0x0, 0x0, 0x0, 0x0, 0x0, 0x47, 0xbd,
    0xef, 0xff, 0xdb, 0x84, 0x0, 0x0, 0x0, 0x0,

    /* U+0044 "D" */
    0x7f, 0xff, 0xff, 0xff, 0xff, 0xff, 0xff, 0xff,
    0xee, 0xc9, 0x62, 0x0, 0x0, 0x0, 0x0, 0x0,
    0x0, 0x7f, 0xff, 0xff, 0xff, 0xff, 0xff, 0xff,
    0xff, 0xff, 0xff, 0xff, 0xd7, 0x0, 0x0, 0x0,
    0x0, 0x0, 0x7f, 0xff, 0xff, 0xff, 0xff, 0xff,
    0xff, 0xff, 0xff, 0xff, 0xff, 0xff, 0xf7, 0x0,
    0x0, 0x0, 0x0, 0x7f, 0xff, 0xff, 0xff, 0xff,
    0xff, 0xff, 0xff, 0xff, 0xff, 0xff, 0xff, 0xff,
    0xd2, 0x0, 0x0, 0x0, 0x7f, 0xff, 0xff, 0xff,
    0xff, 0xff, 0xff, 0xff, 0xff, 0xff, 0xff, 0xff,
    0xff, 0xff, 0x40, 0x0, 0x0, 0x7f, 0xff, 0xff,
    0xd4, 0x44, 0x44, 0x44, 0x45, 0x68, 0xbf, 0xff,
    0xff, 0xff, 0xff, 0xf4, 0x0, 0x0, 0x7f, 0xff,
    0xff, 0xc0, 0x0, 0x0, 0x0, 0x0, 0x0, 0x0,
    0x5c, 0xff, 0xff, 0xff, 0xff, 0x20, 0x0, 0x7f,
    0xff, 0xff, 0xc0, 0x0, 0x0, 0x0, 0x0, 0x0,
    0x0, 0x0, 0x6f, 0xff, 0xff, 0xff, 0xc0, 0x0,
    0x7f, 0xff, 0xff, 0xc0, 0x0, 0x0, 0x0, 0x0,
    0x0, 0x0, 0x0, 0x3, 0xef, 0xff, 0xff, 0xf7,
    0x0, 0x7f, 0xff, 0xff, 0xc0, 0x0, 0x0, 0x0,
    0x0, 0x0, 0x0, 0x0, 0x0, 0x3f, 0xff, 0xff,
    0xfe, 0x0, 0x7f, 0xff, 0xff, 0xc0, 0x0, 0x0,
    0x0, 0x0, 0x0, 0x0, 0x0, 0x0, 0x7, 0xff,
    0xff, 0xff, 0x60, 0x7f, 0xff, 0xff, 0xc0, 0x0,
    0x0, 0x0, 0x0, 0x0, 0x0, 0x0, 0x0, 0x0,
    0xef, 0xff, 0xff, 0xb0, 0x7f, 0xff, 0xff, 0xc0,
    0x0, 0x0, 0x0, 0x0, 0x0, 0x0, 0x0, 0x0,
    0x0, 0x8f, 0xff, 0xff, 0xf0, 0x7f, 0xff, 0xff,
    0xc0, 0x0, 0x0, 0x0, 0x0, 0x0, 0x0, 0x0,
    0x0, 0x0, 0x3f, 0xff, 0xff, 0xf3, 0x7f, 0xff,
    0xff, 0xc0, 0x0, 0x0, 0x0, 0x0, 0x0, 0x0,
    0x0, 0x0, 0x0, 0xf, 0xff, 0xff, 0xf5, 0x7f,
    0xff, 0xff, 0xc0, 0x0, 0x0, 0x0, 0x0, 0x0,
    0x0, 0x0, 0x0, 0x0, 0xd, 0xff, 0xff, 0xf7,
    0x7f, 0xff, 0xff, 0xc0, 0x0, 0x0, 0x0, 0x0,
    0x0, 0x0, 0x0, 0x0, 0x0, 0xc, 0xff, 0xff,
    0xf7, 0x7f, 0xff, 0xff, 0xc0, 0x0, 0x0, 0x0,
    0x0, 0x0, 0x0, 0x0, 0x0, 0x0, 0xc, 0xff,
    0xff, 0xf8, 0x7f, 0xff, 0xff, 0xc0, 0x0, 0x0,
    0x0, 0x0, 0x0, 0x0, 0x0, 0x0, 0x0, 0xd,
    0xff, 0xff, 0xf7, 0x7f, 0xff, 0xff, 0xc0, 0x0,
    0x0, 0x0, 0x0, 0x0, 0x0, 0x0, 0x0, 0x0,
    0xf, 0xff, 0xff, 0xf5, 0x7f, 0xff, 0xff, 0xc0,
    0x0, 0x0, 0x0, 0x0, 0x0, 0x0, 0x0, 0x0,
    0x0, 0x3f, 0xff, 0xff, 0xf3, 0x7f, 0xff, 0xff,
    0xc0, 0x0, 0x0, 0x0, 0x0, 0x0, 0x0, 0x0,
    0x0, 0x0, 0x8f, 0xff, 0xff, 0xf0, 0x7f, 0xff,
    0xff, 0xc0, 0x0, 0x0, 0x0, 0x0, 0x0, 0x0,
    0x0, 0x0, 0x0, 0xef, 0xff, 0xff, 0xb0, 0x7f,
    0xff, 0xff, 0xc0, 0x0, 0x0, 0x0, 0x0, 0x0,
    0x0, 0x0, 0x0, 0x7, 0xff, 0xff, 0xff, 0x60,
    0x7f, 0xff, 0xff, 0xc0, 0x0, 0x0, 0x0, 0x0,
    0x0, 0x0, 0x0, 0x0, 0x3f, 0xff, 0xff, 0xfe,
    0x0, 0x7f, 0xff, 0xff, 0xc0, 0x0, 0x0, 0x0,
    0x0, 0x0, 0x0, 0x0, 0x3, 0xef, 0xff, 0xff,
    0xf7, 0x0, 0x7f, 0xff, 0xff, 0xc0, 0x0, 0x0,
    0x0, 0x0, 0x0, 0x0, 0x0, 0x6f, 0xff, 0xff,
    0xff, 0xc0, 0x0, 0x7f, 0xff, 0xff, 0xc0, 0x0,
    0x0, 0x0, 0x0, 0x0, 0x0, 0x5c, 0xff, 0xff,
    0xff, 0xff, 0x20, 0x0, 0x7f, 0xff, 0xff, 0xd4,
    0x44, 0x44, 0x44, 0x45, 0x68, 0xbf, 0xff, 0xff,
    0xff, 0xff, 0xf4, 0x0, 0x0, 0x7f, 0xff, 0xff,
    0xff, 0xff, 0xff, 0xff, 0xff, 0xff, 0xff, 0xff,
    0xff, 0xff, 0xff, 0x40, 0x0, 0x0, 0x7f, 0xff,
    0xff, 0xff, 0xff, 0xff, 0xff, 0xff, 0xff, 0xff,
    0xff, 0xff, 0xff, 0xd2, 0x0, 0x0, 0x0, 0x7f,
    0xff, 0xff, 0xff, 0xff, 0xff, 0xff, 0xff, 0xff,
    0xff, 0xff, 0xff, 0xf7, 0x0, 0x0, 0x0, 0x0,
    0x7f, 0xff, 0xff, 0xff, 0xff, 0xff, 0xff, 0xff,
    0xff, 0xff, 0xff, 0xd7, 0x10, 0x0, 0x0, 0x0,
    0x0, 0x7f, 0xff, 0xff, 0xff, 0xff, 0xff, 0xff,
    0xff, 0xfe, 0xc9, 0x62, 0x0, 0x0, 0x0, 0x0,
    0x0, 0x0,

    /* U+0045 "E" */
    0x7f, 0xff, 0xff, 0xff, 0xff, 0xff, 0xff, 0xff,
    0xff, 0xff, 0xff, 0xff, 0xf0, 0x7f, 0xff, 0xff,
    0xff, 0xff, 0xff, 0xff, 0xff, 0xff, 0xff, 0xff,
    0xff, 0xf0, 0x7f, 0xff, 0xff, 0xff, 0xff, 0xff,
    0xff, 0xff, 0xff, 0xff, 0xff, 0xff, 0xf0, 0x7f,
    0xff, 0xff, 0xff, 0xff, 0xff, 0xff, 0xff, 0xff,
    0xff, 0xff, 0xff, 0xf0, 0x7f, 0xff, 0xff, 0xff,
    0xff, 0xff, 0xff, 0xff, 0xff, 0xff, 0xff, 0xff,
    0xf0, 0x7f, 0xff, 0xff, 0xd4, 0x44, 0x44, 0x44,
    0x44, 0x44, 0x44, 0x44, 0x44, 0x40, 0x7f, 0xff,
    0xff, 0xc0, 0x0, 0x0, 0x0, 0x0, 0x0, 0x0,
    0x0, 0x0, 0x0, 0x7f, 0xff, 0xff, 0xc0, 0x0,
    0x0, 0x0, 0x0, 0x0, 0x0, 0x0, 0x0, 0x0,
    0x7f, 0xff, 0xff, 0xc0, 0x0, 0x0, 0x0, 0x0,
    0x0, 0x0, 0x0, 0x0, 0x0, 0x7f, 0xff, 0xff,
    0xc0, 0x0, 0x0, 0x0, 0x0, 0x0, 0x0, 0x0,
    0x0, 0x0, 0x7f, 0xff, 0xff, 0xc0, 0x0, 0x0,
    0x0, 0x0, 0x0, 0x0, 0x0, 0x0, 0x0, 0x7f,
    0xff, 0xff, 0xc0, 0x0, 0x0, 0x0, 0x0, 0x0,
    0x0, 0x0, 0x0, 0x0, 0x7f, 0xff, 0xff, 0xc0,
    0x0, 0x0, 0x0, 0x0, 0x0, 0x0, 0x0, 0x0,
    0x0, 0x7f, 0xff, 0xff, 0xc0, 0x0, 0x0, 0x0,
    0x0, 0x0, 0x0, 0x0, 0x0, 0x0, 0x7f, 0xff,
    0xff, 0xff, 0xff, 0xff, 0xff, 0xff, 0xff, 0xff,
    0xff, 0xf0, 0x0, 0x7f, 0xff, 0xff, 0xff, 0xff,
    0xff, 0xff, 0xff, 0xff, 0xff, 0xff, 0xf0, 0x0,
    0x7f, 0xff, 0xff, 0xff, 0xff, 0xff, 0xff, 0xff,
    0xff, 0xff, 0xff, 0xf0, 0x0, 0x7f, 0xff, 0xff,
    0xff, 0xff, 0xff, 0xff, 0xff, 0xff, 0xff, 0xff,
    0xf0, 0x0, 0x7f, 0xff, 0xff, 0xff, 0xff, 0xff,
    0xff, 0xff, 0xff, 0xff, 0xff, 0xf0, 0x0, 0x7f,
    0xff, 0xff, 0xc2, 0x22, 0x22, 0x22, 0x22, 0x22,
    0x22, 0x22, 0x20, 0x0, 0x7f, 0xff, 0xff, 0xc0,
    0x0, 0x0, 0x0, 0x0, 0x0, 0x0, 0x0, 0x0,
    0x0, 0x7f, 0xff, 0xff, 0xc0, 0x0, 0x0, 0x0,
    0x0, 0x0, 0x0, 0x0, 0x0, 0x0, 0x7f, 0xff,
    0xff, 0xc0, 0x0, 0x0, 0x0, 0x0, 0x0, 0x0,
    0x0, 0x0, 0x0, 0x7f, 0xff, 0xff, 0xc0, 0x0,
    0x0, 0x0, 0x0, 0x0, 0x0, 0x0, 0x0, 0x0,
    0x7f, 0xff, 0xff, 0xc0, 0x0, 0x0, 0x0, 0x0,
    0x0, 0x0, 0x0, 0x0, 0x0, 0x7f, 0xff, 0xff,
    0xc0, 0x0, 0x0, 0x0, 0x0, 0x0, 0x0, 0x0,
    0x0, 0x0, 0x7f, 0xff, 0xff, 0xc0, 0x0, 0x0,
    0x0, 0x0, 0x0, 0x0, 0x0, 0x0, 0x0, 0x7f,
    0xff, 0xff, 0xc0, 0x0, 0x0, 0x0, 0x0, 0x0,
    0x0, 0x0, 0x0, 0x0, 0x7f, 0xff, 0xff, 0xd4,
    0x44, 0x44, 0x44, 0x44, 0x44, 0x44, 0x44, 0x44,
    0x42, 0x7f, 0xff, 0xff, 0xff, 0xff, 0xff, 0xff,
    0xff, 0xff, 0xff, 0xff, 0xff, 0xfb, 0x7f, 0xff,
    0xff, 0xff, 0xff, 0xff, 0xff, 0xff, 0xff, 0xff,
    0xff, 0xff, 0xfb, 0x7f, 0xff, 0xff, 0xff, 0xff,
    0xff, 0xff, 0xff, 0xff, 0xff, 0xff, 0xff, 0xfb,
    0x7f, 0xff, 0xff, 0xff, 0xff, 0xff, 0xff, 0xff,
    0xff, 0xff, 0xff, 0xff, 0xfb, 0x7f, 0xff, 0xff,
    0xff, 0xff, 0xff, 0xff, 0xff, 0xff, 0xff, 0xff,
    0xff, 0xfb,

    /* U+0046 "F" */
    0x7f, 0xff, 0xff, 0xff, 0xff, 0xff, 0xff, 0xff,
    0xff, 0xff, 0xff, 0xff, 0xf0, 0x7f, 0xff, 0xff,
    0xff, 0xff, 0xff, 0xff, 0xff, 0xff, 0xff, 0xff,
    0xff, 0xf0, 0x7f, 0xff, 0xff, 0xff, 0xff, 0xff,
    0xff, 0xff, 0xff, 0xff, 0xff, 0xff, 0xf0, 0x7f,
    0xff, 0xff, 0xff, 0xff, 0xff, 0xff, 0xff, 0xff,
    0xff, 0xff, 0xff, 0xf0, 0x7f, 0xff, 0xff, 0xff,
    0xff, 0xff, 0xff, 0xff, 0xff, 0xff, 0xff, 0xff,
    0xf0, 0x7f, 0xff, 0xff, 0xd4, 0x44, 0x44, 0x44,
    0x44, 0x44, 0x44, 0x44, 0x44, 0x40, 0x7f, 0xff,
    0xff, 0xc0, 0x0, 0x0, 0x0, 0x0, 0x0, 0x0,
    0x0, 0x0, 0x0, 0x7f, 0xff, 0xff, 0xc0, 0x0,
    0x0, 0x0, 0x0, 0x0, 0x0, 0x0, 0x0, 0x0,
    0x7f, 0xff, 0xff, 0xc0, 0x0, 0x0, 0x0, 0x0,
    0x0, 0x0, 0x0, 0x0, 0x0, 0x7f, 0xff, 0xff,
    0xc0, 0x0, 0x0, 0x0, 0x0, 0x0, 0x0, 0x0,
    0x0, 0x0, 0x7f, 0xff, 0xff, 0xc0, 0x0, 0x0,
    0x0, 0x0, 0x0, 0x0, 0x0, 0x0, 0x0, 0x7f,
    0xff, 0xff, 0xc0, 0x0, 0x0, 0x0, 0x0, 0x0,
    0x0, 0x0, 0x0, 0x0, 0x7f, 0xff, 0xff, 0xc0,
    0x0, 0x0, 0x0, 0x0, 0x0, 0x0, 0x0, 0x0,
    0x0, 0x7f, 0xff, 0xff, 0xc0, 0x0, 0x0, 0x0,
    0x0, 0x0, 0x0, 0x0, 0x0, 0x0, 0x7f, 0xff,
    0xff, 0xc0, 0x0, 0x0, 0x0, 0x0, 0x0, 0x0,
    0x0, 0x0, 0x0, 0x7f, 0xff, 0xff, 0xd4, 0x44,
    0x44, 0x44, 0x44, 0x44, 0x44, 0x44, 0x40, 0x0,
    0x7f, 0xff, 0xff, 0xff, 0xff, 0xff, 0xff, 0xff,
    0xff, 0xff, 0xff, 0xf0, 0x0, 0x7f, 0xff, 0xff,
    0xff, 0xff, 0xff, 0xff, 0xff, 0xff, 0xff, 0xff,
    0xf0, 0x0, 0x7f, 0xff, 0xff, 0xff, 0xff, 0xff,
    0xff, 0xff, 0xff, 0xff, 0xff, 0xf0, 0x0, 0x7f,
    0xff, 0xff, 0xff, 0xff, 0xff, 0xff, 0xff, 0xff,
    0xff, 0xff, 0xf0, 0x0, 0x7f, 0xff, 0xff, 0xff,
    0xff, 0xff, 0xff, 0xff, 0xff, 0xff, 0xff, 0xf0,
    0x0, 0x7f, 0xff, 0xff, 0xc0, 0x0, 0x0, 0x0,
    0x0, 0x0, 0x0, 0x0, 0x0, 0x0, 0x7f, 0xff,
    0xff, 0xc0, 0x0, 0x0, 0x0, 0x0, 0x0, 0x0,
    0x0, 0x0, 0x0, 0x7f, 0xff, 0xff, 0xc0, 0x0,
    0x0, 0x0, 0x0, 0x0, 0x0, 0x0, 0x0, 0x0,
    0x7f, 0xff, 0xff, 0xc0, 0x0, 0x0, 0x0, 0x0,
    0x0, 0x0, 0x0, 0x0, 0x0, 0x7f, 0xff, 0xff,
    0xc0, 0x0, 0x0, 0x0, 0x0, 0x0, 0x0, 0x0,
    0x0, 0x0, 0x7f, 0xff, 0xff, 0xc0, 0x0, 0x0,
    0x0, 0x0, 0x0, 0x0, 0x0, 0x0, 0x0, 0x7f,
    0xff, 0xff, 0xc0, 0x0, 0x0, 0x0, 0x0, 0x0,
    0x0, 0x0, 0x0, 0x0, 0x7f, 0xff, 0xff, 0xc0,
    0x0, 0x0, 0x0, 0x0, 0x0, 0x0, 0x0, 0x0,
    0x0, 0x7f, 0xff, 0xff, 0xc0, 0x0, 0x0, 0x0,
    0x0, 0x0, 0x0, 0x0, 0x0, 0x0, 0x7f, 0xff,
    0xff, 0xc0, 0x0, 0x0, 0x0, 0x0, 0x0, 0x0,
    0x0, 0x0, 0x0, 0x7f, 0xff, 0xff, 0xc0, 0x0,
    0x0, 0x0, 0x0, 0x0, 0x0, 0x0, 0x0, 0x0,
    0x7f, 0xff, 0xff, 0xc0, 0x0, 0x0, 0x0, 0x0,
    0x0, 0x0, 0x0, 0x0, 0x0, 0x7f, 0xff, 0xff,
    0xc0, 0x0, 0x0, 0x0, 0x0, 0x0, 0x0, 0x0,
    0x0, 0x0,

    /* U+0047 "G" */
    0x0, 0x0, 0x0, 0x0, 0x0, 0x0, 0x37, 0xac,
    0xef, 0xff, 0xec, 0x95, 0x10, 0x0, 0x0, 0x0,
    0x0, 0x0, 0x0, 0x0, 0x1, 0x8e, 0xff, 0xff,
    0xff, 0xff, 0xff, 0xff, 0xfc, 0x50, 0x0, 0x0,
    0x0, 0x0, 0x0, 0x0, 0x8f, 0xff, 0xff, 0xff,
    0xff, 0xff, 0xff, 0xff, 0xff, 0xfd, 0x40, 0x0,
    0x0, 0x0, 0x0, 0x4e, 0xff, 0xff, 0xff, 0xff,
    0xff, 0xff, 0xff, 0xff, 0xff, 0xff, 0xf9, 0x0,
    0x0, 0x0, 0x6, 0xff, 0xff, 0xff, 0xff, 0xff,
    0xff, 0xff, 0xff, 0xff, 0xff, 0xff, 0xff, 0xc0,
    0x0, 0x0, 0x6f, 0xff, 0xff, 0xff, 0xff, 0xfd,
    0xa9, 0x89, 0xad, 0xff, 0xff, 0xff, 0xff, 0xf8,
    0x0, 0x5, 0xff, 0xff, 0xff, 0xff, 0xd6, 0x10,
    0x0, 0x0, 0x0, 0x16, 0xef, 0xff, 0xff, 0xb0,
    0x0, 0x1f, 0xff, 0xff, 0xff, 0xf7, 0x0, 0x0,
    0x0, 0x0, 0x0, 0x0, 0x6, 0xff, 0xfa, 0x0,
    0x0, 0xaf, 0xff, 0xff, 0xfe, 0x30, 0x0, 0x0,
    0x0, 0x0, 0x0, 0x0, 0x0, 0x2d, 0x90, 0x0,
    0x3, 0xff, 0xff, 0xff, 0xe2, 0x0, 0x0, 0x0,
    0x0, 0x0, 0x0, 0x0, 0x0, 0x0, 0x0, 0x0,
    0xa, 0xff, 0xff, 0xff, 0x50, 0x0, 0x0, 0x0,
    0x0, 0x0, 0x0, 0x0, 0x0, 0x0, 0x0, 0x0,
    0xf, 0xff, 0xff, 0xfb, 0x0, 0x0, 0x0, 0x0,
    0x0, 0x0, 0x0, 0x0, 0x0, 0x0, 0x0, 0x0,
    0x5f, 0xff, 0xff, 0xf4, 0x0, 0x0, 0x0, 0x0,
    0x0, 0x0, 0x0, 0x0, 0x0, 0x0, 0x0, 0x0,
    0x8f, 0xff, 0xff, 0xe0, 0x0, 0x0, 0x0, 0x0,
    0x0, 0x0, 0x0, 0x0, 0x0, 0x0, 0x0, 0x0,
    0xbf, 0xff, 0xff, 0xa0, 0x0, 0x0, 0x0, 0x0,
    0x0, 0x0, 0x0, 0x0, 0x0, 0x0, 0x0, 0x0,
    0xdf, 0xff, 0xff, 0x80, 0x0, 0x0, 0x0, 0x0,
    0x0, 0x0, 0x0, 0x0, 0x0, 0x0, 0x0, 0x0,
    0xdf, 0xff, 0xff, 0x60, 0x0, 0x0, 0x0, 0x0,
    0x0, 0x0, 0x0, 0x0, 0x3, 0x66, 0x66, 0x62,
    0xdf, 0xff, 0xff, 0x60, 0x0, 0x0, 0x0, 0x0,
    0x0, 0x0, 0x0, 0x0, 0x8, 0xff, 0xff, 0xf5,
    0xdf, 0xff, 0xff, 0x80, 0x0, 0x0, 0x0, 0x0,
    0x0, 0x0, 0x0, 0x0, 0x8, 0xff, 0xff, 0xf5,
    0xbf, 0xff, 0xff, 0xa0, 0x0, 0x0, 0x0, 0x0,
    0x0, 0x0, 0x0, 0x0, 0x8, 0xff, 0xff, 0xf5,
    0x8f, 0xff, 0xff, 0xe0, 0x0, 0x0, 0x0, 0x0,
    0x0, 0x0, 0x0, 0x0, 0x8, 0xff, 0xff, 0xf5,
    0x5f, 0xff, 0xff, 0xf4, 0x0, 0x0, 0x0, 0x0,
    0x0, 0x0, 0x0, 0x0, 0x8, 0xff, 0xff, 0xf5,
    0xf, 0xff, 0xff, 0xfb, 0x0, 0x0, 0x0, 0x0,
    0x0, 0x0, 0x0, 0x0, 0x8, 0xff, 0xff, 0xf5,
    0xa, 0xff, 0xff, 0xff, 0x50, 0x0, 0x0, 0x0,
    0x0, 0x0, 0x0, 0x0, 0x8, 0xff, 0xff, 0xf5,
    0x3, 0xff, 0xff, 0xff, 0xe2, 0x0, 0x0, 0x0,
    0x0, 0x0, 0x0, 0x0, 0x8, 0xff, 0xff, 0xf5,
    0x0, 0xaf, 0xff, 0xff, 0xfe, 0x30, 0x0, 0x0,
    0x0, 0x0, 0x0, 0x0, 0x8, 0xff, 0xff, 0xf5,
    0x0, 0x1f, 0xff, 0xff, 0xff, 0xf6, 0x0, 0x0,
    0x0, 0x0, 0x0, 0x0, 0x9, 0xff, 0xff, 0xf5,
    0x0, 0x5, 0xff, 0xff, 0xff, 0xff, 0xd6, 0x10,
    0x0, 0x0, 0x0, 0x5, 0xbf, 0xff, 0xff, 0xf5,
    0x0, 0x0, 0x7f, 0xff, 0xff, 0xff, 0xff, 0xfc,
    0xa8, 0x78, 0x9c, 0xff, 0xff, 0xff, 0xff, 0xf5,
    0x0, 0x0, 0x6, 0xff, 0xff, 0xff, 0xff, 0xff,
    0xff, 0xff, 0xff, 0xff, 0xff, 0xff, 0xff, 0xf4,
    0x0, 0x0, 0x0, 0x4e, 0xff, 0xff, 0xff, 0xff,
    0xff, 0xff, 0xff, 0xff, 0xff, 0xff, 0xfe, 0x50,
    0x0, 0x0, 0x0, 0x1, 0x9f, 0xff, 0xff, 0xff,
    0xff, 0xff, 0xff, 0xff, 0xff, 0xff, 0x91, 0x0,
    0x0, 0x0, 0x0, 0x0, 0x1, 0x8e, 0xff, 0xff,
    0xff, 0xff, 0xff, 0xff, 0xfd, 0x71, 0x0, 0x0,
    0x0, 0x0, 0x0, 0x0, 0x0, 0x0, 0x37, 0xbd,
    0xef, 0xff, 0xec, 0x96, 0x10, 0x0, 0x0, 0x0,

    /* U+0048 "H" */
    0x7f, 0xff, 0xff, 0xc0, 0x0, 0x0, 0x0, 0x0,
    0x0, 0x0, 0x0, 0x0, 0xef, 0xff, 0xff, 0x67,
    0xff, 0xff, 0xfc, 0x0, 0x0, 0x0, 0x0, 0x0,
    0x0, 0x0, 0x0, 0xe, 0xff, 0xff, 0xf6, 0x7f,
    0xff, 0xff, 0xc0, 0x0, 0x0, 0x0, 0x0, 0x0,
    0x0, 0x0, 0x0, 0xef, 0xff, 0xff, 0x67, 0xff,
    0xff, 0xfc, 0x0, 0x0, 0x0, 0x0, 0x0, 0x0,
    0x0, 0x0, 0xe, 0xff, 0xff, 0xf6, 0x7f, 0xff,
    0xff, 0xc0, 0x0, 0x0, 0x0, 0x0, 0x0, 0x0,
    0x0, 0x0, 0xef, 0xff, 0xff, 0x67, 0xff, 0xff,
    0xfc, 0x0, 0x0, 0x0, 0x0, 0x0, 0x0, 0x0,
    0x0, 0xe, 0xff, 0xff, 0xf6, 0x7f, 0xff, 0xff,
    0xc0, 0x0, 0x0, 0x0, 0x0, 0x0, 0x0, 0x0,
    0x0, 0xef, 0xff, 0xff, 0x67, 0xff, 0xff, 0xfc,
    0x0, 0x0, 0x0, 0x0, 0x0, 0x0, 0x0, 0x0,
    0xe, 0xff, 0xff, 0xf6, 0x7f, 0xff, 0xff, 0xc0,
    0x0, 0x0, 0x0, 0x0, 0x0, 0x0, 0x0, 0x0,
    0xef, 0xff, 0xff, 0x67, 0xff, 0xff, 0xfc, 0x0,
    0x0, 0x0, 0x0, 0x0, 0x0, 0x0, 0x0, 0xe,
    0xff, 0xff, 0xf6, 0x7f, 0xff, 0xff, 0xc0, 0x0,
    0x0, 0x0, 0x0, 0x0, 0x0, 0x0, 0x0, 0xef,
    0xff, 0xff, 0x67, 0xff, 0xff, 0xfc, 0x0, 0x0,
    0x0, 0x0, 0x0, 0x0, 0x0, 0x0, 0xe, 0xff,
    0xff, 0xf6, 0x7f, 0xff, 0xff, 0xc0, 0x0, 0x0,
    0x0, 0x0, 0x0, 0x0, 0x0, 0x0, 0xef, 0xff,
    0xff, 0x67, 0xff, 0xff, 0xfc, 0x0, 0x0, 0x0,
    0x0, 0x0, 0x0, 0x0, 0x0, 0xe, 0xff, 0xff,
    0xf6, 0x7f, 0xff, 0xff, 0xff, 0xff, 0xff, 0xff,
    0xff, 0xff, 0xff, 0xff, 0xff, 0xff, 0xff, 0xff,
    0x67, 0xff, 0xff, 0xff, 0xff, 0xff, 0xff, 0xff,
    0xff, 0xff, 0xff, 0xff, 0xff, 0xff, 0xff, 0xf6,
    0x7f, 0xff, 0xff, 0xff, 0xff, 0xff, 0xff, 0xff,
    0xff, 0xff, 0xff, 0xff, 0xff, 0xff, 0xff, 0x67,
    0xff, 0xff, 0xff, 0xff, 0xff, 0xff, 0xff, 0xff,
    0xff, 0xff, 0xff, 0xff, 0xff, 0xff, 0xf6, 0x7f,
    0xff, 0xff, 0xff, 0xff, 0xff, 0xff, 0xff, 0xff,
    0xff, 0xff, 0xff, 0xff, 0xff, 0xff, 0x67, 0xff,
    0xff, 0xfd, 0x55, 0x55, 0x55, 0x55, 0x55, 0x55,
    0x55, 0x55, 0x5e, 0xff, 0xff, 0xf6, 0x7f, 0xff,
    0xff, 0xc0, 0x0, 0x0, 0x0, 0x0, 0x0, 0x0,
    0x0, 0x0, 0xef, 0xff, 0xff, 0x67, 0xff, 0xff,
    0xfc, 0x0, 0x0, 0x0, 0x0, 0x0, 0x0, 0x0,
    0x0, 0xe, 0xff, 0xff, 0xf6, 0x7f, 0xff, 0xff,
    0xc0, 0x0, 0x0, 0x0, 0x0, 0x0, 0x0, 0x0,
    0x0, 0xef, 0xff, 0xff, 0x67, 0xff, 0xff, 0xfc,
    0x0, 0x0, 0x0, 0x0, 0x0, 0x0, 0x0, 0x0,
    0xe, 0xff, 0xff, 0xf6, 0x7f, 0xff, 0xff, 0xc0,
    0x0, 0x0, 0x0, 0x0, 0x0, 0x0, 0x0, 0x0,
    0xef, 0xff, 0xff, 0x67, 0xff, 0xff, 0xfc, 0x0,
    0x0, 0x0, 0x0, 0x0, 0x0, 0x0, 0x0, 0xe,
    0xff, 0xff, 0xf6, 0x7f, 0xff, 0xff, 0xc0, 0x0,
    0x0, 0x0, 0x0, 0x0, 0x0, 0x0, 0x0, 0xef,
    0xff, 0xff, 0x67, 0xff, 0xff, 0xfc, 0x0, 0x0,
    0x0, 0x0, 0x0, 0x0, 0x0, 0x0, 0xe, 0xff,
    0xff, 0xf6, 0x7f, 0xff, 0xff, 0xc0, 0x0, 0x0,
    0x0, 0x0, 0x0, 0x0, 0x0, 0x0, 0xef, 0xff,
    0xff, 0x67, 0xff, 0xff, 0xfc, 0x0, 0x0, 0x0,
    0x0, 0x0, 0x0, 0x0, 0x0, 0xe, 0xff, 0xff,
    0xf6, 0x7f, 0xff, 0xff, 0xc0, 0x0, 0x0, 0x0,
    0x0, 0x0, 0x0, 0x0, 0x0, 0xef, 0xff, 0xff,
    0x67, 0xff, 0xff, 0xfc, 0x0, 0x0, 0x0, 0x0,
    0x0, 0x0, 0x0, 0x0, 0xe, 0xff, 0xff, 0xf6,
    0x7f, 0xff, 0xff, 0xc0, 0x0, 0x0, 0x0, 0x0,
    0x0, 0x0, 0x0, 0x0, 0xef, 0xff, 0xff, 0x67,
    0xff, 0xff, 0xfc, 0x0, 0x0, 0x0, 0x0, 0x0,
    0x0, 0x0, 0x0, 0xe, 0xff, 0xff, 0xf6,

    /* U+0049 "I" */
    0x7f, 0xff, 0xff, 0xc7, 0xff, 0xff, 0xfc, 0x7f,
    0xff, 0xff, 0xc7, 0xff, 0xff, 0xfc, 0x7f, 0xff,
    0xff, 0xc7, 0xff, 0xff, 0xfc, 0x7f, 0xff, 0xff,
    0xc7, 0xff, 0xff, 0xfc, 0x7f, 0xff, 0xff, 0xc7,
    0xff, 0xff, 0xfc, 0x7f, 0xff, 0xff, 0xc7, 0xff,
    0xff, 0xfc, 0x7f, 0xff, 0xff, 0xc7, 0xff, 0xff,
    0xfc, 0x7f, 0xff, 0xff, 0xc7, 0xff, 0xff, 0xfc,
    0x7f, 0xff, 0xff, 0xc7, 0xff, 0xff, 0xfc, 0x7f,
    0xff, 0xff, 0xc7, 0xff, 0xff, 0xfc, 0x7f, 0xff,
    0xff, 0xc7, 0xff, 0xff, 0xfc, 0x7f, 0xff, 0xff,
    0xc7, 0xff, 0xff, 0xfc, 0x7f, 0xff, 0xff, 0xc7,
    0xff, 0xff, 0xfc, 0x7f, 0xff, 0xff, 0xc7, 0xff,
    0xff, 0xfc, 0x7f, 0xff, 0xff, 0xc7, 0xff, 0xff,
    0xfc, 0x7f, 0xff, 0xff, 0xc7, 0xff, 0xff, 0xfc,
    0x7f, 0xff, 0xff, 0xc7, 0xff, 0xff, 0xfc,

    /* U+004A "J" */
    0x0, 0x2, 0xff, 0xff, 0xff, 0xff, 0xff, 0xff,
    0xff, 0xff, 0xff, 0x10, 0x0, 0x2f, 0xff, 0xff,
    0xff, 0xff, 0xff, 0xff, 0xff, 0xff, 0xf1, 0x0,
    0x2, 0xff, 0xff, 0xff, 0xff, 0xff, 0xff, 0xff,
    0xff, 0xff, 0x10, 0x0, 0x2f, 0xff, 0xff, 0xff,
    0xff, 0xff, 0xff, 0xff, 0xff, 0xf1, 0x0, 0x2,
    0xff, 0xff, 0xff, 0xff, 0xff, 0xff, 0xff, 0xff,
    0xff, 0x10, 0x0, 0x4, 0x44, 0x44, 0x44, 0x44,
    0x44, 0x6f, 0xff, 0xff, 0xf1, 0x0, 0x0, 0x0,
    0x0, 0x0, 0x0, 0x0, 0x2, 0xff, 0xff, 0xff,
    0x10, 0x0, 0x0, 0x0, 0x0, 0x0, 0x0, 0x0,
    0x2f, 0xff, 0xff, 0xf1, 0x0, 0x0, 0x0, 0x0,
    0x0, 0x0, 0x0, 0x2, 0xff, 0xff, 0xff, 0x10,
    0x0, 0x0, 0x0, 0x0, 0x0, 0x0, 0x0, 0x2f,
    0xff, 0xff, 0xf1, 0x0, 0x0, 0x0, 0x0, 0x0,
    0x0, 0x0, 0x2, 0xff, 0xff, 0xff, 0x10, 0x0,
    0x0, 0x0, 0x0, 0x0, 0x0, 0x0, 0x2f, 0xff,
    0xff, 0xf1, 0x0, 0x0, 0x0, 0x0, 0x0, 0x0,
    0x0, 0x2, 0xff, 0xff, 0xff, 0x10, 0x0, 0x0,
    0x0, 0x0, 0x0, 0x0, 0x0, 0x2f, 0xff, 0xff,
    0xf1, 0x0, 0x0, 0x0, 0x0, 0x0, 0x0, 0x0,
    0x2, 0xff, 0xff, 0xff, 0x10, 0x0, 0x0, 0x0,
    0x0, 0x0, 0x0, 0x0, 0x2f, 0xff, 0xff, 0xf1,
    0x0, 0x0, 0x0, 0x0, 0x0, 0x0, 0x0, 0x2,
    0xff, 0xff, 0xff, 0x10, 0x0, 0x0, 0x0, 0x0,
    0x0, 0x0, 0x0, 0x2f, 0xff, 0xff, 0xf1, 0x0,
    0x0, 0x0, 0x0, 0x0, 0x0, 0x0, 0x2, 0xff,
    0xff, 0xff, 0x10, 0x0, 0x0, 0x0, 0x0, 0x0,
    0x0, 0x0, 0x2f, 0xff, 0xff, 0xf1, 0x0, 0x0,
    0x0, 0x0, 0x0, 0x0, 0x0, 0x2, 0xff, 0xff,
    0xff, 0x10, 0x0, 0x0, 0x0, 0x0, 0x0, 0x0,
    0x0, 0x2f, 0xff, 0xff, 0xf1, 0x0, 0x0, 0x0,
    0x0, 0x0, 0x0, 0x0, 0x2, 0xff, 0xff, 0xff,
    0x0, 0x0, 0x0, 0x0, 0x0, 0x0, 0x0, 0x0,
    0x3f, 0xff, 0xff, 0xf0, 0x0, 0x0, 0x0, 0x0,
    0x0, 0x0, 0x0, 0x5, 0xff, 0xff, 0xfe, 0x0,
    0x0, 0x97, 0x0, 0x0, 0x0, 0x0, 0x0, 0x9f,
    0xff, 0xff, 0xc0, 0x0, 0x6f, 0xf6, 0x0, 0x0,
    0x0, 0x0, 0x1f, 0xff, 0xff, 0xf8, 0x0, 0x4f,
    0xff, 0xf9, 0x10, 0x0, 0x0, 0x1c, 0xff, 0xff,
    0xff, 0x40, 0x2e, 0xff, 0xff, 0xff, 0xa6, 0x55,
    0x9f, 0xff, 0xff, 0xff, 0xd0, 0x5, 0xff, 0xff,
    0xff, 0xff, 0xff, 0xff, 0xff, 0xff, 0xff, 0xf5,
    0x0, 0x6, 0xff, 0xff, 0xff, 0xff, 0xff, 0xff,
    0xff, 0xff, 0xf9, 0x0, 0x0, 0x5, 0xef, 0xff,
    0xff, 0xff, 0xff, 0xff, 0xff, 0xf9, 0x0, 0x0,
    0x0, 0x1, 0x9f, 0xff, 0xff, 0xff, 0xff, 0xff,
    0xd5, 0x0, 0x0, 0x0, 0x0, 0x0, 0x5, 0xad,
    0xef, 0xfe, 0xc8, 0x40, 0x0, 0x0, 0x0,

    /* U+004B "K" */
    0x7f, 0xff, 0xff, 0xc0, 0x0, 0x0, 0x0, 0x0,
    0x0, 0x0, 0x0, 0x2e, 0xff, 0xff, 0xfd, 0x10,
    0x7f, 0xff, 0xff, 0xc0, 0x0, 0x0, 0x0, 0x0,
    0x0, 0x0, 0x2, 0xef, 0xff, 0xff, 0xd1, 0x0,
    0x7f, 0xff, 0xff, 0xc0, 0x0, 0x0, 0x0, 0x0,
    0x0, 0x0, 0x2e, 0xff, 0xff, 0xfe, 0x20, 0x0,
    0x7f, 0xff, 0xff, 0xc0, 0x0, 0x0, 0x0, 0x0,
    0x0, 0x1, 0xdf, 0xff, 0xff, 0xe2, 0x0, 0x0,
    0x7f, 0xff, 0xff, 0xc0, 0x0, 0x0, 0x0, 0x0,
    0x0, 0x1d, 0xff, 0xff, 0xff, 0x30, 0x0, 0x0,
    0x7f, 0xff, 0xff, 0xc0, 0x0, 0x0, 0x0, 0x0,
    0x1, 0xdf, 0xff, 0xff, 0xf4, 0x0, 0x0, 0x0,
    0x7f, 0xff, 0xff, 0xc0, 0x0, 0x0, 0x0, 0x0,
    0xc, 0xff, 0xff, 0xff, 0x50, 0x0, 0x0, 0x0,
    0x7f, 0xff, 0xff, 0xc0, 0x0, 0x0, 0x0, 0x0,
    0xbf, 0xff, 0xff, 0xf6, 0x0, 0x0, 0x0, 0x0,
    0x7f, 0xff, 0xff, 0xc0, 0x0, 0x0, 0x0, 0xb,
    0xff, 0xff, 0xff, 0x70, 0x0, 0x0, 0x0, 0x0,
    0x7f, 0xff, 0xff, 0xc0, 0x0, 0x0, 0x0, 0xaf,
    0xff, 0xff, 0xf8, 0x0, 0x0, 0x0, 0x0, 0x0,
    0x7f, 0xff, 0xff, 0xc0, 0x0, 0x0, 0xa, 0xff,
    0xff, 0xff, 0x90, 0x0, 0x0, 0x0, 0x0, 0x0,
    0x7f, 0xff, 0xff, 0xc0, 0x0, 0x0, 0x9f, 0xff,
    0xff, 0xfa, 0x0, 0x0, 0x0, 0x0, 0x0, 0x0,
    0x7f, 0xff, 0xff, 0xc0, 0x0, 0x8, 0xff, 0xff,
    0xff, 0xb0, 0x0, 0x0, 0x0, 0x0, 0x0, 0x0,
    0x7f, 0xff, 0xff, 0xc0, 0x0, 0x8f, 0xff, 0xff,
    0xfc, 0x0, 0x0, 0x0, 0x0, 0x0, 0x0, 0x0,
    0x7f, 0xff, 0xff, 0xc0, 0x7, 0xff, 0xff, 0xff,
    0xd1, 0x0, 0x0, 0x0, 0x0, 0x0, 0x0, 0x0,
    0x7f, 0xff, 0xff, 0xc0, 0x6f, 0xff, 0xff, 0xff,
    0x80, 0x0, 0x0, 0x0, 0x0, 0x0, 0x0, 0x0,
    0x7f, 0xff, 0xff, 0xc5, 0xff, 0xff, 0xff, 0xff,
    0xf4, 0x0, 0x0, 0x0, 0x0, 0x0, 0x0, 0x0,
    0x7f, 0xff, 0xff, 0xef, 0xff, 0xff, 0xff, 0xff,
    0xfe, 0x20, 0x0, 0x0, 0x0, 0x0, 0x0, 0x0,
    0x7f, 0xff, 0xff, 0xff, 0xff, 0xff, 0xff, 0xff,
    0xff, 0xd0, 0x0, 0x0, 0x0, 0x0, 0x0, 0x0,
    0x7f, 0xff, 0xff, 0xff, 0xff, 0xff, 0xff, 0xff,
    0xff, 0xfa, 0x0, 0x0, 0x0, 0x0, 0x0, 0x0,
    0x7f, 0xff, 0xff, 0xff, 0xff, 0xf6, 0x5f, 0xff,
    0xff, 0xff, 0x70, 0x0, 0x0, 0x0, 0x0, 0x0,
    0x7f, 0xff, 0xff, 0xff, 0xff, 0x60, 0x7, 0xff,
    0xff, 0xff, 0xf4, 0x0, 0x0, 0x0, 0x0, 0x0,
    0x7f, 0xff, 0xff, 0xff, 0xf7, 0x0, 0x0, 0xaf,
    0xff, 0xff, 0xfe, 0x20, 0x0, 0x0, 0x0, 0x0,
    0x7f, 0xff, 0xff, 0xff, 0x70, 0x0, 0x0, 0xc,
    0xff, 0xff, 0xff, 0xd0, 0x0, 0x0, 0x0, 0x0,
    0x7f, 0xff, 0xff, 0xf8, 0x0, 0x0, 0x0, 0x1,
    0xef, 0xff, 0xff, 0xfa, 0x0, 0x0, 0x0, 0x0,
    0x7f, 0xff, 0xff, 0xc0, 0x0, 0x0, 0x0, 0x0,
    0x3f, 0xff, 0xff, 0xff, 0x70, 0x0, 0x0, 0x0,
    0x7f, 0xff, 0xff, 0xc0, 0x0, 0x0, 0x0, 0x0,
    0x5, 0xff, 0xff, 0xff, 0xf4, 0x0, 0x0, 0x0,
    0x7f, 0xff, 0xff, 0xc0, 0x0, 0x0, 0x0, 0x0,
    0x0, 0x7f, 0xff, 0xff, 0xfe, 0x20, 0x0, 0x0,
    0x7f, 0xff, 0xff, 0xc0, 0x0, 0x0, 0x0, 0x0,
    0x0, 0xa, 0xff, 0xff, 0xff, 0xc0, 0x0, 0x0,
    0x7f, 0xff, 0xff, 0xc0, 0x0, 0x0, 0x0, 0x0,
    0x0, 0x0, 0xcf, 0xff, 0xff, 0xfa, 0x0, 0x0,
    0x7f, 0xff, 0xff, 0xc0, 0x0, 0x0, 0x0, 0x0,
    0x0, 0x0, 0x1e, 0xff, 0xff, 0xff, 0x70, 0x0,
    0x7f, 0xff, 0xff, 0xc0, 0x0, 0x0, 0x0, 0x0,
    0x0, 0x0, 0x3, 0xff, 0xff, 0xff, 0xf4, 0x0,
    0x7f, 0xff, 0xff, 0xc0, 0x0, 0x0, 0x0, 0x0,
    0x0, 0x0, 0x0, 0x5f, 0xff, 0xff, 0xfe, 0x10,
    0x7f, 0xff, 0xff, 0xc0, 0x0, 0x0, 0x0, 0x0,
    0x0, 0x0, 0x0, 0x7, 0xff, 0xff, 0xff, 0xc0,

    /* U+004C "L" */
    0x7f, 0xff, 0xff, 0xc0, 0x0, 0x0, 0x0, 0x0,
    0x0, 0x0, 0x0, 0x0, 0x7, 0xff, 0xff, 0xfc,
    0x0, 0x0, 0x0, 0x0, 0x0, 0x0, 0x0, 0x0,
    0x0, 0x7f, 0xff, 0xff, 0xc0, 0x0, 0x0, 0x0,
    0x0, 0x0, 0x0, 0x0, 0x0, 0x7, 0xff, 0xff,
    0xfc, 0x0, 0x0, 0x0, 0x0, 0x0, 0x0, 0x0,
    0x0, 0x0, 0x7f, 0xff, 0xff, 0xc0, 0x0, 0x0,
    0x0, 0x0, 0x0, 0x0, 0x0, 0x0, 0x7, 0xff,
    0xff, 0xfc, 0x0, 0x0, 0x0, 0x0, 0x0, 0x0,
    0x0, 0x0, 0x0, 0x7f, 0xff, 0xff, 0xc0, 0x0,
    0x0, 0x0, 0x0, 0x0, 0x0, 0x0, 0x0, 0x7,
    0xff, 0xff, 0xfc, 0x0, 0x0, 0x0, 0x0, 0x0,
    0x0, 0x0, 0x0, 0x0, 0x7f, 0xff, 0xff, 0xc0,
    0x0, 0x0, 0x0, 0x0, 0x0, 0x0, 0x0, 0x0,
    0x7, 0xff, 0xff, 0xfc, 0x0, 0x0, 0x0, 0x0,
    0x0, 0x0, 0x0, 0x0, 0x0, 0x7f, 0xff, 0xff,
    0xc0, 0x0, 0x0, 0x0, 0x0, 0x0, 0x0, 0x0,
    0x0, 0x7, 0xff, 0xff, 0xfc, 0x0, 0x0, 0x0,
    0x0, 0x0, 0x0, 0x0, 0x0, 0x0, 0x7f, 0xff,
    0xff, 0xc0, 0x0, 0x0, 0x0, 0x0, 0x0, 0x0,
    0x0, 0x0, 0x7, 0xff, 0xff, 0xfc, 0x0, 0x0,
    0x0, 0x0, 0x0, 0x0, 0x0, 0x0, 0x0, 0x7f,
    0xff, 0xff, 0xc0, 0x0, 0x0, 0x0, 0x0, 0x0,
    0x0, 0x0, 0x0, 0x7, 0xff, 0xff, 0xfc, 0x0,
    0x0, 0x0, 0x0, 0x0, 0x0, 0x0, 0x0, 0x0,
    0x7f, 0xff, 0xff, 0xc0, 0x0, 0x0, 0x0, 0x0,
    0x0, 0x0, 0x0, 0x0, 0x7, 0xff, 0xff, 0xfc,
    0x0, 0x0, 0x0, 0x0, 0x0, 0x0, 0x0, 0x0,
    0x0, 0x7f, 0xff, 0xff, 0xc0, 0x0, 0x0, 0x0,
    0x0, 0x0, 0x0, 0x0, 0x0, 0x7, 0xff, 0xff,
    0xfc, 0x0, 0x0, 0x0, 0x0, 0x0, 0x0, 0x0,
    0x0, 0x0, 0x7f, 0xff, 0xff, 0xc0, 0x0, 0x0,
    0x0, 0x0, 0x0, 0x0, 0x0, 0x0, 0x7, 0xff,
    0xff, 0xfc, 0x0, 0x0, 0x0, 0x0, 0x0, 0x0,
    0x0, 0x0, 0x0, 0x7f, 0xff, 0xff, 0xc0, 0x0,
    0x0, 0x0, 0x0, 0x0, 0x0, 0x0, 0x0, 0x7,
    0xff, 0xff, 0xfc, 0x0, 0x0, 0x0, 0x0, 0x0,
    0x0, 0x0, 0x0, 0x0, 0x7f, 0xff, 0xff, 0xc0,
    0x0, 0x0, 0x0, 0x0, 0x0, 0x0, 0x0, 0x0,
    0x7, 0xff, 0xff, 0xfc, 0x0, 0x0, 0x0, 0x0,
    0x0, 0x0, 0x0, 0x0, 0x0, 0x7f, 0xff, 0xff,
    0xc0, 0x0, 0x0, 0x0, 0x0, 0x0, 0x0, 0x0,
    0x0, 0x7, 0xff, 0xff, 0xfc, 0x0, 0x0, 0x0,
    0x0, 0x0, 0x0, 0x0, 0x0, 0x0, 0x7f, 0xff,
    0xff, 0xd4, 0x44, 0x44, 0x44, 0x44, 0x44, 0x44,
    0x44, 0x44, 0x17, 0xff, 0xff, 0xff, 0xff, 0xff,
    0xff, 0xff, 0xff, 0xff, 0xff, 0xff, 0xf5, 0x7f,
    0xff, 0xff, 0xff, 0xff, 0xff, 0xff, 0xff, 0xff,
    0xff, 0xff, 0xff, 0x57, 0xff, 0xff, 0xff, 0xff,
    0xff, 0xff, 0xff, 0xff, 0xff, 0xff, 0xff, 0xf5,
    0x7f, 0xff, 0xff, 0xff, 0xff, 0xff, 0xff, 0xff,
    0xff, 0xff, 0xff, 0xff, 0x57, 0xff, 0xff, 0xff,
    0xff, 0xff, 0xff, 0xff, 0xff, 0xff, 0xff, 0xff,
    0xf5,

    /* U+004D "M" */
    0x7f, 0xff, 0xfe, 0x0, 0x0, 0x0, 0x0, 0x0,
    0x0, 0x0, 0x0, 0x0, 0x0, 0x0, 0x0, 0x3,
    0xff, 0xff, 0xf3, 0x7f, 0xff, 0xff, 0x80, 0x0,
    0x0, 0x0, 0x0, 0x0, 0x0, 0x0, 0x0, 0x0,
    0x0, 0x0, 0xc, 0xff, 0xff, 0xf3, 0x7f, 0xff,
    0xff, 0xf2, 0x0, 0x0, 0x0, 0x0, 0x0, 0x0,
    0x0, 0x0, 0x0, 0x0, 0x0, 0x5f, 0xff, 0xff,
    0xf3, 0x7f, 0xff, 0xff, 0xfb, 0x0, 0x0, 0x0,
    0x0, 0x0, 0x0, 0x0, 0x0, 0x0, 0x0, 0x0,
    0xef, 0xff, 0xff, 0xf3, 0x7f, 0xff, 0xff, 0xff,
    0x40, 0x0, 0x0, 0x0, 0x0, 0x0, 0x0, 0x0,
    0x0, 0x0, 0x8, 0xff, 0xff, 0xff, 0xf3, 0x7f,
    0xff, 0xff, 0xff, 0xd0, 0x0, 0x0, 0x0, 0x0,
    0x0, 0x0, 0x0, 0x0, 0x0, 0x2f, 0xff, 0xff,
    0xff, 0xf3, 0x7f, 0xff, 0xff, 0xff, 0xf7, 0x0,
    0x0, 0x0, 0x0, 0x0, 0x0, 0x0, 0x0, 0x0,
    0xbf, 0xff, 0xff, 0xff, 0xf3, 0x7f, 0xff, 0xff,
    0xff, 0xff, 0x20, 0x0, 0x0, 0x0, 0x0, 0x0,
    0x0, 0x0, 0x4, 0xff, 0xff, 0xff, 0xff, 0xf3,
    0x7f, 0xff, 0xff, 0xff, 0xff, 0xa0, 0x0, 0x0,
    0x0, 0x0, 0x0, 0x0, 0x0, 0xd, 0xff, 0xff,
    0xff, 0xff, 0xf3, 0x7f, 0xff, 0xff, 0xff, 0xff,
    0xf4, 0x0, 0x0, 0x0, 0x0, 0x0, 0x0, 0x0,
    0x7f, 0xff, 0xff, 0xff, 0xff, 0xf3, 0x7f, 0xff,
    0xff, 0xff, 0xff, 0xfd, 0x0, 0x0, 0x0, 0x0,
    0x0, 0x0, 0x1, 0xff, 0xff, 0xff, 0xff, 0xff,
    0xf3, 0x7f, 0xff, 0xff, 0xff, 0xff, 0xff, 0x70,
    0x0, 0x0, 0x0, 0x0, 0x0, 0x9, 0xff, 0xff,
    0xfe, 0xff, 0xff, 0xf3, 0x7f, 0xff, 0xff, 0x9f,
    0xff, 0xff, 0xf1, 0x0, 0x0, 0x0, 0x0, 0x0,
    0x3f, 0xff, 0xff, 0xba, 0xff, 0xff, 0xf4, 0x7f,
    0xff, 0xff, 0x77, 0xff, 0xff, 0xfa, 0x0, 0x0,
    0x0, 0x0, 0x0, 0xcf, 0xff, 0xff, 0x2a, 0xff,
    0xff, 0xf4, 0x7f, 0xff, 0xff, 0x70, 0xdf, 0xff,
    0xff, 0x30, 0x0, 0x0, 0x0, 0x5, 0xff, 0xff,
    0xf8, 0xa, 0xff, 0xff, 0xf4, 0x7f, 0xff, 0xff,
    0x70, 0x4f, 0xff, 0xff, 0xd0, 0x0, 0x0, 0x0,
    0xe, 0xff, 0xff, 0xe0, 0xa, 0xff, 0xff, 0xf4,
    0x7f, 0xff, 0xff, 0x70, 0xa, 0xff, 0xff, 0xf6,
    0x0, 0x0, 0x0, 0x8f, 0xff, 0xff, 0x50, 0xa,
    0xff, 0xff, 0xf4, 0x7f, 0xff, 0xff, 0x70, 0x1,
    0xff, 0xff, 0xff, 0x10, 0x0, 0x2, 0xff, 0xff,
    0xfc, 0x0, 0xa, 0xff, 0xff, 0xf4, 0x7f, 0xff,
    0xff, 0x70, 0x0, 0x7f, 0xff, 0xff, 0x90, 0x0,
    0xb, 0xff, 0xff, 0xf3, 0x0, 0xa, 0xff, 0xff,
    0xf4, 0x7f, 0xff, 0xff, 0x70, 0x0, 0xd, 0xff,
    0xff, 0xf3, 0x0, 0x4f, 0xff, 0xff, 0x90, 0x0,
    0xa, 0xff, 0xff, 0xf4, 0x7f, 0xff, 0xff, 0x70,
    0x0, 0x4, 0xff, 0xff, 0xfc, 0x0, 0xdf, 0xff,
    0xfe, 0x10, 0x0, 0xa, 0xff, 0xff, 0xf4, 0x7f,
    0xff, 0xff, 0x70, 0x0, 0x0, 0xaf, 0xff, 0xff,
    0x67, 0xff, 0xff, 0xf6, 0x0, 0x0, 0xa, 0xff,
    0xff, 0xf4, 0x7f, 0xff, 0xff, 0x70, 0x0, 0x0,
    0x1f, 0xff, 0xff, 0xef, 0xff, 0xff, 0xc0, 0x0,
    0x0, 0xa, 0xff, 0xff, 0xf4, 0x7f, 0xff, 0xff,
    0x70, 0x0, 0x0, 0x7, 0xff, 0xff, 0xff, 0xff,
    0xff, 0x30, 0x0, 0x0, 0xa, 0xff, 0xff, 0xf4,
    0x7f, 0xff, 0xff, 0x70, 0x0, 0x0, 0x0, 0xdf,
    0xff, 0xff, 0xff, 0xf9, 0x0, 0x0, 0x0, 0xa,
    0xff, 0xff, 0xf4, 0x7f, 0xff, 0xff, 0x70, 0x0,
    0x0, 0x0, 0x4f, 0xff, 0xff, 0xff, 0xe1, 0x0,
    0x0, 0x0, 0xa, 0xff, 0xff, 0xf4, 0x7f, 0xff,
    0xff, 0x70, 0x0, 0x0, 0x0, 0xa, 0xff, 0xff,
    0xff, 0x60, 0x0, 0x0, 0x0, 0xa, 0xff, 0xff,
    0xf4, 0x7f, 0xff, 0xff, 0x70, 0x0, 0x0, 0x0,
    0x1, 0xff, 0xff, 0xfd, 0x0, 0x0, 0x0, 0x0,
    0xa, 0xff, 0xff, 0xf4, 0x7f, 0xff, 0xff, 0x70,
    0x0, 0x0, 0x0, 0x0, 0x7f, 0xff, 0xf3, 0x0,
    0x0, 0x0, 0x0, 0xa, 0xff, 0xff, 0xf4, 0x7f,
    0xff, 0xff, 0x70, 0x0, 0x0, 0x0, 0x0, 0xd,
    0xff, 0xa0, 0x0, 0x0, 0x0, 0x0, 0xa, 0xff,
    0xff, 0xf4, 0x7f, 0xff, 0xff, 0x70, 0x0, 0x0,
    0x0, 0x0, 0x0, 0x11, 0x0, 0x0, 0x0, 0x0,
    0x0, 0xa, 0xff, 0xff, 0xf4, 0x7f, 0xff, 0xff,
    0x70, 0x0, 0x0, 0x0, 0x0, 0x0, 0x0, 0x0,
    0x0, 0x0, 0x0, 0x0, 0xa, 0xff, 0xff, 0xf4,
    0x7f, 0xff, 0xff, 0x70, 0x0, 0x0, 0x0, 0x0,
    0x0, 0x0, 0x0, 0x0, 0x0, 0x0, 0x0, 0xa,
    0xff, 0xff, 0xf4, 0x7f, 0xff, 0xff, 0x70, 0x0,
    0x0, 0x0, 0x0, 0x0, 0x0, 0x0, 0x0, 0x0,
    0x0, 0x0, 0xa, 0xff, 0xff, 0xf4,

    /* U+004E "N" */
    0x7f, 0xff, 0xfe, 0x10, 0x0, 0x0, 0x0, 0x0,
    0x0, 0x0, 0x0, 0x0, 0xdf, 0xff, 0xff, 0x67,
    0xff, 0xff, 0xfc, 0x0, 0x0, 0x0, 0x0, 0x0,
    0x0, 0x0, 0x0, 0xd, 0xff, 0xff, 0xf6, 0x7f,
    0xff, 0xff, 0xfa, 0x0, 0x0, 0x0, 0x0, 0x0,
    0x0, 0x0, 0x0, 0xdf, 0xff, 0xff, 0x67, 0xff,
    0xff, 0xff, 0xf7, 0x0, 0x0, 0x0, 0x0, 0x0,
    0x0, 0x0, 0xd, 0xff, 0xff, 0xf6, 0x7f, 0xff,
    0xff, 0xff, 0xf4, 0x0, 0x0, 0x0, 0x0, 0x0,
    0x0, 0x0, 0xdf, 0xff, 0xff, 0x67, 0xff, 0xff,
    0xff, 0xff, 0xe2, 0x0, 0x0, 0x0, 0x0, 0x0,
    0x0, 0xd, 0xff, 0xff, 0xf6, 0x7f, 0xff, 0xff,
    0xff, 0xff, 0xd0, 0x0, 0x0, 0x0, 0x0, 0x0,
    0x0, 0xdf, 0xff, 0xff, 0x67, 0xff, 0xff, 0xff,
    0xff, 0xff, 0xa0, 0x0, 0x0, 0x0, 0x0, 0x0,
    0xd, 0xff, 0xff, 0xf6, 0x7f, 0xff, 0xff, 0xff,
    0xff, 0xff, 0x70, 0x0, 0x0, 0x0, 0x0, 0x0,
    0xdf, 0xff, 0xff, 0x67, 0xff, 0xff, 0xff, 0xff,
    0xff, 0xff, 0x40, 0x0, 0x0, 0x0, 0x0, 0xd,
    0xff, 0xff, 0xf6, 0x7f, 0xff, 0xff, 0xff, 0xff,
    0xff, 0xff, 0x20, 0x0, 0x0, 0x0, 0x0, 0xdf,
    0xff, 0xff, 0x67, 0xff, 0xff, 0xfc, 0xdf, 0xff,
    0xff, 0xfd, 0x0, 0x0, 0x0, 0x0, 0xd, 0xff,
    0xff, 0xf6, 0x7f, 0xff, 0xff, 0xb2, 0xef, 0xff,
    0xff, 0xfb, 0x0, 0x0, 0x0, 0x0, 0xdf, 0xff,
    0xff, 0x67, 0xff, 0xff, 0xfb, 0x4, 0xff, 0xff,
    0xff, 0xf8, 0x0, 0x0, 0x0, 0xd, 0xff, 0xff,
    0xf6, 0x7f, 0xff, 0xff, 0xb0, 0x7, 0xff, 0xff,
    0xff, 0xf5, 0x0, 0x0, 0x0, 0xdf, 0xff, 0xff,
    0x67, 0xff, 0xff, 0xfb, 0x0, 0xa, 0xff, 0xff,
    0xff, 0xf2, 0x0, 0x0, 0xd, 0xff, 0xff, 0xf6,
    0x7f, 0xff, 0xff, 0xb0, 0x0, 0xd, 0xff, 0xff,
    0xff, 0xd1, 0x0, 0x0, 0xdf, 0xff, 0xff, 0x67,
    0xff, 0xff, 0xfb, 0x0, 0x0, 0x2e, 0xff, 0xff,
    0xff, 0xb0, 0x0, 0xd, 0xff, 0xff, 0xf6, 0x7f,
    0xff, 0xff, 0xb0, 0x0, 0x0, 0x4f, 0xff, 0xff,
    0xff, 0x80, 0x0, 0xdf, 0xff, 0xff, 0x67, 0xff,
    0xff, 0xfb, 0x0, 0x0, 0x0, 0x7f, 0xff, 0xff,
    0xff, 0x50, 0xd, 0xff, 0xff, 0xf6, 0x7f, 0xff,
    0xff, 0xb0, 0x0, 0x0, 0x0, 0xaf, 0xff, 0xff,
    0xff, 0x20, 0xdf, 0xff, 0xff, 0x67, 0xff, 0xff,
    0xfb, 0x0, 0x0, 0x0, 0x0, 0xcf, 0xff, 0xff,
    0xfd, 0x1d, 0xff, 0xff, 0xf6, 0x7f, 0xff, 0xff,
    0xb0, 0x0, 0x0, 0x0, 0x1, 0xef, 0xff, 0xff,
    0xfb, 0xdf, 0xff, 0xff, 0x67, 0xff, 0xff, 0xfb,
    0x0, 0x0, 0x0, 0x0, 0x3, 0xff, 0xff, 0xff,
    0xff, 0xff, 0xff, 0xf6, 0x7f, 0xff, 0xff, 0xb0,
    0x0, 0x0, 0x0, 0x0, 0x6, 0xff, 0xff, 0xff,
    0xff, 0xff, 0xff, 0x67, 0xff, 0xff, 0xfb, 0x0,
    0x0, 0x0, 0x0, 0x0, 0x9, 0xff, 0xff, 0xff,
    0xff, 0xff, 0xf6, 0x7f, 0xff, 0xff, 0xb0, 0x0,
    0x0, 0x0, 0x0, 0x0, 0xc, 0xff, 0xff, 0xff,
    0xff, 0xff, 0x67, 0xff, 0xff, 0xfb, 0x0, 0x0,
    0x0, 0x0, 0x0, 0x0, 0x1e, 0xff, 0xff, 0xff,
    0xff, 0xf6, 0x7f, 0xff, 0xff, 0xb0, 0x0, 0x0,
    0x0, 0x0, 0x0, 0x0, 0x3f, 0xff, 0xff, 0xff,
    0xff, 0x67, 0xff, 0xff, 0xfb, 0x0, 0x0, 0x0,
    0x0, 0x0, 0x0, 0x0, 0x6f, 0xff, 0xff, 0xff,
    0xf6, 0x7f, 0xff, 0xff, 0xb0, 0x0, 0x0, 0x0,
    0x0, 0x0, 0x0, 0x0, 0x9f, 0xff, 0xff, 0xff,
    0x67, 0xff, 0xff, 0xfb, 0x0, 0x0, 0x0, 0x0,
    0x0, 0x0, 0x0, 0x0, 0xcf, 0xff, 0xff, 0xf6,
    0x7f, 0xff, 0xff, 0xb0, 0x0, 0x0, 0x0, 0x0,
    0x0, 0x0, 0x0, 0x1, 0xef, 0xff, 0xff, 0x67,
    0xff, 0xff, 0xfb, 0x0, 0x0, 0x0, 0x0, 0x0,
    0x0, 0x0, 0x0, 0x3, 0xff, 0xff, 0xf6,

    /* U+004F "O" */
    0x0, 0x0, 0x0, 0x0, 0x0, 0x0, 0x37, 0xad,
    0xef, 0xff, 0xdb, 0x85, 0x0, 0x0, 0x0, 0x0,
    0x0, 0x0, 0x0, 0x0, 0x0, 0x0, 0x0, 0x17,
    0xef, 0xff, 0xff, 0xff, 0xff, 0xff, 0xff, 0xa3,
    0x0, 0x0, 0x0, 0x0, 0x0, 0x0, 0x0, 0x0,
    0x0, 0x8f, 0xff, 0xff, 0xff, 0xff, 0xff, 0xff,
    0xff, 0xff, 0xfb, 0x20, 0x0, 0x0, 0x0, 0x0,
    0x0, 0x0, 0x3, 0xdf, 0xff, 0xff, 0xff, 0xff,
    0xff, 0xff, 0xff, 0xff, 0xff, 0xff, 0x70, 0x0,
    0x0, 0x0, 0x0, 0x0, 0x5, 0xff, 0xff, 0xff,
    0xff, 0xff, 0xff, 0xff, 0xff, 0xff, 0xff, 0xff,
    0xff, 0xb0, 0x0, 0x0, 0x0, 0x0, 0x6, 0xff,
    0xff, 0xff, 0xff, 0xff, 0xc9, 0x88, 0x9b, 0xef,
    0xff, 0xff, 0xff, 0xff, 0xb0, 0x0, 0x0, 0x0,
    0x4, 0xff, 0xff, 0xff, 0xff, 0xc5, 0x0, 0x0,
    0x0, 0x0, 0x39, 0xff, 0xff, 0xff, 0xff, 0xa0,
    0x0, 0x0, 0x1, 0xef, 0xff, 0xff, 0xfe, 0x50,
    0x0, 0x0, 0x0, 0x0, 0x0, 0x2, 0xcf, 0xff,
    0xff, 0xff, 0x60, 0x0, 0x0, 0xaf, 0xff, 0xff,
    0xfd, 0x20, 0x0, 0x0, 0x0, 0x0, 0x0, 0x0,
    0x0, 0x9f, 0xff, 0xff, 0xff, 0x10, 0x0, 0x3f,
    0xff, 0xff, 0xfe, 0x20, 0x0, 0x0, 0x0, 0x0,
    0x0, 0x0, 0x0, 0x0, 0xaf, 0xff, 0xff, 0xf9,
    0x0, 0xa, 0xff, 0xff, 0xff, 0x50, 0x0, 0x0,
    0x0, 0x0, 0x0, 0x0, 0x0, 0x0, 0x0, 0xdf,
    0xff, 0xff, 0xf1, 0x0, 0xff, 0xff, 0xff, 0xb0,
    0x0, 0x0, 0x0, 0x0, 0x0, 0x0, 0x0, 0x0,
    0x0, 0x5, 0xff, 0xff, 0xff, 0x60, 0x5f, 0xff,
    0xff, 0xf4, 0x0, 0x0, 0x0, 0x0, 0x0, 0x0,
    0x0, 0x0, 0x0, 0x0, 0xd, 0xff, 0xff, 0xfb,
    0x8, 0xff, 0xff, 0xfe, 0x0, 0x0, 0x0, 0x0,
    0x0, 0x0, 0x0, 0x0, 0x0, 0x0, 0x0, 0x7f,
    0xff, 0xff, 0xf0, 0xbf, 0xff, 0xff, 0xa0, 0x0,
    0x0, 0x0, 0x0, 0x0, 0x0, 0x0, 0x0, 0x0,
    0x0, 0x4, 0xff, 0xff, 0xff, 0x1d, 0xff, 0xff,
    0xf8, 0x0, 0x0, 0x0, 0x0, 0x0, 0x0, 0x0,
    0x0, 0x0, 0x0, 0x0, 0x1f, 0xff, 0xff, 0xf3,
    0xdf, 0xff, 0xff, 0x60, 0x0, 0x0, 0x0, 0x0,
    0x0, 0x0, 0x0, 0x0, 0x0, 0x0, 0x0, 0xff,
    0xff, 0xff, 0x4d, 0xff, 0xff, 0xf6, 0x0, 0x0,
    0x0, 0x0, 0x0, 0x0, 0x0, 0x0, 0x0, 0x0,
    0x0, 0xf, 0xff, 0xff, 0xf4, 0xdf, 0xff, 0xff,
    0x80, 0x0, 0x0, 0x0, 0x0, 0x0, 0x0, 0x0,
    0x0, 0x0, 0x0, 0x1, 0xff, 0xff, 0xff, 0x3b,
    0xff, 0xff, 0xfa, 0x0, 0x0, 0x0, 0x0, 0x0,
    0x0, 0x0, 0x0, 0x0, 0x0, 0x0, 0x4f, 0xff,
    0xff, 0xf1, 0x8f, 0xff, 0xff, 0xe0, 0x0, 0x0,
    0x0, 0x0, 0x0, 0x0, 0x0, 0x0, 0x0, 0x0,
    0x7, 0xff, 0xff, 0xff, 0x5, 0xff, 0xff, 0xff,
    0x40, 0x0, 0x0, 0x0, 0x0, 0x0, 0x0, 0x0,
    0x0, 0x0, 0x0, 0xdf, 0xff, 0xff, 0xb0, 0xf,
    0xff, 0xff, 0xfb, 0x0, 0x0, 0x0, 0x0, 0x0,
    0x0, 0x0, 0x0, 0x0, 0x0, 0x5f, 0xff, 0xff,
    0xf6, 0x0, 0xaf, 0xff, 0xff, 0xf5, 0x0, 0x0,
    0x0, 0x0, 0x0, 0x0, 0x0, 0x0, 0x0, 0xd,
    0xff, 0xff, 0xff, 0x10, 0x3, 0xff, 0xff, 0xff,
    0xe2, 0x0, 0x0, 0x0, 0x0, 0x0, 0x0, 0x0,
    0x0, 0xa, 0xff, 0xff, 0xff, 0x90, 0x0, 0xa,
    0xff, 0xff, 0xff, 0xd2, 0x0, 0x0, 0x0, 0x0,
    0x0, 0x0, 0x0, 0x9, 0xff, 0xff, 0xff, 0xf1,
    0x0, 0x0, 0x1e, 0xff, 0xff, 0xff, 0xe5, 0x0,
    0x0, 0x0, 0x0, 0x0, 0x0, 0x2c, 0xff, 0xff,
    0xff, 0xf6, 0x0, 0x0, 0x0, 0x4f, 0xff, 0xff,
    0xff, 0xfc, 0x50, 0x0, 0x0, 0x0, 0x3, 0x9f,
    0xff, 0xff, 0xff, 0xfa, 0x0, 0x0, 0x0, 0x0,
    0x6f, 0xff, 0xff, 0xff, 0xff, 0xfc, 0x98, 0x88,
    0xae, 0xff, 0xff, 0xff, 0xff, 0xfc, 0x0, 0x0,
    0x0, 0x0, 0x0, 0x5f, 0xff, 0xff, 0xff, 0xff,
    0xff, 0xff, 0xff, 0xff, 0xff, 0xff, 0xff, 0xfa,
    0x0, 0x0, 0x0, 0x0, 0x0, 0x0, 0x2d, 0xff,
    0xff, 0xff, 0xff, 0xff, 0xff, 0xff, 0xff, 0xff,
    0xff, 0xf6, 0x0, 0x0, 0x0, 0x0, 0x0, 0x0,
    0x0, 0x7, 0xef, 0xff, 0xff, 0xff, 0xff, 0xff,
    0xff, 0xff, 0xff, 0xb2, 0x0, 0x0, 0x0, 0x0,
    0x0, 0x0, 0x0, 0x0, 0x0, 0x7e, 0xff, 0xff,
    0xff, 0xff, 0xff, 0xff, 0xfa, 0x30, 0x0, 0x0,
    0x0, 0x0, 0x0, 0x0, 0x0, 0x0, 0x0, 0x0,
    0x3, 0x7a, 0xde, 0xff, 0xfd, 0xb9, 0x50, 0x0,
    0x0, 0x0, 0x0, 0x0, 0x0,

    /* U+0050 "P" */
    0x7f, 0xff, 0xff, 0xff, 0xff, 0xff, 0xff, 0xff,
    0xec, 0x95, 0x10, 0x0, 0x0, 0x0, 0x7, 0xff,
    0xff, 0xff, 0xff, 0xff, 0xff, 0xff, 0xff, 0xff,
    0xff, 0xb3, 0x0, 0x0, 0x0, 0x7f, 0xff, 0xff,
    0xff, 0xff, 0xff, 0xff, 0xff, 0xff, 0xff, 0xff,
    0xfb, 0x10, 0x0, 0x7, 0xff, 0xff, 0xff, 0xff,
    0xff, 0xff, 0xff, 0xff, 0xff, 0xff, 0xff, 0xfe,
    0x20, 0x0, 0x7f, 0xff, 0xff, 0xff, 0xff, 0xff,
    0xff, 0xff, 0xff, 0xff, 0xff, 0xff, 0xfe, 0x10,
    0x7, 0xff, 0xff, 0xfd, 0x44, 0x44, 0x44, 0x45,
    0x68, 0xbf, 0xff, 0xff, 0xff, 0xfc, 0x0, 0x7f,
    0xff, 0xff, 0xc0, 0x0, 0x0, 0x0, 0x0, 0x0,
    0x19, 0xff, 0xff, 0xff, 0xf5, 0x7, 0xff, 0xff,
    0xfc, 0x0, 0x0, 0x0, 0x0, 0x0, 0x0, 0x5,
    0xff, 0xff, 0xff, 0xc0, 0x7f, 0xff, 0xff, 0xc0,
    0x0, 0x0, 0x0, 0x0, 0x0, 0x0, 0x9, 0xff,
    0xff, 0xff, 0x27, 0xff, 0xff, 0xfc, 0x0, 0x0,
    0x0, 0x0, 0x0, 0x0, 0x0, 0x1f, 0xff, 0xff,
    0xf5, 0x7f, 0xff, 0xff, 0xc0, 0x0, 0x0, 0x0,
    0x0, 0x0, 0x0, 0x0, 0xdf, 0xff, 0xff, 0x87,
    0xff, 0xff, 0xfc, 0x0, 0x0, 0x0, 0x0, 0x0,
    0x0, 0x0, 0xb, 0xff, 0xff, 0xf9, 0x7f, 0xff,
    0xff, 0xc0, 0x0, 0x0, 0x0, 0x0, 0x0, 0x0,
    0x0, 0xaf, 0xff, 0xff, 0x97, 0xff, 0xff, 0xfc,
    0x0, 0x0, 0x0, 0x0, 0x0, 0x0, 0x0, 0xc,
    0xff, 0xff, 0xf8, 0x7f, 0xff, 0xff, 0xc0, 0x0,
    0x0, 0x0, 0x0, 0x0, 0x0, 0x0, 0xff, 0xff,
    0xff, 0x67, 0xff, 0xff, 0xfc, 0x0, 0x0, 0x0,
    0x0, 0x0, 0x0, 0x0, 0x6f, 0xff, 0xff, 0xf3,
    0x7f, 0xff, 0xff, 0xc0, 0x0, 0x0, 0x0, 0x0,
    0x0, 0x0, 0x2e, 0xff, 0xff, 0xfe, 0x7, 0xff,
    0xff, 0xfc, 0x0, 0x0, 0x0, 0x0, 0x0, 0x0,
    0x4e, 0xff, 0xff, 0xff, 0x80, 0x7f, 0xff, 0xff,
    0xc0, 0x0, 0x0, 0x0, 0x1, 0x36, 0xcf, 0xff,
    0xff, 0xff, 0xe0, 0x7, 0xff, 0xff, 0xff, 0xff,
    0xff, 0xff, 0xff, 0xff, 0xff, 0xff, 0xff, 0xff,
    0xf4, 0x0, 0x7f, 0xff, 0xff, 0xff, 0xff, 0xff,
    0xff, 0xff, 0xff, 0xff, 0xff, 0xff, 0xf6, 0x0,
    0x7, 0xff, 0xff, 0xff, 0xff, 0xff, 0xff, 0xff,
    0xff, 0xff, 0xff, 0xff, 0xe4, 0x0, 0x0, 0x7f,
    0xff, 0xff, 0xff, 0xff, 0xff, 0xff, 0xff, 0xff,
    0xff, 0xff, 0x81, 0x0, 0x0, 0x7, 0xff, 0xff,
    0xff, 0xff, 0xff, 0xff, 0xff, 0xff, 0xfe, 0xa6,
    0x0, 0x0, 0x0, 0x0, 0x7f, 0xff, 0xff, 0xd4,
    0x44, 0x44, 0x44, 0x44, 0x31, 0x0, 0x0, 0x0,
    0x0, 0x0, 0x7, 0xff, 0xff, 0xfc, 0x0, 0x0,
    0x0, 0x0, 0x0, 0x0, 0x0, 0x0, 0x0, 0x0,
    0x0, 0x7f, 0xff, 0xff, 0xc0, 0x0, 0x0, 0x0,
    0x0, 0x0, 0x0, 0x0, 0x0, 0x0, 0x0, 0x7,
    0xff, 0xff, 0xfc, 0x0, 0x0, 0x0, 0x0, 0x0,
    0x0, 0x0, 0x0, 0x0, 0x0, 0x0, 0x7f, 0xff,
    0xff, 0xc0, 0x0, 0x0, 0x0, 0x0, 0x0, 0x0,
    0x0, 0x0, 0x0, 0x0, 0x7, 0xff, 0xff, 0xfc,
    0x0, 0x0, 0x0, 0x0, 0x0, 0x0, 0x0, 0x0,
    0x0, 0x0, 0x0, 0x7f, 0xff, 0xff, 0xc0, 0x0,
    0x0, 0x0, 0x0, 0x0, 0x0, 0x0, 0x0, 0x0,
    0x0, 0x7, 0xff, 0xff, 0xfc, 0x0, 0x0, 0x0,
    0x0, 0x0, 0x0, 0x0, 0x0, 0x0, 0x0, 0x0,
    0x7f, 0xff, 0xff, 0xc0, 0x0, 0x0, 0x0, 0x0,
    0x0, 0x0, 0x0, 0x0, 0x0, 0x0, 0x7, 0xff,
    0xff, 0xfc, 0x0, 0x0, 0x0, 0x0, 0x0, 0x0,
    0x0, 0x0, 0x0, 0x0, 0x0,

    /* U+0051 "Q" */
    0x0, 0x0, 0x0, 0x0, 0x0, 0x0, 0x37, 0xac,
    0xef, 0xff, 0xdb, 0x85, 0x0, 0x0, 0x0, 0x0,
    0x0, 0x0, 0x0, 0x0, 0x0, 0x0, 0x0, 0x0,
    0x7d, 0xff, 0xff, 0xff, 0xff, 0xff, 0xff, 0xfa,
    0x30, 0x0, 0x0, 0x0, 0x0, 0x0, 0x0, 0x0,
    0x0, 0x0, 0x7f, 0xff, 0xff, 0xff, 0xff, 0xff,
    0xff, 0xff, 0xff, 0xfa, 0x20, 0x0, 0x0, 0x0,
    0x0, 0x0, 0x0, 0x0, 0x2c, 0xff, 0xff, 0xff,
    0xff, 0xff, 0xff, 0xff, 0xff, 0xff, 0xff, 0xf6,
    0x0, 0x0, 0x0, 0x0, 0x0, 0x0, 0x4, 0xff,
    0xff, 0xff, 0xff, 0xff, 0xff, 0xff, 0xff, 0xff,
    0xff, 0xff, 0xff, 0x90, 0x0, 0x0, 0x0, 0x0,
    0x0, 0x4f, 0xff, 0xff, 0xff, 0xff, 0xfc, 0x98,
    0x89, 0xbe, 0xff, 0xff, 0xff, 0xff, 0xfa, 0x0,
    0x0, 0x0, 0x0, 0x2, 0xff, 0xff, 0xff, 0xff,
    0xd6, 0x10, 0x0, 0x0, 0x0, 0x3a, 0xff, 0xff,
    0xff, 0xff, 0x80, 0x0, 0x0, 0x0, 0xd, 0xff,
    0xff, 0xff, 0xf7, 0x0, 0x0, 0x0, 0x0, 0x0,
    0x0, 0x3d, 0xff, 0xff, 0xff, 0xf4, 0x0, 0x0,
    0x0, 0x8f, 0xff, 0xff, 0xfe, 0x30, 0x0, 0x0,
    0x0, 0x0, 0x0, 0x0, 0x0, 0xbf, 0xff, 0xff,
    0xfe, 0x0, 0x0, 0x1, 0xff, 0xff, 0xff, 0xf3,
    0x0, 0x0, 0x0, 0x0, 0x0, 0x0, 0x0, 0x0,
    0xc, 0xff, 0xff, 0xff, 0x70, 0x0, 0x8, 0xff,
    0xff, 0xff, 0x60, 0x0, 0x0, 0x0, 0x0, 0x0,
    0x0, 0x0, 0x0, 0x1, 0xef, 0xff, 0xff, 0xe0,
    0x0, 0xe, 0xff, 0xff, 0xfd, 0x0, 0x0, 0x0,
    0x0, 0x0, 0x0, 0x0, 0x0, 0x0, 0x0, 0x6f,
    0xff, 0xff, 0xf5, 0x0, 0x3f, 0xff, 0xff, 0xf5,
    0x0, 0x0, 0x0, 0x0, 0x0, 0x0, 0x0, 0x0,
    0x0, 0x0, 0xe, 0xff, 0xff, 0xfa, 0x0, 0x7f,
    0xff, 0xff, 0xf0, 0x0, 0x0, 0x0, 0x0, 0x0,
    0x0, 0x0, 0x0, 0x0, 0x0, 0x9, 0xff, 0xff,
    0xfe, 0x0, 0xaf, 0xff, 0xff, 0xb0, 0x0, 0x0,
    0x0, 0x0, 0x0, 0x0, 0x0, 0x0, 0x0, 0x0,
    0x4, 0xff, 0xff, 0xff, 0x0, 0xcf, 0xff, 0xff,
    0x80, 0x0, 0x0, 0x0, 0x0, 0x0, 0x0, 0x0,
    0x0, 0x0, 0x0, 0x2, 0xff, 0xff, 0xff, 0x30,
    0xdf, 0xff, 0xff, 0x70, 0x0, 0x0, 0x0, 0x0,
    0x0, 0x0, 0x0, 0x0, 0x0, 0x0, 0x0, 0xff,
    0xff, 0xff, 0x40, 0xef, 0xff, 0xff, 0x60, 0x0,
    0x0, 0x0, 0x0, 0x0, 0x0, 0x0, 0x0, 0x0,
    0x0, 0x0, 0xff, 0xff, 0xff, 0x40, 0xdf, 0xff,
    0xff, 0x70, 0x0, 0x0, 0x0, 0x0, 0x0, 0x0,
    0x0, 0x0, 0x0, 0x0, 0x0, 0xff, 0xff, 0xff,
    0x30, 0xcf, 0xff, 0xff, 0x90, 0x0, 0x0, 0x0,
    0x0, 0x0, 0x0, 0x0, 0x0, 0x0, 0x0, 0x2,
    0xff, 0xff, 0xff, 0x20, 0xaf, 0xff, 0xff, 0xc0,
    0x0, 0x0, 0x0, 0x0, 0x0, 0x0, 0x0, 0x0,
    0x0, 0x0, 0x5, 0xff, 0xff, 0xff, 0x0, 0x7f,
    0xff, 0xff, 0xf1, 0x0, 0x0, 0x0, 0x0, 0x0,
    0x0, 0x0, 0x0, 0x0, 0x0, 0xa, 0xff, 0xff,
    0xfd, 0x0, 0x2f, 0xff, 0xff, 0xf6, 0x0, 0x0,
    0x0, 0x0, 0x0, 0x0, 0x0, 0x0, 0x0, 0x0,
    0x1f, 0xff, 0xff, 0xf9, 0x0, 0xd, 0xff, 0xff,
    0xfe, 0x0, 0x0, 0x0, 0x0, 0x0, 0x0, 0x0,
    0x0, 0x0, 0x0, 0x8f, 0xff, 0xff, 0xf4, 0x0,
    0x7, 0xff, 0xff, 0xff, 0x80, 0x0, 0x0, 0x0,
    0x0, 0x0, 0x0, 0x0, 0x0, 0x2, 0xff, 0xff,
    0xff, 0xe0, 0x0, 0x0, 0xff, 0xff, 0xff, 0xf5,
    0x0, 0x0, 0x0, 0x0, 0x0, 0x0, 0x0, 0x0,
    0x1d, 0xff, 0xff, 0xff, 0x60, 0x0, 0x0, 0x6f,
    0xff, 0xff, 0xff, 0x50, 0x0, 0x0, 0x0, 0x0,
    0x0, 0x0, 0x1, 0xdf, 0xff, 0xff, 0xfd, 0x0,
    0x0, 0x0, 0xc, 0xff, 0xff, 0xff, 0xf9, 0x0,
    0x0, 0x0, 0x0, 0x0, 0x0, 0x5e, 0xff, 0xff,
    0xff, 0xf3, 0x0, 0x0, 0x0, 0x1, 0xef, 0xff,
    0xff, 0xff, 0xe8, 0x20, 0x0, 0x0, 0x1, 0x5c,
    0xff, 0xff, 0xff, 0xff, 0x70, 0x0, 0x0, 0x0,
    0x0, 0x3e, 0xff, 0xff, 0xff, 0xff, 0xfe, 0xca,
    0xab, 0xdf, 0xff, 0xff, 0xff, 0xff, 0xf9, 0x0,
    0x0, 0x0, 0x0, 0x0, 0x2, 0xef, 0xff, 0xff,
    0xff, 0xff, 0xff, 0xff, 0xff, 0xff, 0xff, 0xff,
    0xff, 0x80, 0x0, 0x0, 0x0, 0x0, 0x0, 0x0,
    0x1b, 0xff, 0xff, 0xff, 0xff, 0xff, 0xff, 0xff,
    0xff, 0xff, 0xff, 0xe4, 0x0, 0x0, 0x0, 0x0,
    0x0, 0x0, 0x0, 0x0, 0x5d, 0xff, 0xff, 0xff,
    0xff, 0xff, 0xff, 0xff, 0xff, 0xf9, 0x10, 0x0,
    0x0, 0x0, 0x0, 0x0, 0x0, 0x0, 0x0, 0x0,
    0x5b, 0xff, 0xff, 0xff, 0xff, 0xff, 0xff, 0xe8,
    0x10, 0x0, 0x0, 0x0, 0x0, 0x0, 0x0, 0x0,
    0x0, 0x0, 0x0, 0x0, 0x4, 0x8a, 0xef, 0xff,
    0xff, 0xff, 0x30, 0x0, 0x0, 0x0, 0x0, 0x34,
    0x0, 0x0, 0x0, 0x0, 0x0, 0x0, 0x0, 0x0,
    0x0, 0x1e, 0xff, 0xff, 0xff, 0xf5, 0x0, 0x0,
    0x0, 0x5, 0xff, 0x20, 0x0, 0x0, 0x0, 0x0,
    0x0, 0x0, 0x0, 0x0, 0x2, 0xdf, 0xff, 0xff,
    0xff, 0xb5, 0x10, 0x15, 0xbf, 0xff, 0xd1, 0x0,
    0x0, 0x0, 0x0, 0x0, 0x0, 0x0, 0x0, 0x0,
    0x1c, 0xff, 0xff, 0xff, 0xff, 0xff, 0xff, 0xff,
    0xff, 0xfb, 0x0, 0x0, 0x0, 0x0, 0x0, 0x0,
    0x0, 0x0, 0x0, 0x0, 0xaf, 0xff, 0xff, 0xff,
    0xff, 0xff, 0xff, 0xff, 0xf4, 0x0, 0x0, 0x0,
    0x0, 0x0, 0x0, 0x0, 0x0, 0x0, 0x0, 0x5,
    0xef, 0xff, 0xff, 0xff, 0xff, 0xff, 0xfe, 0x30,
    0x0, 0x0, 0x0, 0x0, 0x0, 0x0, 0x0, 0x0,
    0x0, 0x0, 0x0, 0x18, 0xef, 0xff, 0xff, 0xff,
    0xff, 0x80, 0x0, 0x0, 0x0, 0x0, 0x0, 0x0,
    0x0, 0x0, 0x0, 0x0, 0x0, 0x0, 0x0, 0x4,
    0x7a, 0xbb, 0xa8, 0x40, 0x0, 0x0,

    /* U+0052 "R" */
    0x7f, 0xff, 0xff, 0xff, 0xff, 0xff, 0xff, 0xfe,
    0xdc, 0x95, 0x10, 0x0, 0x0, 0x0, 0x0, 0x7f,
    0xff, 0xff, 0xff, 0xff, 0xff, 0xff, 0xff, 0xff,
    0xff, 0xfa, 0x40, 0x0, 0x0, 0x0, 0x7f, 0xff,
    0xff, 0xff, 0xff, 0xff, 0xff, 0xff, 0xff, 0xff,
    0xff, 0xfa, 0x10, 0x0, 0x0, 0x7f, 0xff, 0xff,
    0xff, 0xff, 0xff, 0xff, 0xff, 0xff, 0xff, 0xff,
    0xff, 0xe2, 0x0, 0x0, 0x7f, 0xff, 0xff, 0xff,
    0xff, 0xff, 0xff, 0xff, 0xff, 0xff, 0xff, 0xff,
    0xfe, 0x10, 0x0, 0x7f, 0xff, 0xff, 0xd4, 0x44,
    0x44, 0x44, 0x56, 0x8b, 0xff, 0xff, 0xff, 0xff,
    0xc0, 0x0, 0x7f, 0xff, 0xff, 0xc0, 0x0, 0x0,
    0x0, 0x0, 0x0, 0x19, 0xff, 0xff, 0xff, 0xf5,
    0x0, 0x7f, 0xff, 0xff, 0xc0, 0x0, 0x0, 0x0,
    0x0, 0x0, 0x0, 0x5f, 0xff, 0xff, 0xfc, 0x0,
    0x7f, 0xff, 0xff, 0xc0, 0x0, 0x0, 0x0, 0x0,
    0x0, 0x0, 0x9, 0xff, 0xff, 0xff, 0x10, 0x7f,
    0xff, 0xff, 0xc0, 0x0, 0x0, 0x0, 0x0, 0x0,
    0x0, 0x1, 0xff, 0xff, 0xff, 0x60, 0x7f, 0xff,
    0xff, 0xc0, 0x0, 0x0, 0x0, 0x0, 0x0, 0x0,
    0x0, 0xdf, 0xff, 0xff, 0x70, 0x7f, 0xff, 0xff,
    0xc0, 0x0, 0x0, 0x0, 0x0, 0x0, 0x0, 0x0,
    0xbf, 0xff, 0xff, 0x90, 0x7f, 0xff, 0xff, 0xc0,
    0x0, 0x0, 0x0, 0x0, 0x0, 0x0, 0x0, 0xaf,
    0xff, 0xff, 0x90, 0x7f, 0xff, 0xff, 0xc0, 0x0,
    0x0, 0x0, 0x0, 0x0, 0x0, 0x0, 0xcf, 0xff,
    0xff, 0x80, 0x7f, 0xff, 0xff, 0xc0, 0x0, 0x0,
    0x0, 0x0, 0x0, 0x0, 0x0, 0xff, 0xff, 0xff,
    0x60, 0x7f, 0xff, 0xff, 0xc0, 0x0, 0x0, 0x0,
    0x0, 0x0, 0x0, 0x7, 0xff, 0xff, 0xff, 0x30,
    0x7f, 0xff, 0xff, 0xc0, 0x0, 0x0, 0x0, 0x0,
    0x0, 0x0, 0x2f, 0xff, 0xff, 0xfe, 0x0, 0x7f,
    0xff, 0xff, 0xc0, 0x0, 0x0, 0x0, 0x0, 0x0,
    0x4, 0xef, 0xff, 0xff, 0xf7, 0x0, 0x7f, 0xff,
    0xff, 0xc0, 0x0, 0x0, 0x0, 0x1, 0x36, 0xcf,
    0xff, 0xff, 0xff, 0xe0, 0x0, 0x7f, 0xff, 0xff,
    0xff, 0xff, 0xff, 0xff, 0xff, 0xff, 0xff, 0xff,
    0xff, 0xff, 0x30, 0x0, 0x7f, 0xff, 0xff, 0xff,
    0xff, 0xff, 0xff, 0xff, 0xff, 0xff, 0xff, 0xff,
    0xf4, 0x0, 0x0, 0x7f, 0xff, 0xff, 0xff, 0xff,
    0xff, 0xff, 0xff, 0xff, 0xff, 0xff, 0xfd, 0x30,
    0x0, 0x0, 0x7f, 0xff, 0xff, 0xff, 0xff, 0xff,
    0xff, 0xff, 0xff, 0xff, 0xfe, 0x70, 0x0, 0x0,
    0x0, 0x7f, 0xff, 0xff, 0xff, 0xff, 0xff, 0xff,
    0xff, 0xff, 0xff, 0xfd, 0x0, 0x0, 0x0, 0x0,
    0x7f, 0xff, 0xff, 0xc2, 0x22, 0x22, 0x22, 0x23,
    0xff, 0xff, 0xff, 0x90, 0x0, 0x0, 0x0, 0x7f,
    0xff, 0xff, 0xc0, 0x0, 0x0, 0x0, 0x0, 0x6f,
    0xff, 0xff, 0xf4, 0x0, 0x0, 0x0, 0x7f, 0xff,
    0xff, 0xc0, 0x0, 0x0, 0x0, 0x0, 0xb, 0xff,
    0xff, 0xfe, 0x10, 0x0, 0x0, 0x7f, 0xff, 0xff,
    0xc0, 0x0, 0x0, 0x0, 0x0, 0x1, 0xef, 0xff,
    0xff, 0xa0, 0x0, 0x0, 0x7f, 0xff, 0xff, 0xc0,
    0x0, 0x0, 0x0, 0x0, 0x0, 0x5f, 0xff, 0xff,
    0xf5, 0x0, 0x0, 0x7f, 0xff, 0xff, 0xc0, 0x0,
    0x0, 0x0, 0x0, 0x0, 0xa, 0xff, 0xff, 0xff,
    0x20, 0x0, 0x7f, 0xff, 0xff, 0xc0, 0x0, 0x0,
    0x0, 0x0, 0x0, 0x0, 0xdf, 0xff, 0xff, 0xc0,
    0x0, 0x7f, 0xff, 0xff, 0xc0, 0x0, 0x0, 0x0,
    0x0, 0x0, 0x0, 0x3f, 0xff, 0xff, 0xf7, 0x0,
    0x7f, 0xff, 0xff, 0xc0, 0x0, 0x0, 0x0, 0x0,
    0x0, 0x0, 0x8, 0xff, 0xff, 0xff, 0x30, 0x7f,
    0xff, 0xff, 0xc0, 0x0, 0x0, 0x0, 0x0, 0x0,
    0x0, 0x0, 0xdf, 0xff, 0xff, 0xd0,

    /* U+0053 "S" */
    0x0, 0x0, 0x0, 0x0, 0x16, 0x9c, 0xef, 0xff,
    0xed, 0xb7, 0x40, 0x0, 0x0, 0x0, 0x0, 0x0,
    0x0, 0x3b, 0xff, 0xff, 0xff, 0xff, 0xff, 0xff,
    0xff, 0xb5, 0x0, 0x0, 0x0, 0x0, 0xa, 0xff,
    0xff, 0xff, 0xff, 0xff, 0xff, 0xff, 0xff, 0xff,
    0xd5, 0x0, 0x0, 0x1, 0xdf, 0xff, 0xff, 0xff,
    0xff, 0xff, 0xff, 0xff, 0xff, 0xff, 0xfe, 0x0,
    0x0, 0xc, 0xff, 0xff, 0xff, 0xff, 0xff, 0xff,
    0xff, 0xff, 0xff, 0xff, 0xf8, 0x0, 0x0, 0x7f,
    0xff, 0xff, 0xff, 0xe9, 0x64, 0x33, 0x57, 0xad,
    0xff, 0xff, 0xf1, 0x0, 0x0, 0xef, 0xff, 0xff,
    0xf6, 0x0, 0x0, 0x0, 0x0, 0x0, 0x38, 0xef,
    0xa0, 0x0, 0x4, 0xff, 0xff, 0xff, 0x50, 0x0,
    0x0, 0x0, 0x0, 0x0, 0x0, 0x7, 0x30, 0x0,
    0x7, 0xff, 0xff, 0xfd, 0x0, 0x0, 0x0, 0x0,
    0x0, 0x0, 0x0, 0x0, 0x0, 0x0, 0x9, 0xff,
    0xff, 0xf9, 0x0, 0x0, 0x0, 0x0, 0x0, 0x0,
    0x0, 0x0, 0x0, 0x0, 0x8, 0xff, 0xff, 0xfb,
    0x0, 0x0, 0x0, 0x0, 0x0, 0x0, 0x0, 0x0,
    0x0, 0x0, 0x7, 0xff, 0xff, 0xff, 0x30, 0x0,
    0x0, 0x0, 0x0, 0x0, 0x0, 0x0, 0x0, 0x0,
    0x3, 0xff, 0xff, 0xff, 0xf6, 0x0, 0x0, 0x0,
    0x0, 0x0, 0x0, 0x0, 0x0, 0x0, 0x0, 0xdf,
    0xff, 0xff, 0xff, 0xe7, 0x20, 0x0, 0x0, 0x0,
    0x0, 0x0, 0x0, 0x0, 0x0, 0x4f, 0xff, 0xff,
    0xff, 0xff, 0xfe, 0xa6, 0x20, 0x0, 0x0, 0x0,
    0x0, 0x0, 0x0, 0x6, 0xff, 0xff, 0xff, 0xff,
    0xff, 0xff, 0xfe, 0xa6, 0x10, 0x0, 0x0, 0x0,
    0x0, 0x0, 0x4e, 0xff, 0xff, 0xff, 0xff, 0xff,
    0xff, 0xff, 0xfb, 0x40, 0x0, 0x0, 0x0, 0x0,
    0x0, 0x7e, 0xff, 0xff, 0xff, 0xff, 0xff, 0xff,
    0xff, 0xfc, 0x20, 0x0, 0x0, 0x0, 0x0, 0x0,
    0x49, 0xdf, 0xff, 0xff, 0xff, 0xff, 0xff, 0xff,
    0xe3, 0x0, 0x0, 0x0, 0x0, 0x0, 0x0, 0x1,
    0x59, 0xdf, 0xff, 0xff, 0xff, 0xff, 0xfe, 0x20,
    0x0, 0x0, 0x0, 0x0, 0x0, 0x0, 0x0, 0x1,
    0x6a, 0xff, 0xff, 0xff, 0xff, 0xb0, 0x0, 0x0,
    0x0, 0x0, 0x0, 0x0, 0x0, 0x0, 0x0, 0x19,
    0xff, 0xff, 0xff, 0xf2, 0x0, 0x0, 0x0, 0x0,
    0x0, 0x0, 0x0, 0x0, 0x0, 0x0, 0x5f, 0xff,
    0xff, 0xf5, 0x0, 0x0, 0x0, 0x0, 0x0, 0x0,
    0x0, 0x0, 0x0, 0x0, 0xc, 0xff, 0xff, 0xf7,
    0x0, 0x0, 0x0, 0x0, 0x0, 0x0, 0x0, 0x0,
    0x0, 0x0, 0xa, 0xff, 0xff, 0xf7, 0x0, 0x46,
    0x0, 0x0, 0x0, 0x0, 0x0, 0x0, 0x0, 0x0,
    0xc, 0xff, 0xff, 0xf6, 0x0, 0xcf, 0xb3, 0x0,
    0x0, 0x0, 0x0, 0x0, 0x0, 0x0, 0x4f, 0xff,
    0xff, 0xf3, 0x3, 0xff, 0xff, 0xc5, 0x0, 0x0,
    0x0, 0x0, 0x0, 0x6, 0xff, 0xff, 0xff, 0xd0,
    0xa, 0xff, 0xff, 0xff, 0xfc, 0x86, 0x53, 0x34,
    0x69, 0xdf, 0xff, 0xff, 0xff, 0x50, 0x1f, 0xff,
    0xff, 0xff, 0xff, 0xff, 0xff, 0xff, 0xff, 0xff,
    0xff, 0xff, 0xfb, 0x0, 0x8, 0xff, 0xff, 0xff,
    0xff, 0xff, 0xff, 0xff, 0xff, 0xff, 0xff, 0xff,
    0xc0, 0x0, 0x0, 0x3b, 0xff, 0xff, 0xff, 0xff,
    0xff, 0xff, 0xff, 0xff, 0xff, 0xf9, 0x0, 0x0,
    0x0, 0x0, 0x28, 0xef, 0xff, 0xff, 0xff, 0xff,
    0xff, 0xff, 0xfa, 0x20, 0x0, 0x0, 0x0, 0x0,
    0x0, 0x2, 0x69, 0xce, 0xff, 0xff, 0xdb, 0x95,
    0x10, 0x0, 0x0, 0x0,

    /* U+0054 "T" */
    0xdf, 0xff, 0xff, 0xff, 0xff, 0xff, 0xff, 0xff,
    0xff, 0xff, 0xff, 0xff, 0xff, 0xff, 0xbd, 0xff,
    0xff, 0xff, 0xff, 0xff, 0xff, 0xff, 0xff, 0xff,
    0xff, 0xff, 0xff, 0xff, 0xfb, 0xdf, 0xff, 0xff,
    0xff, 0xff, 0xff, 0xff, 0xff, 0xff, 0xff, 0xff,
    0xff, 0xff, 0xff, 0xbd, 0xff, 0xff, 0xff, 0xff,
    0xff, 0xff, 0xff, 0xff, 0xff, 0xff, 0xff, 0xff,
    0xff, 0xfb, 0xdf, 0xff, 0xff, 0xff, 0xff, 0xff,
    0xff, 0xff, 0xff, 0xff, 0xff, 0xff, 0xff, 0xff,
    0xb3, 0x44, 0x44, 0x44, 0x44, 0x44, 0xcf, 0xff,
    0xff, 0xb4, 0x44, 0x44, 0x44, 0x44, 0x43, 0x0,
    0x0, 0x0, 0x0, 0x0, 0xa, 0xff, 0xff, 0xf9,
    0x0, 0x0, 0x0, 0x0, 0x0, 0x0, 0x0, 0x0,
    0x0, 0x0, 0x0, 0xaf, 0xff, 0xff, 0x90, 0x0,
    0x0, 0x0, 0x0, 0x0, 0x0, 0x0, 0x0, 0x0,
    0x0, 0xa, 0xff, 0xff, 0xf9, 0x0, 0x0, 0x0,
    0x0, 0x0, 0x0, 0x0, 0x0, 0x0, 0x0, 0x0,
    0xaf, 0xff, 0xff, 0x90, 0x0, 0x0, 0x0, 0x0,
    0x0, 0x0, 0x0, 0x0, 0x0, 0x0, 0xa, 0xff,
    0xff, 0xf9, 0x0, 0x0, 0x0, 0x0, 0x0, 0x0,
    0x0, 0x0, 0x0, 0x0, 0x0, 0xaf, 0xff, 0xff,
    0x90, 0x0, 0x0, 0x0, 0x0, 0x0, 0x0, 0x0,
    0x0, 0x0, 0x0, 0xa, 0xff, 0xff, 0xf9, 0x0,
    0x0, 0x0, 0x0, 0x0, 0x0, 0x0, 0x0, 0x0,
    0x0, 0x0, 0xaf, 0xff, 0xff, 0x90, 0x0, 0x0,
    0x0, 0x0, 0x0, 0x0, 0x0, 0x0, 0x0, 0x0,
    0xa, 0xff, 0xff, 0xf9, 0x0, 0x0, 0x0, 0x0,
    0x0, 0x0, 0x0, 0x0, 0x0, 0x0, 0x0, 0xaf,
    0xff, 0xff, 0x90, 0x0, 0x0, 0x0, 0x0, 0x0,
    0x0, 0x0, 0x0, 0x0, 0x0, 0xa, 0xff, 0xff,
    0xf9, 0x0, 0x0, 0x0, 0x0, 0x0, 0x0, 0x0,
    0x0, 0x0, 0x0, 0x0, 0xaf, 0xff, 0xff, 0x90,
    0x0, 0x0, 0x0, 0x0, 0x0, 0x0, 0x0, 0x0,
    0x0, 0x0, 0xa, 0xff, 0xff, 0xf9, 0x0, 0x0,
    0x0, 0x0, 0x0, 0x0, 0x0, 0x0, 0x0, 0x0,
    0x0, 0xaf, 0xff, 0xff, 0x90, 0x0, 0x0, 0x0,
    0x0, 0x0, 0x0, 0x0, 0x0, 0x0, 0x0, 0xa,
    0xff, 0xff, 0xf9, 0x0, 0x0, 0x0, 0x0, 0x0,
    0x0, 0x0, 0x0, 0x0, 0x0, 0x0, 0xaf, 0xff,
    0xff, 0x90, 0x0, 0x0, 0x0, 0x0, 0x0, 0x0,
    0x0, 0x0, 0x0, 0x0, 0xa, 0xff, 0xff, 0xf9,
    0x0, 0x0, 0x0, 0x0, 0x0, 0x0, 0x0, 0x0,
    0x0, 0x0, 0x0, 0xaf, 0xff, 0xff, 0x90, 0x0,
    0x0, 0x0, 0x0, 0x0, 0x0, 0x0, 0x0, 0x0,
    0x0, 0xa, 0xff, 0xff, 0xf9, 0x0, 0x0, 0x0,
    0x0, 0x0, 0x0, 0x0, 0x0, 0x0, 0x0, 0x0,
    0xaf, 0xff, 0xff, 0x90, 0x0, 0x0, 0x0, 0x0,
    0x0, 0x0, 0x0, 0x0, 0x0, 0x0, 0xa, 0xff,
    0xff, 0xf9, 0x0, 0x0, 0x0, 0x0, 0x0, 0x0,
    0x0, 0x0, 0x0, 0x0, 0x0, 0xaf, 0xff, 0xff,
    0x90, 0x0, 0x0, 0x0, 0x0, 0x0, 0x0, 0x0,
    0x0, 0x0, 0x0, 0xa, 0xff, 0xff, 0xf9, 0x0,
    0x0, 0x0, 0x0, 0x0, 0x0, 0x0, 0x0, 0x0,
    0x0, 0x0, 0xaf, 0xff, 0xff, 0x90, 0x0, 0x0,
    0x0, 0x0, 0x0, 0x0, 0x0, 0x0, 0x0, 0x0,
    0xa, 0xff, 0xff, 0xf9, 0x0, 0x0, 0x0, 0x0,
    0x0, 0x0, 0x0, 0x0, 0x0, 0x0, 0x0, 0xaf,
    0xff, 0xff, 0x90, 0x0, 0x0, 0x0, 0x0, 0x0,
    0x0, 0x0, 0x0, 0x0, 0x0, 0xa, 0xff, 0xff,
    0xf9, 0x0, 0x0, 0x0, 0x0, 0x0, 0x0, 0x0,
    0x0, 0x0, 0x0, 0x0, 0xaf, 0xff, 0xff, 0x90,
    0x0, 0x0, 0x0, 0x0, 0x0,

    /* U+0055 "U" */
    0xcf, 0xff, 0xff, 0x70, 0x0, 0x0, 0x0, 0x0,
    0x0, 0x0, 0x0, 0x8, 0xff, 0xff, 0xfa, 0xcf,
    0xff, 0xff, 0x70, 0x0, 0x0, 0x0, 0x0, 0x0,
    0x0, 0x0, 0x8, 0xff, 0xff, 0xfa, 0xcf, 0xff,
    0xff, 0x70, 0x0, 0x0, 0x0, 0x0, 0x0, 0x0,
    0x0, 0x8, 0xff, 0xff, 0xfa, 0xcf, 0xff, 0xff,
    0x70, 0x0, 0x0, 0x0, 0x0, 0x0, 0x0, 0x0,
    0x8, 0xff, 0xff, 0xfa, 0xcf, 0xff, 0xff, 0x70,
    0x0, 0x0, 0x0, 0x0, 0x0, 0x0, 0x0, 0x8,
    0xff, 0xff, 0xfa, 0xcf, 0xff, 0xff, 0x70, 0x0,
    0x0, 0x0, 0x0, 0x0, 0x0, 0x0, 0x8, 0xff,
    0xff, 0xfa, 0xcf, 0xff, 0xff, 0x70, 0x0, 0x0,
    0x0, 0x0, 0x0, 0x0, 0x0, 0x8, 0xff, 0xff,
    0xfa, 0xcf, 0xff, 0xff, 0x70, 0x0, 0x0, 0x0,
    0x0, 0x0, 0x0, 0x0, 0x8, 0xff, 0xff, 0xfa,
    0xcf, 0xff, 0xff, 0x70, 0x0, 0x0, 0x0, 0x0,
    0x0, 0x0, 0x0, 0x8, 0xff, 0xff, 0xfa, 0xcf,
    0xff, 0xff, 0x70, 0x0, 0x0, 0x0, 0x0, 0x0,
    0x0, 0x0, 0x8, 0xff, 0xff, 0xfa, 0xcf, 0xff,
    0xff, 0x70, 0x0, 0x0, 0x0, 0x0, 0x0, 0x0,
    0x0, 0x8, 0xff, 0xff, 0xfa, 0xcf, 0xff, 0xff,
    0x70, 0x0, 0x0, 0x0, 0x0, 0x0, 0x0, 0x0,
    0x8, 0xff, 0xff, 0xfa, 0xcf, 0xff, 0xff, 0x70,
    0x0, 0x0, 0x0, 0x0, 0x0, 0x0, 0x0, 0x8,
    0xff, 0xff, 0xfa, 0xcf, 0xff, 0xff, 0x70, 0x0,
    0x0, 0x0, 0x0, 0x0, 0x0, 0x0, 0x8, 0xff,
    0xff, 0xfa, 0xcf, 0xff, 0xff, 0x70, 0x0, 0x0,
    0x0, 0x0, 0x0, 0x0, 0x0, 0x8, 0xff, 0xff,
    0xfa, 0xcf, 0xff, 0xff, 0x70, 0x0, 0x0, 0x0,
    0x0, 0x0, 0x0, 0x0, 0x8, 0xff, 0xff, 0xfa,
    0xcf, 0xff, 0xff, 0x70, 0x0, 0x0, 0x0, 0x0,
    0x0, 0x0, 0x0, 0x8, 0xff, 0xff, 0xfa, 0xcf,
    0xff, 0xff, 0x70, 0x0, 0x0, 0x0, 0x0, 0x0,
    0x0, 0x0, 0x8, 0xff, 0xff, 0xfa, 0xcf, 0xff,
    0xff, 0x70, 0x0, 0x0, 0x0, 0x0, 0x0, 0x0,
    0x0, 0x8, 0xff, 0xff, 0xfa, 0xbf, 0xff, 0xff,
    0x80, 0x0, 0x0, 0x0, 0x0, 0x0, 0x0, 0x0,
    0x8, 0xff, 0xff, 0xf9, 0xaf, 0xff, 0xff, 0x90,
    0x0, 0x0, 0x0, 0x0, 0x0, 0x0, 0x0, 0x9,
    0xff, 0xff, 0xf8, 0x9f, 0xff, 0xff, 0xb0, 0x0,
    0x0, 0x0, 0x0, 0x0, 0x0, 0x0, 0xb, 0xff,
    0xff, 0xf7, 0x7f, 0xff, 0xff, 0xe0, 0x0, 0x0,
    0x0, 0x0, 0x0, 0x0, 0x0, 0xe, 0xff, 0xff,
    0xf5, 0x4f, 0xff, 0xff, 0xf2, 0x0, 0x0, 0x0,
    0x0, 0x0, 0x0, 0x0, 0x3f, 0xff, 0xff, 0xf1,
    0xf, 0xff, 0xff, 0xf9, 0x0, 0x0, 0x0, 0x0,
    0x0, 0x0, 0x0, 0x9f, 0xff, 0xff, 0xe0, 0xb,
    0xff, 0xff, 0xff, 0x30, 0x0, 0x0, 0x0, 0x0,
    0x0, 0x3, 0xff, 0xff, 0xff, 0x90, 0x4, 0xff,
    0xff, 0xff, 0xe3, 0x0, 0x0, 0x0, 0x0, 0x0,
    0x3e, 0xff, 0xff, 0xff, 0x20, 0x0, 0xcf, 0xff,
    0xff, 0xff, 0x81, 0x0, 0x0, 0x0, 0x18, 0xff,
    0xff, 0xff, 0xfa, 0x0, 0x0, 0x3f, 0xff, 0xff,
    0xff, 0xff, 0xc9, 0x88, 0x9c, 0xff, 0xff, 0xff,
    0xff, 0xe1, 0x0, 0x0, 0x5, 0xff, 0xff, 0xff,
    0xff, 0xff, 0xff, 0xff, 0xff, 0xff, 0xff, 0xff,
    0x30, 0x0, 0x0, 0x0, 0x6f, 0xff, 0xff, 0xff,
    0xff, 0xff, 0xff, 0xff, 0xff, 0xff, 0xf4, 0x0,
    0x0, 0x0, 0x0, 0x3, 0xef, 0xff, 0xff, 0xff,
    0xff, 0xff, 0xff, 0xff, 0xfd, 0x20, 0x0, 0x0,
    0x0, 0x0, 0x0, 0x6, 0xdf, 0xff, 0xff, 0xff,
    0xff, 0xff, 0xfd, 0x50, 0x0, 0x0, 0x0, 0x0,
    0x0, 0x0, 0x0, 0x3, 0x7b, 0xde, 0xff, 0xec,
    0xa6, 0x20, 0x0, 0x0, 0x0, 0x0,

    /* U+0056 "V" */
    0x1f, 0xff, 0xff, 0xfb, 0x0, 0x0, 0x0, 0x0,
    0x0, 0x0, 0x0, 0x0, 0x0, 0x0, 0x3, 0xff,
    0xff, 0xff, 0x10, 0x9f, 0xff, 0xff, 0xf2, 0x0,
    0x0, 0x0, 0x0, 0x0, 0x0, 0x0, 0x0, 0x0,
    0x0, 0xaf, 0xff, 0xff, 0x90, 0x2, 0xff, 0xff,
    0xff, 0x90, 0x0, 0x0, 0x0, 0x0, 0x0, 0x0,
    0x0, 0x0, 0x0, 0x1f, 0xff, 0xff, 0xf2, 0x0,
    0xb, 0xff, 0xff, 0xff, 0x10, 0x0, 0x0, 0x0,
    0x0, 0x0, 0x0, 0x0, 0x0, 0x8, 0xff, 0xff,
    0xfb, 0x0, 0x0, 0x4f, 0xff, 0xff, 0xf7, 0x0,
    0x0, 0x0, 0x0, 0x0, 0x0, 0x0, 0x0, 0x0,
    0xef, 0xff, 0xff, 0x40, 0x0, 0x0, 0xdf, 0xff,
    0xff, 0xd0, 0x0, 0x0, 0x0, 0x0, 0x0, 0x0,
    0x0, 0x0, 0x6f, 0xff, 0xff, 0xd0, 0x0, 0x0,
    0x6, 0xff, 0xff, 0xff, 0x40, 0x0, 0x0, 0x0,
    0x0, 0x0, 0x0, 0x0, 0xc, 0xff, 0xff, 0xf6,
    0x0, 0x0, 0x0, 0xf, 0xff, 0xff, 0xfb, 0x0,
    0x0, 0x0, 0x0, 0x0, 0x0, 0x0, 0x3, 0xff,
    0xff, 0xff, 0x0, 0x0, 0x0, 0x0, 0x9f, 0xff,
    0xff, 0xf2, 0x0, 0x0, 0x0, 0x0, 0x0, 0x0,
    0x0, 0xaf, 0xff, 0xff, 0x90, 0x0, 0x0, 0x0,
    0x2, 0xff, 0xff, 0xff, 0x90, 0x0, 0x0, 0x0,
    0x0, 0x0, 0x0, 0x1f, 0xff, 0xff, 0xf2, 0x0,
    0x0, 0x0, 0x0, 0xb, 0xff, 0xff, 0xff, 0x0,
    0x0, 0x0, 0x0, 0x0, 0x0, 0x8, 0xff, 0xff,
    0xfb, 0x0, 0x0, 0x0, 0x0, 0x0, 0x4f, 0xff,
    0xff, 0xf7, 0x0, 0x0, 0x0, 0x0, 0x0, 0x0,
    0xef, 0xff, 0xff, 0x40, 0x0, 0x0, 0x0, 0x0,
    0x0, 0xdf, 0xff, 0xff, 0xd0, 0x0, 0x0, 0x0,
    0x0, 0x0, 0x6f, 0xff, 0xff, 0xd0, 0x0, 0x0,
    0x0, 0x0, 0x0, 0x6, 0xff, 0xff, 0xff, 0x40,
    0x0, 0x0, 0x0, 0x0, 0xd, 0xff, 0xff, 0xf6,
    0x0, 0x0, 0x0, 0x0, 0x0, 0x0, 0xe, 0xff,
    0xff, 0xfb, 0x0, 0x0, 0x0, 0x0, 0x4, 0xff,
    0xff, 0xff, 0x0, 0x0, 0x0, 0x0, 0x0, 0x0,
    0x0, 0x8f, 0xff, 0xff, 0xf2, 0x0, 0x0, 0x0,
    0x0, 0xaf, 0xff, 0xff, 0x80, 0x0, 0x0, 0x0,
    0x0, 0x0, 0x0, 0x1, 0xff, 0xff, 0xff, 0x90,
    0x0, 0x0, 0x0, 0x2f, 0xff, 0xff, 0xf2, 0x0,
    0x0, 0x0, 0x0, 0x0, 0x0, 0x0, 0xa, 0xff,
    0xff, 0xff, 0x0, 0x0, 0x0, 0x8, 0xff, 0xff,
    0xfb, 0x0, 0x0, 0x0, 0x0, 0x0, 0x0, 0x0,
    0x0, 0x3f, 0xff, 0xff, 0xf6, 0x0, 0x0, 0x0,
    0xef, 0xff, 0xff, 0x40, 0x0, 0x0, 0x0, 0x0,
    0x0, 0x0, 0x0, 0x0, 0xcf, 0xff, 0xff, 0xd0,
    0x0, 0x0, 0x6f, 0xff, 0xff, 0xd0, 0x0, 0x0,
    0x0, 0x0, 0x0, 0x0, 0x0, 0x0, 0x6, 0xff,
    0xff, 0xff, 0x40, 0x0, 0xd, 0xff, 0xff, 0xf6,
    0x0, 0x0, 0x0, 0x0, 0x0, 0x0, 0x0, 0x0,
    0x0, 0xe, 0xff, 0xff, 0xfb, 0x0, 0x4, 0xff,
    0xff, 0xfe, 0x0, 0x0, 0x0, 0x0, 0x0, 0x0,
    0x0, 0x0, 0x0, 0x0, 0x8f, 0xff, 0xff, 0xf2,
    0x0, 0xbf, 0xff, 0xff, 0x80, 0x0, 0x0, 0x0,
    0x0, 0x0, 0x0, 0x0, 0x0, 0x0, 0x1, 0xff,
    0xff, 0xff, 0x90, 0x2f, 0xff, 0xff, 0xf2, 0x0,
    0x0, 0x0, 0x0, 0x0, 0x0, 0x0, 0x0, 0x0,
    0x0, 0xa, 0xff, 0xff, 0xff, 0x8, 0xff, 0xff,
    0xfa, 0x0, 0x0, 0x0, 0x0, 0x0, 0x0, 0x0,
    0x0, 0x0, 0x0, 0x0, 0x3f, 0xff, 0xff, 0xf7,
    0xff, 0xff, 0xff, 0x40, 0x0, 0x0, 0x0, 0x0,
    0x0, 0x0, 0x0, 0x0, 0x0, 0x0, 0x0, 0xcf,
    0xff, 0xff, 0xff, 0xff, 0xff, 0xd0, 0x0, 0x0,
    0x0, 0x0, 0x0, 0x0, 0x0, 0x0, 0x0, 0x0,
    0x0, 0x5, 0xff, 0xff, 0xff, 0xff, 0xff, 0xf6,
    0x0, 0x0, 0x0, 0x0, 0x0, 0x0, 0x0, 0x0,
    0x0, 0x0, 0x0, 0x0, 0xe, 0xff, 0xff, 0xff,
    0xff, 0xfe, 0x0, 0x0, 0x0, 0x0, 0x0, 0x0,
    0x0, 0x0, 0x0, 0x0, 0x0, 0x0, 0x0, 0x7f,
    0xff, 0xff, 0xff, 0xff, 0x80, 0x0, 0x0, 0x0,
    0x0, 0x0, 0x0, 0x0, 0x0, 0x0, 0x0, 0x0,
    0x0, 0x1, 0xff, 0xff, 0xff, 0xff, 0xf1, 0x0,
    0x0, 0x0, 0x0, 0x0, 0x0, 0x0, 0x0, 0x0,
    0x0, 0x0, 0x0, 0x0, 0xa, 0xff, 0xff, 0xff,
    0xfa, 0x0, 0x0, 0x0, 0x0, 0x0, 0x0, 0x0,
    0x0, 0x0, 0x0, 0x0, 0x0, 0x0, 0x0, 0x3f,
    0xff, 0xff, 0xff, 0x30, 0x0, 0x0, 0x0, 0x0,
    0x0, 0x0, 0x0, 0x0, 0x0, 0x0, 0x0, 0x0,
    0x0, 0x0, 0xcf, 0xff, 0xff, 0xc0, 0x0, 0x0,
    0x0, 0x0, 0x0, 0x0, 0x0,

    /* U+0057 "W" */
    0x8f, 0xff, 0xff, 0xe0, 0x0, 0x0, 0x0, 0x0,
    0x0, 0x0, 0x0, 0x5, 0xff, 0xff, 0xfb, 0x0,
    0x0, 0x0, 0x0, 0x0, 0x0, 0x0, 0x0, 0x7f,
    0xff, 0xff, 0x73, 0xff, 0xff, 0xff, 0x40, 0x0,
    0x0, 0x0, 0x0, 0x0, 0x0, 0x0, 0xbf, 0xff,
    0xff, 0xf1, 0x0, 0x0, 0x0, 0x0, 0x0, 0x0,
    0x0, 0xd, 0xff, 0xff, 0xf1, 0xe, 0xff, 0xff,
    0xf9, 0x0, 0x0, 0x0, 0x0, 0x0, 0x0, 0x0,
    0xf, 0xff, 0xff, 0xff, 0x60, 0x0, 0x0, 0x0,
    0x0, 0x0, 0x0, 0x2, 0xff, 0xff, 0xfc, 0x0,
    0x8f, 0xff, 0xff, 0xe0, 0x0, 0x0, 0x0, 0x0,
    0x0, 0x0, 0x5, 0xff, 0xff, 0xff, 0xfb, 0x0,
    0x0, 0x0, 0x0, 0x0, 0x0, 0x0, 0x7f, 0xff,
    0xff, 0x70, 0x3, 0xff, 0xff, 0xff, 0x30, 0x0,
    0x0, 0x0, 0x0, 0x0, 0x0, 0xbf, 0xff, 0xff,
    0xff, 0xf1, 0x0, 0x0, 0x0, 0x0, 0x0, 0x0,
    0xd, 0xff, 0xff, 0xf2, 0x0, 0xe, 0xff, 0xff,
    0xf8, 0x0, 0x0, 0x0, 0x0, 0x0, 0x0, 0x1f,
    0xff, 0xff, 0xff, 0xff, 0x60, 0x0, 0x0, 0x0,
    0x0, 0x0, 0x2, 0xff, 0xff, 0xfc, 0x0, 0x0,
    0x9f, 0xff, 0xff, 0xe0, 0x0, 0x0, 0x0, 0x0,
    0x0, 0x6, 0xff, 0xff, 0xff, 0xff, 0xfb, 0x0,
    0x0, 0x0, 0x0, 0x0, 0x0, 0x7f, 0xff, 0xff,
    0x70, 0x0, 0x3, 0xff, 0xff, 0xff, 0x30, 0x0,
    0x0, 0x0, 0x0, 0x0, 0xbf, 0xff, 0xff, 0xff,
    0xff, 0xf0, 0x0, 0x0, 0x0, 0x0, 0x0, 0xc,
    0xff, 0xff, 0xf2, 0x0, 0x0, 0xe, 0xff, 0xff,
    0xf8, 0x0, 0x0, 0x0, 0x0, 0x0, 0x1f, 0xff,
    0xff, 0xff, 0xff, 0xff, 0x50, 0x0, 0x0, 0x0,
    0x0, 0x2, 0xff, 0xff, 0xfd, 0x0, 0x0, 0x0,
    0x9f, 0xff, 0xff, 0xd0, 0x0, 0x0, 0x0, 0x0,
    0x6, 0xff, 0xff, 0xf9, 0xff, 0xff, 0xfa, 0x0,
    0x0, 0x0, 0x0, 0x0, 0x7f, 0xff, 0xff, 0x80,
    0x0, 0x0, 0x4, 0xff, 0xff, 0xff, 0x20, 0x0,
    0x0, 0x0, 0x0, 0xbf, 0xff, 0xff, 0xe, 0xff,
    0xff, 0xf0, 0x0, 0x0, 0x0, 0x0, 0xc, 0xff,
    0xff, 0xf2, 0x0, 0x0, 0x0, 0xe, 0xff, 0xff,
    0xf7, 0x0, 0x0, 0x0, 0x0, 0x1f, 0xff, 0xff,
    0xa0, 0x9f, 0xff, 0xff, 0x50, 0x0, 0x0, 0x0,
    0x2, 0xff, 0xff, 0xfd, 0x0, 0x0, 0x0, 0x0,
    0x9f, 0xff, 0xff, 0xd0, 0x0, 0x0, 0x0, 0x6,
    0xff, 0xff, 0xf5, 0x4, 0xff, 0xff, 0xfa, 0x0,
    0x0, 0x0, 0x0, 0x7f, 0xff, 0xff, 0x80, 0x0,
    0x0, 0x0, 0x4, 0xff, 0xff, 0xff, 0x20, 0x0,
    0x0, 0x0, 0xbf, 0xff, 0xff, 0x0, 0xe, 0xff,
    0xff, 0xf0, 0x0, 0x0, 0x0, 0xc, 0xff, 0xff,
    0xf3, 0x0, 0x0, 0x0, 0x0, 0xe, 0xff, 0xff,
    0xf7, 0x0, 0x0, 0x0, 0x1f, 0xff, 0xff, 0xa0,
    0x0, 0x9f, 0xff, 0xff, 0x50, 0x0, 0x0, 0x2,
    0xff, 0xff, 0xfd, 0x0, 0x0, 0x0, 0x0, 0x0,
    0xaf, 0xff, 0xff, 0xc0, 0x0, 0x0, 0x6, 0xff,
    0xff, 0xf5, 0x0, 0x4, 0xff, 0xff, 0xfa, 0x0,
    0x0, 0x0, 0x7f, 0xff, 0xff, 0x80, 0x0, 0x0,
    0x0, 0x0, 0x4, 0xff, 0xff, 0xff, 0x10, 0x0,
    0x0, 0xbf, 0xff, 0xff, 0x0, 0x0, 0xe, 0xff,
    0xff, 0xf0, 0x0, 0x0, 0xc, 0xff, 0xff, 0xf3,
    0x0, 0x0, 0x0, 0x0, 0x0, 0xf, 0xff, 0xff,
    0xf6, 0x0, 0x0, 0x1f, 0xff, 0xff, 0xa0, 0x0,
    0x0, 0x9f, 0xff, 0xff, 0x40, 0x0, 0x1, 0xff,
    0xff, 0xfe, 0x0, 0x0, 0x0, 0x0, 0x0, 0x0,
    0xaf, 0xff, 0xff, 0xc0, 0x0, 0x6, 0xff, 0xff,
    0xf5, 0x0, 0x0, 0x4, 0xff, 0xff, 0xfa, 0x0,
    0x0, 0x7f, 0xff, 0xff, 0x80, 0x0, 0x0, 0x0,
    0x0, 0x0, 0x5, 0xff, 0xff, 0xff, 0x10, 0x0,
    0xbf, 0xff, 0xff, 0x0, 0x0, 0x0, 0xe, 0xff,
    0xff, 0xe0, 0x0, 0xc, 0xff, 0xff, 0xf3, 0x0,
    0x0, 0x0, 0x0, 0x0, 0x0, 0xf, 0xff, 0xff,
    0xf6, 0x0, 0x1f, 0xff, 0xff, 0xa0, 0x0, 0x0,
    0x0, 0x9f, 0xff, 0xff, 0x40, 0x1, 0xff, 0xff,
    0xfe, 0x0, 0x0, 0x0, 0x0, 0x0, 0x0, 0x0,
    0xaf, 0xff, 0xff, 0xb0, 0x6, 0xff, 0xff, 0xf4,
    0x0, 0x0, 0x0, 0x4, 0xff, 0xff, 0xf9, 0x0,
    0x7f, 0xff, 0xff, 0x90, 0x0, 0x0, 0x0, 0x0,
    0x0, 0x0, 0x5, 0xff, 0xff, 0xff, 0x10, 0xcf,
    0xff, 0xff, 0x0, 0x0, 0x0, 0x0, 0xe, 0xff,
    0xff, 0xe0, 0xc, 0xff, 0xff, 0xf3, 0x0, 0x0,
    0x0, 0x0, 0x0, 0x0, 0x0, 0xf, 0xff, 0xff,
    0xf5, 0x1f, 0xff, 0xff, 0xa0, 0x0, 0x0, 0x0,
    0x0, 0x9f, 0xff, 0xff, 0x41, 0xff, 0xff, 0xfe,
    0x0, 0x0, 0x0, 0x0, 0x0, 0x0, 0x0, 0x0,
    0xaf, 0xff, 0xff, 0xb6, 0xff, 0xff, 0xf4, 0x0,
    0x0, 0x0, 0x0, 0x4, 0xff, 0xff, 0xf9, 0x6f,
    0xff, 0xff, 0x90, 0x0, 0x0, 0x0, 0x0, 0x0,
    0x0, 0x0, 0x5, 0xff, 0xff, 0xff, 0xcf, 0xff,
    0xff, 0x0, 0x0, 0x0, 0x0, 0x0, 0xe, 0xff,
    0xff, 0xec, 0xff, 0xff, 0xf4, 0x0, 0x0, 0x0,
    0x0, 0x0, 0x0, 0x0, 0x0, 0xf, 0xff, 0xff,
    0xff, 0xff, 0xff, 0xa0, 0x0, 0x0, 0x0, 0x0,
    0x0, 0xaf, 0xff, 0xff, 0xff, 0xff, 0xfe, 0x0,
    0x0, 0x0, 0x0, 0x0, 0x0, 0x0, 0x0, 0x0,
    0xbf, 0xff, 0xff, 0xff, 0xff, 0xf4, 0x0, 0x0,
    0x0, 0x0, 0x0, 0x4, 0xff, 0xff, 0xff, 0xff,
    0xff, 0x90, 0x0, 0x0, 0x0, 0x0, 0x0, 0x0,
    0x0, 0x0, 0x5, 0xff, 0xff, 0xff, 0xff, 0xfe,
    0x0, 0x0, 0x0, 0x0, 0x0, 0x0, 0xf, 0xff,
    0xff, 0xff, 0xff, 0xf4, 0x0, 0x0, 0x0, 0x0,
    0x0, 0x0, 0x0, 0x0, 0x0, 0xf, 0xff, 0xff,
    0xff, 0xff, 0x90, 0x0, 0x0, 0x0, 0x0, 0x0,
    0x0, 0xaf, 0xff, 0xff, 0xff, 0xfe, 0x0, 0x0,
    0x0, 0x0, 0x0, 0x0, 0x0, 0x0, 0x0, 0x0,
    0xbf, 0xff, 0xff, 0xff, 0xf4, 0x0, 0x0, 0x0,
    0x0, 0x0, 0x0, 0x4, 0xff, 0xff, 0xff, 0xff,
    0xa0, 0x0, 0x0, 0x0, 0x0, 0x0, 0x0, 0x0,
    0x0, 0x0, 0x6, 0xff, 0xff, 0xff, 0xfe, 0x0,
    0x0, 0x0, 0x0, 0x0, 0x0, 0x0, 0xf, 0xff,
    0xff, 0xff, 0xf4, 0x0, 0x0, 0x0, 0x0, 0x0,
    0x0, 0x0, 0x0, 0x0, 0x0, 0x1f, 0xff, 0xff,
    0xff, 0x90, 0x0, 0x0, 0x0, 0x0, 0x0, 0x0,
    0x0, 0xaf, 0xff, 0xff, 0xff, 0x0, 0x0, 0x0,
    0x0, 0x0, 0x0, 0x0, 0x0, 0x0, 0x0, 0x0,
    0xbf, 0xff, 0xff, 0xf4, 0x0, 0x0, 0x0, 0x0,
    0x0, 0x0, 0x0, 0x4, 0xff, 0xff, 0xff, 0xa0,
    0x0, 0x0, 0x0, 0x0, 0x0,

    /* U+0058 "X" */
    0x8, 0xff, 0xff, 0xff, 0x80, 0x0, 0x0, 0x0,
    0x0, 0x0, 0x0, 0x0, 0x2f, 0xff, 0xff, 0xfa,
    0x0, 0xc, 0xff, 0xff, 0xff, 0x30, 0x0, 0x0,
    0x0, 0x0, 0x0, 0x0, 0xc, 0xff, 0xff, 0xfe,
    0x0, 0x0, 0x2f, 0xff, 0xff, 0xfe, 0x0, 0x0,
    0x0, 0x0, 0x0, 0x0, 0x8, 0xff, 0xff, 0xff,
    0x30, 0x0, 0x0, 0x6f, 0xff, 0xff, 0xfa, 0x0,
    0x0, 0x0, 0x0, 0x0, 0x3, 0xff, 0xff, 0xff,
    0x80, 0x0, 0x0, 0x0, 0xbf, 0xff, 0xff, 0xf5,
    0x0, 0x0, 0x0, 0x0, 0x0, 0xdf, 0xff, 0xff,
    0xc0, 0x0, 0x0, 0x0, 0x1, 0xef, 0xff, 0xff,
    0xf2, 0x0, 0x0, 0x0, 0x0, 0xaf, 0xff, 0xff,
    0xf2, 0x0, 0x0, 0x0, 0x0, 0x4, 0xff, 0xff,
    0xff, 0xc0, 0x0, 0x0, 0x0, 0x5f, 0xff, 0xff,
    0xf5, 0x0, 0x0, 0x0, 0x0, 0x0, 0x9, 0xff,
    0xff, 0xff, 0x80, 0x0, 0x0, 0x1e, 0xff, 0xff,
    0xfa, 0x0, 0x0, 0x0, 0x0, 0x0, 0x0, 0xd,
    0xff, 0xff, 0xff, 0x30, 0x0, 0xb, 0xff, 0xff,
    0xfd, 0x0, 0x0, 0x0, 0x0, 0x0, 0x0, 0x0,
    0x2f, 0xff, 0xff, 0xfd, 0x0, 0x7, 0xff, 0xff,
    0xff, 0x30, 0x0, 0x0, 0x0, 0x0, 0x0, 0x0,
    0x0, 0x6f, 0xff, 0xff, 0xfa, 0x2, 0xff, 0xff,
    0xff, 0x70, 0x0, 0x0, 0x0, 0x0, 0x0, 0x0,
    0x0, 0x0, 0xbf, 0xff, 0xff, 0xf6, 0xdf, 0xff,
    0xff, 0xc0, 0x0, 0x0, 0x0, 0x0, 0x0, 0x0,
    0x0, 0x0, 0x1, 0xef, 0xff, 0xff, 0xff, 0xff,
    0xff, 0xf1, 0x0, 0x0, 0x0, 0x0, 0x0, 0x0,
    0x0, 0x0, 0x0, 0x4, 0xff, 0xff, 0xff, 0xff,
    0xff, 0xf5, 0x0, 0x0, 0x0, 0x0, 0x0, 0x0,
    0x0, 0x0, 0x0, 0x0, 0x9, 0xff, 0xff, 0xff,
    0xff, 0xfa, 0x0, 0x0, 0x0, 0x0, 0x0, 0x0,
    0x0, 0x0, 0x0, 0x0, 0x0, 0xd, 0xff, 0xff,
    0xff, 0xfd, 0x0, 0x0, 0x0, 0x0, 0x0, 0x0,
    0x0, 0x0, 0x0, 0x0, 0x0, 0x0, 0x4f, 0xff,
    0xff, 0xff, 0x60, 0x0, 0x0, 0x0, 0x0, 0x0,
    0x0, 0x0, 0x0, 0x0, 0x0, 0x0, 0xb, 0xff,
    0xff, 0xff, 0xfe, 0x10, 0x0, 0x0, 0x0, 0x0,
    0x0, 0x0, 0x0, 0x0, 0x0, 0x0, 0x7, 0xff,
    0xff, 0xff, 0xff, 0xfb, 0x0, 0x0, 0x0, 0x0,
    0x0, 0x0, 0x0, 0x0, 0x0, 0x0, 0x3, 0xff,
    0xff, 0xff, 0xff, 0xff, 0xf7, 0x0, 0x0, 0x0,
    0x0, 0x0, 0x0, 0x0, 0x0, 0x0, 0x0, 0xdf,
    0xff, 0xff, 0xff, 0xff, 0xff, 0xf3, 0x0, 0x0,
    0x0, 0x0, 0x0, 0x0, 0x0, 0x0, 0x0, 0x9f,
    0xff, 0xff, 0xf7, 0xff, 0xff, 0xff, 0xd0, 0x0,
    0x0, 0x0, 0x0, 0x0, 0x0, 0x0, 0x0, 0x5f,
    0xff, 0xff, 0xf9, 0x6, 0xff, 0xff, 0xff, 0x90,
    0x0, 0x0, 0x0, 0x0, 0x0, 0x0, 0x0, 0x1e,
    0xff, 0xff, 0xfd, 0x0, 0xb, 0xff, 0xff, 0xff,
    0x50, 0x0, 0x0, 0x0, 0x0, 0x0, 0x0, 0xb,
    0xff, 0xff, 0xff, 0x30, 0x0, 0x1e, 0xff, 0xff,
    0xfe, 0x10, 0x0, 0x0, 0x0, 0x0, 0x0, 0x7,
    0xff, 0xff, 0xff, 0x70, 0x0, 0x0, 0x5f, 0xff,
    0xff, 0xfc, 0x0, 0x0, 0x0, 0x0, 0x0, 0x3,
    0xff, 0xff, 0xff, 0xc0, 0x0, 0x0, 0x0, 0x9f,
    0xff, 0xff, 0xf7, 0x0, 0x0, 0x0, 0x0, 0x0,
    0xdf, 0xff, 0xff, 0xf2, 0x0, 0x0, 0x0, 0x0,
    0xdf, 0xff, 0xff, 0xf3, 0x0, 0x0, 0x0, 0x0,
    0x9f, 0xff, 0xff, 0xf5, 0x0, 0x0, 0x0, 0x0,
    0x3, 0xff, 0xff, 0xff, 0xd0, 0x0, 0x0, 0x0,
    0x5f, 0xff, 0xff, 0xfa, 0x0, 0x0, 0x0, 0x0,
    0x0, 0x7, 0xff, 0xff, 0xff, 0xa0, 0x0, 0x0,
    0x1e, 0xff, 0xff, 0xfe, 0x10, 0x0, 0x0, 0x0,
    0x0, 0x0, 0xc, 0xff, 0xff, 0xff, 0x50, 0x0,
    0xc, 0xff, 0xff, 0xff, 0x40, 0x0, 0x0, 0x0,
    0x0, 0x0, 0x0, 0x2f, 0xff, 0xff, 0xff, 0x20,
    0x7, 0xff, 0xff, 0xff, 0x90, 0x0, 0x0, 0x0,
    0x0, 0x0, 0x0, 0x0, 0x5f, 0xff, 0xff, 0xfc,
    0x3, 0xff, 0xff, 0xff, 0xd0, 0x0, 0x0, 0x0,
    0x0, 0x0, 0x0, 0x0, 0x0, 0xaf, 0xff, 0xff,
    0xf8,

    /* U+0059 "Y" */
    0x2f, 0xff, 0xff, 0xf8, 0x0, 0x0, 0x0, 0x0,
    0x0, 0x0, 0x0, 0x0, 0x0, 0x4f, 0xff, 0xff,
    0xd0, 0x8, 0xff, 0xff, 0xff, 0x20, 0x0, 0x0,
    0x0, 0x0, 0x0, 0x0, 0x0, 0x0, 0xdf, 0xff,
    0xff, 0x40, 0x0, 0xef, 0xff, 0xff, 0xb0, 0x0,
    0x0, 0x0, 0x0, 0x0, 0x0, 0x0, 0x7, 0xff,
    0xff, 0xfa, 0x0, 0x0, 0x5f, 0xff, 0xff, 0xf5,
    0x0, 0x0, 0x0, 0x0, 0x0, 0x0, 0x0, 0x1f,
    0xff, 0xff, 0xf1, 0x0, 0x0, 0xb, 0xff, 0xff,
    0xfd, 0x0, 0x0, 0x0, 0x0, 0x0, 0x0, 0x0,
    0xbf, 0xff, 0xff, 0x70, 0x0, 0x0, 0x2, 0xff,
    0xff, 0xff, 0x80, 0x0, 0x0, 0x0, 0x0, 0x0,
    0x4, 0xff, 0xff, 0xfd, 0x0, 0x0, 0x0, 0x0,
    0x8f, 0xff, 0xff, 0xf2, 0x0, 0x0, 0x0, 0x0,
    0x0, 0xd, 0xff, 0xff, 0xf4, 0x0, 0x0, 0x0,
    0x0, 0xe, 0xff, 0xff, 0xfb, 0x0, 0x0, 0x0,
    0x0, 0x0, 0x7f, 0xff, 0xff, 0xa0, 0x0, 0x0,
    0x0, 0x0, 0x5, 0xff, 0xff, 0xff, 0x40, 0x0,
    0x0, 0x0, 0x1, 0xff, 0xff, 0xff, 0x20, 0x0,
    0x0, 0x0, 0x0, 0x0, 0xbf, 0xff, 0xff, 0xd0,
    0x0, 0x0, 0x0, 0xb, 0xff, 0xff, 0xf7, 0x0,
    0x0, 0x0, 0x0, 0x0, 0x0, 0x2f, 0xff, 0xff,
    0xf7, 0x0, 0x0, 0x0, 0x4f, 0xff, 0xff, 0xd0,
    0x0, 0x0, 0x0, 0x0, 0x0, 0x0, 0x8, 0xff,
    0xff, 0xff, 0x10, 0x0, 0x0, 0xdf, 0xff, 0xff,
    0x40, 0x0, 0x0, 0x0, 0x0, 0x0, 0x0, 0x0,
    0xef, 0xff, 0xff, 0xa0, 0x0, 0x7, 0xff, 0xff,
    0xfb, 0x0, 0x0, 0x0, 0x0, 0x0, 0x0, 0x0,
    0x0, 0x5f, 0xff, 0xff, 0xf4, 0x0, 0x1f, 0xff,
    0xff, 0xf2, 0x0, 0x0, 0x0, 0x0, 0x0, 0x0,
    0x0, 0x0, 0xc, 0xff, 0xff, 0xfd, 0x0, 0xbf,
    0xff, 0xff, 0x80, 0x0, 0x0, 0x0, 0x0, 0x0,
    0x0, 0x0, 0x0, 0x2, 0xff, 0xff, 0xff, 0x74,
    0xff, 0xff, 0xfe, 0x0, 0x0, 0x0, 0x0, 0x0,
    0x0, 0x0, 0x0, 0x0, 0x0, 0x8f, 0xff, 0xff,
    0xfd, 0xff, 0xff, 0xf5, 0x0, 0x0, 0x0, 0x0,
    0x0, 0x0, 0x0, 0x0, 0x0, 0x0, 0xe, 0xff,
    0xff, 0xff, 0xff, 0xff, 0xb0, 0x0, 0x0, 0x0,
    0x0, 0x0, 0x0, 0x0, 0x0, 0x0, 0x0, 0x5,
    0xff, 0xff, 0xff, 0xff, 0xff, 0x20, 0x0, 0x0,
    0x0, 0x0, 0x0, 0x0, 0x0, 0x0, 0x0, 0x0,
    0x0, 0xcf, 0xff, 0xff, 0xff, 0xf8, 0x0, 0x0,
    0x0, 0x0, 0x0, 0x0, 0x0, 0x0, 0x0, 0x0,
    0x0, 0x0, 0x2f, 0xff, 0xff, 0xff, 0xe0, 0x0,
    0x0, 0x0, 0x0, 0x0, 0x0, 0x0, 0x0, 0x0,
    0x0, 0x0, 0x0, 0x9, 0xff, 0xff, 0xff, 0x50,
    0x0, 0x0, 0x0, 0x0, 0x0, 0x0, 0x0, 0x0,
    0x0, 0x0, 0x0, 0x0, 0x3, 0xff, 0xff, 0xff,
    0x0, 0x0, 0x0, 0x0, 0x0, 0x0, 0x0, 0x0,
    0x0, 0x0, 0x0, 0x0, 0x0, 0x3, 0xff, 0xff,
    0xff, 0x0, 0x0, 0x0, 0x0, 0x0, 0x0, 0x0,
    0x0, 0x0, 0x0, 0x0, 0x0, 0x0, 0x3, 0xff,
    0xff, 0xff, 0x0, 0x0, 0x0, 0x0, 0x0, 0x0,
    0x0, 0x0, 0x0, 0x0, 0x0, 0x0, 0x0, 0x3,
    0xff, 0xff, 0xff, 0x0, 0x0, 0x0, 0x0, 0x0,
    0x0, 0x0, 0x0, 0x0, 0x0, 0x0, 0x0, 0x0,
    0x3, 0xff, 0xff, 0xff, 0x0, 0x0, 0x0, 0x0,
    0x0, 0x0, 0x0, 0x0, 0x0, 0x0, 0x0, 0x0,
    0x0, 0x3, 0xff, 0xff, 0xff, 0x0, 0x0, 0x0,
    0x0, 0x0, 0x0, 0x0, 0x0, 0x0, 0x0, 0x0,
    0x0, 0x0, 0x3, 0xff, 0xff, 0xff, 0x0, 0x0,
    0x0, 0x0, 0x0, 0x0, 0x0, 0x0, 0x0, 0x0,
    0x0, 0x0, 0x0, 0x3, 0xff, 0xff, 0xff, 0x0,
    0x0, 0x0, 0x0, 0x0, 0x0, 0x0, 0x0, 0x0,
    0x0, 0x0, 0x0, 0x0, 0x3, 0xff, 0xff, 0xff,
    0x0, 0x0, 0x0, 0x0, 0x0, 0x0, 0x0, 0x0,
    0x0, 0x0, 0x0, 0x0, 0x0, 0x3, 0xff, 0xff,
    0xff, 0x0, 0x0, 0x0, 0x0, 0x0, 0x0, 0x0,
    0x0, 0x0, 0x0, 0x0, 0x0, 0x0, 0x3, 0xff,
    0xff, 0xff, 0x0, 0x0, 0x0, 0x0, 0x0, 0x0,
    0x0, 0x0, 0x0, 0x0, 0x0, 0x0, 0x0, 0x3,
    0xff, 0xff, 0xff, 0x0, 0x0, 0x0, 0x0, 0x0,
    0x0, 0x0,

    /* U+005A "Z" */
    0xb, 0xff, 0xff, 0xff, 0xff, 0xff, 0xff, 0xff,
    0xff, 0xff, 0xff, 0xff, 0xff, 0xff, 0xf0, 0xb,
    0xff, 0xff, 0xff, 0xff, 0xff, 0xff, 0xff, 0xff,
    0xff, 0xff, 0xff, 0xff, 0xff, 0xf0, 0xb, 0xff,
    0xff, 0xff, 0xff, 0xff, 0xff, 0xff, 0xff, 0xff,
    0xff, 0xff, 0xff, 0xff, 0xf0, 0xb, 0xff, 0xff,
    0xff, 0xff, 0xff, 0xff, 0xff, 0xff, 0xff, 0xff,
    0xff, 0xff, 0xff, 0xf0, 0xb, 0xff, 0xff, 0xff,
    0xff, 0xff, 0xff, 0xff, 0xff, 0xff, 0xff, 0xff,
    0xff, 0xff, 0xb0, 0x3, 0x44, 0x44, 0x44, 0x44,
    0x44, 0x44, 0x44, 0x44, 0x44, 0xaf, 0xff, 0xff,
    0xfd, 0x10, 0x0, 0x0, 0x0, 0x0, 0x0, 0x0,
    0x0, 0x0, 0x0, 0x3, 0xff, 0xff, 0xff, 0xf2,
    0x0, 0x0, 0x0, 0x0, 0x0, 0x0, 0x0, 0x0,
    0x0, 0x0, 0x1e, 0xff, 0xff, 0xff, 0x50, 0x0,
    0x0, 0x0, 0x0, 0x0, 0x0, 0x0, 0x0, 0x0,
    0x0, 0xcf, 0xff, 0xff, 0xf8, 0x0, 0x0, 0x0,
    0x0, 0x0, 0x0, 0x0, 0x0, 0x0, 0x0, 0xa,
    0xff, 0xff, 0xff, 0xb0, 0x0, 0x0, 0x0, 0x0,
    0x0, 0x0, 0x0, 0x0, 0x0, 0x0, 0x7f, 0xff,
    0xff, 0xfd, 0x0, 0x0, 0x0, 0x0, 0x0, 0x0,
    0x0, 0x0, 0x0, 0x0, 0x4, 0xff, 0xff, 0xff,
    0xf2, 0x0, 0x0, 0x0, 0x0, 0x0, 0x0, 0x0,
    0x0, 0x0, 0x0, 0x2e, 0xff, 0xff, 0xff, 0x40,
    0x0, 0x0, 0x0, 0x0, 0x0, 0x0, 0x0, 0x0,
    0x0, 0x0, 0xdf, 0xff, 0xff, 0xf7, 0x0, 0x0,
    0x0, 0x0, 0x0, 0x0, 0x0, 0x0, 0x0, 0x0,
    0xa, 0xff, 0xff, 0xff, 0xa0, 0x0, 0x0, 0x0,
    0x0, 0x0, 0x0, 0x0, 0x0, 0x0, 0x0, 0x7f,
    0xff, 0xff, 0xfd, 0x0, 0x0, 0x0, 0x0, 0x0,
    0x0, 0x0, 0x0, 0x0, 0x0, 0x4, 0xff, 0xff,
    0xff, 0xe2, 0x0, 0x0, 0x0, 0x0, 0x0, 0x0,
    0x0, 0x0, 0x0, 0x0, 0x2f, 0xff, 0xff, 0xff,
    0x40, 0x0, 0x0, 0x0, 0x0, 0x0, 0x0, 0x0,
    0x0, 0x0, 0x0, 0xdf, 0xff, 0xff, 0xf7, 0x0,
    0x0, 0x0, 0x0, 0x0, 0x0, 0x0, 0x0, 0x0,
    0x0, 0xb, 0xff, 0xff, 0xff, 0xa0, 0x0, 0x0,
    0x0, 0x0, 0x0, 0x0, 0x0, 0x0, 0x0, 0x0,
    0x8f, 0xff, 0xff, 0xfc, 0x0, 0x0, 0x0, 0x0,
    0x0, 0x0, 0x0, 0x0, 0x0, 0x0, 0x5, 0xff,
    0xff, 0xff, 0xe1, 0x0, 0x0, 0x0, 0x0, 0x0,
    0x0, 0x0, 0x0, 0x0, 0x0, 0x2f, 0xff, 0xff,
    0xff, 0x30, 0x0, 0x0, 0x0, 0x0, 0x0, 0x0,
    0x0, 0x0, 0x0, 0x1, 0xdf, 0xff, 0xff, 0xf6,
    0x0, 0x0, 0x0, 0x0, 0x0, 0x0, 0x0, 0x0,
    0x0, 0x0, 0xb, 0xff, 0xff, 0xff, 0x90, 0x0,
    0x0, 0x0, 0x0, 0x0, 0x0, 0x0, 0x0, 0x0,
    0x0, 0x8f, 0xff, 0xff, 0xfc, 0x0, 0x0, 0x0,
    0x0, 0x0, 0x0, 0x0, 0x0, 0x0, 0x0, 0x5,
    0xff, 0xff, 0xff, 0xe1, 0x0, 0x0, 0x0, 0x0,
    0x0, 0x0, 0x0, 0x0, 0x0, 0x0, 0x3f, 0xff,
    0xff, 0xff, 0x30, 0x0, 0x0, 0x0, 0x0, 0x0,
    0x0, 0x0, 0x0, 0x0, 0x1, 0xef, 0xff, 0xff,
    0xfa, 0x44, 0x44, 0x44, 0x44, 0x44, 0x44, 0x44,
    0x44, 0x44, 0x42, 0xc, 0xff, 0xff, 0xff, 0xff,
    0xff, 0xff, 0xff, 0xff, 0xff, 0xff, 0xff, 0xff,
    0xff, 0xfa, 0xf, 0xff, 0xff, 0xff, 0xff, 0xff,
    0xff, 0xff, 0xff, 0xff, 0xff, 0xff, 0xff, 0xff,
    0xfa, 0xf, 0xff, 0xff, 0xff, 0xff, 0xff, 0xff,
    0xff, 0xff, 0xff, 0xff, 0xff, 0xff, 0xff, 0xfa,
    0xf, 0xff, 0xff, 0xff, 0xff, 0xff, 0xff, 0xff,
    0xff, 0xff, 0xff, 0xff, 0xff, 0xff, 0xfa, 0xf,
    0xff, 0xff, 0xff, 0xff, 0xff, 0xff, 0xff, 0xff,
    0xff, 0xff, 0xff, 0xff, 0xff, 0xfa,

    /* U+005B "[" */
    0x7f, 0xff, 0xff, 0xff, 0xff, 0xff, 0x7f, 0xff,
    0xff, 0xff, 0xff, 0xff, 0x7f, 0xff, 0xff, 0xff,
    0xff, 0xff, 0x7f, 0xff, 0xff, 0xff, 0xff, 0xff,
    0x7f, 0xff, 0xff, 0xed, 0xdd, 0xdc, 0x7f, 0xff,
    0xff, 0x80, 0x0, 0x0, 0x7f, 0xff, 0xff, 0x80,
    0x0, 0x0, 0x7f, 0xff, 0xff, 0x80, 0x0, 0x0,
    0x7f, 0xff, 0xff, 0x80, 0x0, 0x0, 0x7f, 0xff,
    0xff, 0x80, 0x0, 0x0, 0x7f, 0xff, 0xff, 0x80,
    0x0, 0x0, 0x7f, 0xff, 0xff, 0x80, 0x0, 0x0,
    0x7f, 0xff, 0xff, 0x80, 0x0, 0x0, 0x7f, 0xff,
    0xff, 0x80, 0x0, 0x0, 0x7f, 0xff, 0xff, 0x80,
    0x0, 0x0, 0x7f, 0xff, 0xff, 0x80, 0x0, 0x0,
    0x7f, 0xff, 0xff, 0x80, 0x0, 0x0, 0x7f, 0xff,
    0xff, 0x80, 0x0, 0x0, 0x7f, 0xff, 0xff, 0x80,
    0x0, 0x0, 0x7f, 0xff, 0xff, 0x80, 0x0, 0x0,
    0x7f, 0xff, 0xff, 0x80, 0x0, 0x0, 0x7f, 0xff,
    0xff, 0x80, 0x0, 0x0, 0x7f, 0xff, 0xff, 0x80,
    0x0, 0x0, 0x7f, 0xff, 0xff, 0x80, 0x0, 0x0,
    0x7f, 0xff, 0xff, 0x80, 0x0, 0x0, 0x7f, 0xff,
    0xff, 0x80, 0x0, 0x0, 0x7f, 0xff, 0xff, 0x80,
    0x0, 0x0, 0x7f, 0xff, 0xff, 0x80, 0x0, 0x0,
    0x7f, 0xff, 0xff, 0x80, 0x0, 0x0, 0x7f, 0xff,
    0xff, 0x80, 0x0, 0x0, 0x7f, 0xff, 0xff, 0x80,
    0x0, 0x0, 0x7f, 0xff, 0xff, 0x80, 0x0, 0x0,
    0x7f, 0xff, 0xff, 0x80, 0x0, 0x0, 0x7f, 0xff,
    0xff, 0x80, 0x0, 0x0, 0x7f, 0xff, 0xff, 0x80,
    0x0, 0x0, 0x7f, 0xff, 0xff, 0x80, 0x0, 0x0,
    0x7f, 0xff, 0xff, 0x80, 0x0, 0x0, 0x7f, 0xff,
    0xff, 0x80, 0x0, 0x0, 0x7f, 0xff, 0xff, 0x80,
    0x0, 0x0, 0x7f, 0xff, 0xff, 0x80, 0x0, 0x0,
    0x7f, 0xff, 0xff, 0xed, 0xdd, 0xdc, 0x7f, 0xff,
    0xff, 0xff, 0xff, 0xff, 0x7f, 0xff, 0xff, 0xff,
    0xff, 0xff, 0x7f, 0xff, 0xff, 0xff, 0xff, 0xff,
    0x7f, 0xff, 0xff, 0xff, 0xff, 0xff,

    /* U+005C "\\" */
    0x68, 0x88, 0x84, 0x0, 0x0, 0x0, 0x0, 0x0,
    0x0, 0x0, 0x0, 0x9f, 0xff, 0xfc, 0x0, 0x0,
    0x0, 0x0, 0x0, 0x0, 0x0, 0x0, 0x3f, 0xff,
    0xff, 0x20, 0x0, 0x0, 0x0, 0x0, 0x0, 0x0,
    0x0, 0xe, 0xff, 0xff, 0x70, 0x0, 0x0, 0x0,
    0x0, 0x0, 0x0, 0x0, 0x8, 0xff, 0xff, 0xd0,
    0x0, 0x0, 0x0, 0x0, 0x0, 0x0, 0x0, 0x2,
    0xff, 0xff, 0xf3, 0x0, 0x0, 0x0, 0x0, 0x0,
    0x0, 0x0, 0x0, 0xdf, 0xff, 0xf8, 0x0, 0x0,
    0x0, 0x0, 0x0, 0x0, 0x0, 0x0, 0x7f, 0xff,
    0xfe, 0x0, 0x0, 0x0, 0x0, 0x0, 0x0, 0x0,
    0x0, 0x2f, 0xff, 0xff, 0x30, 0x0, 0x0, 0x0,
    0x0, 0x0, 0x0, 0x0, 0xc, 0xff, 0xff, 0x90,
    0x0, 0x0, 0x0, 0x0, 0x0, 0x0, 0x0, 0x7,
    0xff, 0xff, 0xe0, 0x0, 0x0, 0x0, 0x0, 0x0,
    0x0, 0x0, 0x1, 0xff, 0xff, 0xf4, 0x0, 0x0,
    0x0, 0x0, 0x0, 0x0, 0x0, 0x0, 0xbf, 0xff,
    0xfa, 0x0, 0x0, 0x0, 0x0, 0x0, 0x0, 0x0,
    0x0, 0x6f, 0xff, 0xff, 0x0, 0x0, 0x0, 0x0,
    0x0, 0x0, 0x0, 0x0, 0x1f, 0xff, 0xff, 0x50,
    0x0, 0x0, 0x0, 0x0, 0x0, 0x0, 0x0, 0xb,
    0xff, 0xff, 0xa0, 0x0, 0x0, 0x0, 0x0, 0x0,
    0x0, 0x0, 0x5, 0xff, 0xff, 0xf0, 0x0, 0x0,
    0x0, 0x0, 0x0, 0x0, 0x0, 0x0, 0xff, 0xff,
    0xf5, 0x0, 0x0, 0x0, 0x0, 0x0, 0x0, 0x0,
    0x0, 0xaf, 0xff, 0xfb, 0x0, 0x0, 0x0, 0x0,
    0x0, 0x0, 0x0, 0x0, 0x4f, 0xff, 0xff, 0x10,
    0x0, 0x0, 0x0, 0x0, 0x0, 0x0, 0x0, 0xe,
    0xff, 0xff, 0x60, 0x0, 0x0, 0x0, 0x0, 0x0,
    0x0, 0x0, 0x9, 0xff, 0xff, 0xc0, 0x0, 0x0,
    0x0, 0x0, 0x0, 0x0, 0x0, 0x4, 0xff, 0xff,
    0xf1, 0x0, 0x0, 0x0, 0x0, 0x0, 0x0, 0x0,
    0x0, 0xef, 0xff, 0xf7, 0x0, 0x0, 0x0, 0x0,
    0x0, 0x0, 0x0, 0x0, 0x9f, 0xff, 0xfc, 0x0,
    0x0, 0x0, 0x0, 0x0, 0x0, 0x0, 0x0, 0x3f,
    0xff, 0xff, 0x20, 0x0, 0x0, 0x0, 0x0, 0x0,
    0x0, 0x0, 0xd, 0xff, 0xff, 0x80, 0x0, 0x0,
    0x0, 0x0, 0x0, 0x0, 0x0, 0x8, 0xff, 0xff,
    0xd0, 0x0, 0x0, 0x0, 0x0, 0x0, 0x0, 0x0,
    0x2, 0xff, 0xff, 0xf3, 0x0, 0x0, 0x0, 0x0,
    0x0, 0x0, 0x0, 0x0, 0xdf, 0xff, 0xf8, 0x0,
    0x0, 0x0, 0x0, 0x0, 0x0, 0x0, 0x0, 0x7f,
    0xff, 0xfe, 0x0, 0x0, 0x0, 0x0, 0x0, 0x0,
    0x0, 0x0, 0x2f, 0xff, 0xff, 0x30, 0x0, 0x0,
    0x0, 0x0, 0x0, 0x0, 0x0, 0xc, 0xff, 0xff,
    0x90, 0x0, 0x0, 0x0, 0x0, 0x0, 0x0, 0x0,
    0x6, 0xff, 0xff, 0xe0, 0x0, 0x0, 0x0, 0x0,
    0x0, 0x0, 0x0, 0x1, 0xff, 0xff, 0xf4, 0x0,
    0x0, 0x0, 0x0, 0x0, 0x0, 0x0, 0x0, 0xbf,
    0xff, 0xfa, 0x0, 0x0, 0x0, 0x0, 0x0, 0x0,
    0x0, 0x0, 0x6f, 0xff, 0xff, 0x0, 0x0, 0x0,
    0x0, 0x0, 0x0, 0x0, 0x0, 0x1f, 0xff, 0xff,
    0x50, 0x0, 0x0, 0x0, 0x0, 0x0, 0x0, 0x0,
    0xb, 0xff, 0xff, 0xa0, 0x0, 0x0, 0x0, 0x0,
    0x0, 0x0, 0x0, 0x5, 0xff, 0xff, 0xf0, 0x0,
    0x0, 0x0, 0x0, 0x0, 0x0, 0x0, 0x0, 0xff,
    0xff, 0xf6, 0x0, 0x0, 0x0, 0x0, 0x0, 0x0,
    0x0, 0x0, 0xaf, 0xff, 0xfb, 0x0, 0x0, 0x0,
    0x0, 0x0, 0x0, 0x0, 0x0, 0x4f, 0xff, 0xff,
    0x10, 0x0, 0x0, 0x0, 0x0, 0x0, 0x0, 0x0,
    0xe, 0xff, 0xff, 0x60, 0x0, 0x0, 0x0, 0x0,
    0x0, 0x0, 0x0, 0x9, 0xff, 0xff, 0xc0, 0x0,
    0x0, 0x0, 0x0, 0x0, 0x0, 0x0, 0x4, 0xff,
    0xff, 0xf2,

    /* U+005D "]" */
    0x3f, 0xff, 0xff, 0xff, 0xff, 0xff, 0x33, 0xff,
    0xff, 0xff, 0xff, 0xff, 0xf3, 0x3f, 0xff, 0xff,
    0xff, 0xff, 0xff, 0x33, 0xff, 0xff, 0xff, 0xff,
    0xff, 0xf3, 0x2d, 0xdd, 0xdd, 0xff, 0xff, 0xff,
    0x30, 0x0, 0x0, 0xc, 0xff, 0xff, 0xf3, 0x0,
    0x0, 0x0, 0xcf, 0xff, 0xff, 0x30, 0x0, 0x0,
    0xc, 0xff, 0xff, 0xf3, 0x0, 0x0, 0x0, 0xcf,
    0xff, 0xff, 0x30, 0x0, 0x0, 0xc, 0xff, 0xff,
    0xf3, 0x0, 0x0, 0x0, 0xcf, 0xff, 0xff, 0x30,
    0x0, 0x0, 0xc, 0xff, 0xff, 0xf3, 0x0, 0x0,
    0x0, 0xcf, 0xff, 0xff, 0x30, 0x0, 0x0, 0xc,
    0xff, 0xff, 0xf3, 0x0, 0x0, 0x0, 0xcf, 0xff,
    0xff, 0x30, 0x0, 0x0, 0xc, 0xff, 0xff, 0xf3,
    0x0, 0x0, 0x0, 0xcf, 0xff, 0xff, 0x30, 0x0,
    0x0, 0xc, 0xff, 0xff, 0xf3, 0x0, 0x0, 0x0,
    0xcf, 0xff, 0xff, 0x30, 0x0, 0x0, 0xc, 0xff,
    0xff, 0xf3, 0x0, 0x0, 0x0, 0xcf, 0xff, 0xff,
    0x30, 0x0, 0x0, 0xc, 0xff, 0xff, 0xf3, 0x0,
    0x0, 0x0, 0xcf, 0xff, 0xff, 0x30, 0x0, 0x0,
    0xc, 0xff, 0xff, 0xf3, 0x0, 0x0, 0x0, 0xcf,
    0xff, 0xff, 0x30, 0x0, 0x0, 0xc, 0xff, 0xff,
    0xf3, 0x0, 0x0, 0x0, 0xcf, 0xff, 0xff, 0x30,
    0x0, 0x0, 0xc, 0xff, 0xff, 0xf3, 0x0, 0x0,
    0x0, 0xcf, 0xff, 0xff, 0x30, 0x0, 0x0, 0xc,
    0xff, 0xff, 0xf3, 0x0, 0x0, 0x0, 0xcf, 0xff,
    0xff, 0x30, 0x0, 0x0, 0xc, 0xff, 0xff, 0xf3,
    0x0, 0x0, 0x0, 0xcf, 0xff, 0xff, 0x30, 0x0,
    0x0, 0xc, 0xff, 0xff, 0xf3, 0x0, 0x0, 0x0,
    0xcf, 0xff, 0xff, 0x30, 0x0, 0x0, 0xc, 0xff,
    0xff, 0xf3, 0x0, 0x0, 0x0, 0xcf, 0xff, 0xff,
    0x30, 0x0, 0x0, 0xc, 0xff, 0xff, 0xf3, 0x0,
    0x0, 0x0, 0xcf, 0xff, 0xff, 0x30, 0x0, 0x0,
    0xc, 0xff, 0xff, 0xf3, 0x2d, 0xdd, 0xdd, 0xff,
    0xff, 0xff, 0x33, 0xff, 0xff, 0xff, 0xff, 0xff,
    0xf3, 0x3f, 0xff, 0xff, 0xff, 0xff, 0xff, 0x33,
    0xff, 0xff, 0xff, 0xff, 0xff, 0xf3, 0x3f, 0xff,
    0xff, 0xff, 0xff, 0xff, 0x30,

    /* U+005E "^" */
    0x0, 0x0, 0x0, 0x0, 0x7f, 0xff, 0xfd, 0x0,
    0x0, 0x0, 0x0, 0x0, 0x0, 0x0, 0x0, 0xd,
    0xff, 0xff, 0xf4, 0x0, 0x0, 0x0, 0x0, 0x0,
    0x0, 0x0, 0x5, 0xff, 0xff, 0xff, 0xb0, 0x0,
    0x0, 0x0, 0x0, 0x0, 0x0, 0x0, 0xbf, 0xff,
    0xff, 0xff, 0x20, 0x0, 0x0, 0x0, 0x0, 0x0,
    0x0, 0x2f, 0xff, 0xff, 0xff, 0xf9, 0x0, 0x0,
    0x0, 0x0, 0x0, 0x0, 0x9, 0xff, 0xfe, 0x8f,
    0xff, 0xf0, 0x0, 0x0, 0x0, 0x0, 0x0, 0x1,
    0xff, 0xff, 0x71, 0xff, 0xff, 0x60, 0x0, 0x0,
    0x0, 0x0, 0x0, 0x7f, 0xff, 0xf1, 0xa, 0xff,
    0xfd, 0x0, 0x0, 0x0, 0x0, 0x0, 0xe, 0xff,
    0xfa, 0x0, 0x4f, 0xff, 0xf4, 0x0, 0x0, 0x0,
    0x0, 0x5, 0xff, 0xff, 0x30, 0x0, 0xdf, 0xff,
    0xb0, 0x0, 0x0, 0x0, 0x0, 0xcf, 0xff, 0xd0,
    0x0, 0x7, 0xff, 0xff, 0x20, 0x0, 0x0, 0x0,
    0x2f, 0xff, 0xf6, 0x0, 0x0, 0x1f, 0xff, 0xf9,
    0x0, 0x0, 0x0, 0x9, 0xff, 0xff, 0x0, 0x0,
    0x0, 0x9f, 0xff, 0xf0, 0x0, 0x0, 0x1, 0xff,
    0xff, 0x90, 0x0, 0x0, 0x3, 0xff, 0xff, 0x60,
    0x0, 0x0, 0x7f, 0xff, 0xf2, 0x0, 0x0, 0x0,
    0xc, 0xff, 0xfd, 0x0, 0x0, 0xe, 0xff, 0xfb,
    0x0, 0x0, 0x0, 0x0, 0x5f, 0xff, 0xf4, 0x0,
    0x5, 0xff, 0xff, 0x50, 0x0, 0x0, 0x0, 0x0,
    0xef, 0xff, 0xb0, 0x0, 0xcf, 0xff, 0xe0, 0x0,
    0x0, 0x0, 0x0, 0x8, 0xff, 0xff, 0x20, 0x2f,
    0xff, 0xf7, 0x0, 0x0, 0x0, 0x0, 0x0, 0x2f,
    0xff, 0xf8, 0x9, 0xff, 0xff, 0x10, 0x0, 0x0,
    0x0, 0x0, 0x0, 0xbf, 0xff, 0xf0,

    /* U+005F "_" */
    0xaa, 0xaa, 0xaa, 0xaa, 0xaa, 0xaa, 0xaa, 0xaa,
    0xaa, 0xaa, 0xaa, 0xaa, 0xff, 0xff, 0xff, 0xff,
    0xff, 0xff, 0xff, 0xff, 0xff, 0xff, 0xff, 0xff,
    0xff, 0xff, 0xff, 0xff, 0xff, 0xff, 0xff, 0xff,
    0xff, 0xff, 0xff, 0xff, 0xff, 0xff, 0xff, 0xff,
    0xff, 0xff, 0xff, 0xff, 0xff, 0xff, 0xff, 0xff,

    /* U+0060 "`" */
    0x6, 0x88, 0x88, 0x87, 0x10, 0x0, 0x0, 0x0,
    0x1b, 0xff, 0xff, 0xfd, 0x10, 0x0, 0x0, 0x0,
    0x8, 0xff, 0xff, 0xfd, 0x10, 0x0, 0x0, 0x0,
    0x5, 0xff, 0xff, 0xfd, 0x10, 0x0, 0x0, 0x0,
    0x2, 0xdf, 0xff, 0xfd, 0x10, 0x0, 0x0, 0x0,
    0x0, 0xaf, 0xff, 0xfd, 0x10, 0x0, 0x0, 0x0,
    0x0, 0x6f, 0xff, 0xfd, 0x10,

    /* U+0061 "a" */
    0x0, 0x0, 0x1, 0x58, 0xbd, 0xef, 0xfe, 0xc9,
    0x50, 0x0, 0x0, 0x0, 0x0, 0x5, 0xbf, 0xff,
    0xff, 0xff, 0xff, 0xff, 0xfe, 0x80, 0x0, 0x0,
    0x3, 0xcf, 0xff, 0xff, 0xff, 0xff, 0xff, 0xff,
    0xff, 0xfd, 0x30, 0x0, 0xe, 0xff, 0xff, 0xff,
    0xff, 0xff, 0xff, 0xff, 0xff, 0xff, 0xe2, 0x0,
    0x6, 0xff, 0xff, 0xff, 0xff, 0xff, 0xff, 0xff,
    0xff, 0xff, 0xfd, 0x0, 0x0, 0xdf, 0xff, 0xd8,
    0x42, 0x0, 0x25, 0xaf, 0xff, 0xff, 0xff, 0x50,
    0x0, 0x5f, 0xb3, 0x0, 0x0, 0x0, 0x0, 0x4,
    0xff, 0xff, 0xff, 0xb0, 0x0, 0x5, 0x0, 0x0,
    0x0, 0x0, 0x0, 0x0, 0x6f, 0xff, 0xff, 0xf0,
    0x0, 0x0, 0x0, 0x0, 0x0, 0x0, 0x0, 0x0,
    0xe, 0xff, 0xff, 0xf3, 0x0, 0x0, 0x0, 0x0,
    0x0, 0x0, 0x0, 0x0, 0xb, 0xff, 0xff, 0xf4,
    0x0, 0x0, 0x0, 0x0, 0x0, 0x0, 0x0, 0x0,
    0x9, 0xff, 0xff, 0xf5, 0x0, 0x0, 0x5, 0x9c,
    0xef, 0xff, 0xff, 0xff, 0xff, 0xff, 0xff, 0xf6,
    0x0, 0x7, 0xff, 0xff, 0xff, 0xff, 0xff, 0xff,
    0xff, 0xff, 0xff, 0xf6, 0x1, 0xcf, 0xff, 0xff,
    0xff, 0xff, 0xff, 0xff, 0xff, 0xff, 0xff, 0xf6,
    0xb, 0xff, 0xff, 0xff, 0xff, 0xff, 0xff, 0xff,
    0xff, 0xff, 0xff, 0xf6, 0x4f, 0xff, 0xff, 0xfa,
    0x41, 0x0, 0x0, 0x0, 0x9, 0xff, 0xff, 0xf6,
    0x9f, 0xff, 0xff, 0x90, 0x0, 0x0, 0x0, 0x0,
    0x9, 0xff, 0xff, 0xf6, 0xdf, 0xff, 0xff, 0x20,
    0x0, 0x0, 0x0, 0x0, 0x9, 0xff, 0xff, 0xf6,
    0xdf, 0xff, 0xff, 0x0, 0x0, 0x0, 0x0, 0x0,
    0x1f, 0xff, 0xff, 0xf6, 0xcf, 0xff, 0xff, 0x50,
    0x0, 0x0, 0x0, 0x0, 0xbf, 0xff, 0xff, 0xf6,
    0x9f, 0xff, 0xff, 0xe3, 0x0, 0x0, 0x0, 0x3c,
    0xff, 0xff, 0xff, 0xf6, 0x3f, 0xff, 0xff, 0xff,
    0xc8, 0x67, 0x9d, 0xff, 0xff, 0xff, 0xff, 0xf6,
    0x9, 0xff, 0xff, 0xff, 0xff, 0xff, 0xff, 0xff,
    0xff, 0xff, 0xff, 0xf6, 0x0, 0xbf, 0xff, 0xff,
    0xff, 0xff, 0xff, 0xff, 0xd5, 0xff, 0xff, 0xf6,
    0x0, 0x7, 0xff, 0xff, 0xff, 0xff, 0xff, 0xf9,
    0x14, 0xff, 0xff, 0xf6, 0x0, 0x0, 0x6, 0xad,
    0xef, 0xfd, 0xb7, 0x20, 0x4, 0xff, 0xff, 0xf6,

    /* U+0062 "b" */
    0xb, 0xbb, 0xbb, 0xa0, 0x0, 0x0, 0x0, 0x0,
    0x0, 0x0, 0x0, 0x0, 0x0, 0x0, 0x1, 0xff,
    0xff, 0xff, 0x0, 0x0, 0x0, 0x0, 0x0, 0x0,
    0x0, 0x0, 0x0, 0x0, 0x0, 0x1f, 0xff, 0xff,
    0xf0, 0x0, 0x0, 0x0, 0x0, 0x0, 0x0, 0x0,
    0x0, 0x0, 0x0, 0x1, 0xff, 0xff, 0xff, 0x0,
    0x0, 0x0, 0x0, 0x0, 0x0, 0x0, 0x0, 0x0,
    0x0, 0x0, 0x1f, 0xff, 0xff, 0xf0, 0x0, 0x0,
    0x0, 0x0, 0x0, 0x0, 0x0, 0x0, 0x0, 0x0,
    0x1, 0xff, 0xff, 0xff, 0x0, 0x0, 0x0, 0x0,
    0x0, 0x0, 0x0, 0x0, 0x0, 0x0, 0x0, 0x1f,
    0xff, 0xff, 0xf0, 0x0, 0x0, 0x0, 0x0, 0x0,
    0x0, 0x0, 0x0, 0x0, 0x0, 0x1, 0xff, 0xff,
    0xff, 0x0, 0x0, 0x0, 0x0, 0x0, 0x0, 0x0,
    0x0, 0x0, 0x0, 0x0, 0x1f, 0xff, 0xff, 0xf0,
    0x0, 0x0, 0x0, 0x0, 0x0, 0x0, 0x0, 0x0,
    0x0, 0x0, 0x1, 0xff, 0xff, 0xff, 0x0, 0x0,
    0x0, 0x0, 0x0, 0x0, 0x0, 0x0, 0x0, 0x0,
    0x0, 0x1f, 0xff, 0xff, 0xf0, 0x0, 0x16, 0xbd,
    0xff, 0xec, 0xa5, 0x0, 0x0, 0x0, 0x0, 0x1,
    0xff, 0xff, 0xff, 0x1, 0x9f, 0xff, 0xff, 0xff,
    0xff, 0xff, 0x81, 0x0, 0x0, 0x0, 0x1f, 0xff,
    0xff, 0xf2, 0xef, 0xff, 0xff, 0xff, 0xff, 0xff,
    0xff, 0xe4, 0x0, 0x0, 0x1, 0xff, 0xff, 0xff,
    0xef, 0xff, 0xff, 0xff, 0xff, 0xff, 0xff, 0xff,
    0xf6, 0x0, 0x0, 0x1f, 0xff, 0xff, 0xff, 0xff,
    0xff, 0xff, 0xff, 0xff, 0xff, 0xff, 0xff, 0xf5,
    0x0, 0x1, 0xff, 0xff, 0xff, 0xff, 0xff, 0xb5,
    0x32, 0x36, 0xcf, 0xff, 0xff, 0xff, 0xe1, 0x0,
    0x1f, 0xff, 0xff, 0xff, 0xfd, 0x20, 0x0, 0x0,
    0x0, 0x3e, 0xff, 0xff, 0xff, 0xa0, 0x1, 0xff,
    0xff, 0xff, 0xfc, 0x0, 0x0, 0x0, 0x0, 0x0,
    0x1d, 0xff, 0xff, 0xff, 0x20, 0x1f, 0xff, 0xff,
    0xff, 0x20, 0x0, 0x0, 0x0, 0x0, 0x0, 0x3f,
    0xff, 0xff, 0xf7, 0x1, 0xff, 0xff, 0xff, 0x90,
    0x0, 0x0, 0x0, 0x0, 0x0, 0x0, 0xaf, 0xff,
    0xff, 0xc0, 0x1f, 0xff, 0xff, 0xf3, 0x0, 0x0,
    0x0, 0x0, 0x0, 0x0, 0x4, 0xff, 0xff, 0xff,
    0x1, 0xff, 0xff, 0xff, 0x0, 0x0, 0x0, 0x0,
    0x0, 0x0, 0x0, 0xf, 0xff, 0xff, 0xf1, 0x1f,
    0xff, 0xff, 0xe0, 0x0, 0x0, 0x0, 0x0, 0x0,
    0x0, 0x0, 0xff, 0xff, 0xff, 0x21, 0xff, 0xff,
    0xfe, 0x0, 0x0, 0x0, 0x0, 0x0, 0x0, 0x0,
    0xf, 0xff, 0xff, 0xf1, 0x1f, 0xff, 0xff, 0xf0,
    0x0, 0x0, 0x0, 0x0, 0x0, 0x0, 0x1, 0xff,
    0xff, 0xff, 0x11, 0xff, 0xff, 0xff, 0x30, 0x0,
    0x0, 0x0, 0x0, 0x0, 0x0, 0x4f, 0xff, 0xff,
    0xe0, 0x1f, 0xff, 0xff, 0xf9, 0x0, 0x0, 0x0,
    0x0, 0x0, 0x0, 0xa, 0xff, 0xff, 0xfc, 0x1,
    0xff, 0xff, 0xff, 0xf2, 0x0, 0x0, 0x0, 0x0,
    0x0, 0x3, 0xff, 0xff, 0xff, 0x70, 0x1f, 0xff,
    0xff, 0xff, 0xd0, 0x0, 0x0, 0x0, 0x0, 0x1,
    0xef, 0xff, 0xff, 0xf1, 0x1, 0xff, 0xff, 0xff,
    0xff, 0xd3, 0x0, 0x0, 0x0, 0x4, 0xef, 0xff,
    0xff, 0xf9, 0x0, 0x1f, 0xff, 0xff, 0xff, 0xff,
    0xfc, 0x64, 0x24, 0x6c, 0xff, 0xff, 0xff, 0xfe,
    0x10, 0x1, 0xff, 0xff, 0xff, 0xff, 0xff, 0xff,
    0xff, 0xff, 0xff, 0xff, 0xff, 0xff, 0x40, 0x0,
    0x1f, 0xff, 0xff, 0xdf, 0xff, 0xff, 0xff, 0xff,
    0xff, 0xff, 0xff, 0xff, 0x50, 0x0, 0x1, 0xff,
    0xff, 0xfa, 0x3e, 0xff, 0xff, 0xff, 0xff, 0xff,
    0xff, 0xfe, 0x40, 0x0, 0x0, 0x1f, 0xff, 0xff,
    0xa0, 0x1a, 0xff, 0xff, 0xff, 0xff, 0xff, 0xf8,
    0x0, 0x0, 0x0, 0x1, 0xff, 0xff, 0xfa, 0x0,
    0x2, 0x7b, 0xdf, 0xfe, 0xc9, 0x50, 0x0, 0x0,
    0x0, 0x0,

    /* U+0063 "c" */
    0x0, 0x0, 0x0, 0x0, 0x2, 0x7a, 0xde, 0xff,
    0xeb, 0x83, 0x0, 0x0, 0x0, 0x0, 0x0, 0x0,
    0x4, 0xcf, 0xff, 0xff, 0xff, 0xff, 0xff, 0xd5,
    0x0, 0x0, 0x0, 0x0, 0x1, 0xbf, 0xff, 0xff,
    0xff, 0xff, 0xff, 0xff, 0xff, 0xb0, 0x0, 0x0,
    0x0, 0x3e, 0xff, 0xff, 0xff, 0xff, 0xff, 0xff,
    0xff, 0xff, 0xfd, 0x10, 0x0, 0x2, 0xef, 0xff,
    0xff, 0xff, 0xff, 0xff, 0xff, 0xff, 0xff, 0xff,
    0xb0, 0x0, 0xd, 0xff, 0xff, 0xff, 0xfb, 0x63,
    0x23, 0x5b, 0xff, 0xff, 0xff, 0xf5, 0x0, 0x8f,
    0xff, 0xff, 0xfd, 0x30, 0x0, 0x0, 0x0, 0x3d,
    0xff, 0xff, 0x91, 0x1, 0xff, 0xff, 0xff, 0xd1,
    0x0, 0x0, 0x0, 0x0, 0x0, 0xdf, 0xc3, 0x0,
    0x6, 0xff, 0xff, 0xff, 0x20, 0x0, 0x0, 0x0,
    0x0, 0x0, 0x25, 0x0, 0x0, 0xb, 0xff, 0xff,
    0xf8, 0x0, 0x0, 0x0, 0x0, 0x0, 0x0, 0x0,
    0x0, 0x0, 0xf, 0xff, 0xff, 0xf3, 0x0, 0x0,
    0x0, 0x0, 0x0, 0x0, 0x0, 0x0, 0x0, 0x1f,
    0xff, 0xff, 0xf0, 0x0, 0x0, 0x0, 0x0, 0x0,
    0x0, 0x0, 0x0, 0x0, 0x2f, 0xff, 0xff, 0xe0,
    0x0, 0x0, 0x0, 0x0, 0x0, 0x0, 0x0, 0x0,
    0x0, 0x2f, 0xff, 0xff, 0xe0, 0x0, 0x0, 0x0,
    0x0, 0x0, 0x0, 0x0, 0x0, 0x0, 0x1f, 0xff,
    0xff, 0xf0, 0x0, 0x0, 0x0, 0x0, 0x0, 0x0,
    0x0, 0x0, 0x0, 0xe, 0xff, 0xff, 0xf3, 0x0,
    0x0, 0x0, 0x0, 0x0, 0x0, 0x0, 0x0, 0x0,
    0xb, 0xff, 0xff, 0xf9, 0x0, 0x0, 0x0, 0x0,
    0x0, 0x0, 0x0, 0x0, 0x0, 0x6, 0xff, 0xff,
    0xff, 0x20, 0x0, 0x0, 0x0, 0x0, 0x0, 0x25,
    0x0, 0x0, 0x1, 0xff, 0xff, 0xff, 0xd1, 0x0,
    0x0, 0x0, 0x0, 0x1, 0xdf, 0xc3, 0x0, 0x0,
    0x8f, 0xff, 0xff, 0xfd, 0x30, 0x0, 0x0, 0x0,
    0x3d, 0xff, 0xff, 0xa1, 0x0, 0xd, 0xff, 0xff,
    0xff, 0xfb, 0x63, 0x24, 0x6b, 0xff, 0xff, 0xff,
    0xf5, 0x0, 0x2, 0xef, 0xff, 0xff, 0xff, 0xff,
    0xff, 0xff, 0xff, 0xff, 0xff, 0xa0, 0x0, 0x0,
    0x2e, 0xff, 0xff, 0xff, 0xff, 0xff, 0xff, 0xff,
    0xff, 0xfc, 0x0, 0x0, 0x0, 0x1, 0xaf, 0xff,
    0xff, 0xff, 0xff, 0xff, 0xff, 0xff, 0xa0, 0x0,
    0x0, 0x0, 0x0, 0x4, 0xcf, 0xff, 0xff, 0xff,
    0xff, 0xff, 0xc4, 0x0, 0x0, 0x0, 0x0, 0x0,
    0x0, 0x2, 0x7a, 0xdf, 0xff, 0xeb, 0x83, 0x0,
    0x0, 0x0,

    /* U+0064 "d" */
    0x0, 0x0, 0x0, 0x0, 0x0, 0x0, 0x0, 0x0,
    0x0, 0x0, 0x0, 0xab, 0xbb, 0xbb, 0x0, 0x0,
    0x0, 0x0, 0x0, 0x0, 0x0, 0x0, 0x0, 0x0,
    0x0, 0xf, 0xff, 0xff, 0xf0, 0x0, 0x0, 0x0,
    0x0, 0x0, 0x0, 0x0, 0x0, 0x0, 0x0, 0x0,
    0xff, 0xff, 0xff, 0x0, 0x0, 0x0, 0x0, 0x0,
    0x0, 0x0, 0x0, 0x0, 0x0, 0x0, 0xf, 0xff,
    0xff, 0xf0, 0x0, 0x0, 0x0, 0x0, 0x0, 0x0,
    0x0, 0x0, 0x0, 0x0, 0x0, 0xff, 0xff, 0xff,
    0x0, 0x0, 0x0, 0x0, 0x0, 0x0, 0x0, 0x0,
    0x0, 0x0, 0x0, 0xf, 0xff, 0xff, 0xf0, 0x0,
    0x0, 0x0, 0x0, 0x0, 0x0, 0x0, 0x0, 0x0,
    0x0, 0x0, 0xff, 0xff, 0xff, 0x0, 0x0, 0x0,
    0x0, 0x0, 0x0, 0x0, 0x0, 0x0, 0x0, 0x0,
    0xf, 0xff, 0xff, 0xf0, 0x0, 0x0, 0x0, 0x0,
    0x0, 0x0, 0x0, 0x0, 0x0, 0x0, 0x0, 0xff,
    0xff, 0xff, 0x0, 0x0, 0x0, 0x0, 0x0, 0x0,
    0x0, 0x0, 0x0, 0x0, 0x0, 0xf, 0xff, 0xff,
    0xf0, 0x0, 0x0, 0x0, 0x0, 0x5, 0xad, 0xef,
    0xed, 0xb6, 0x10, 0x0, 0xff, 0xff, 0xff, 0x0,
    0x0, 0x0, 0x1, 0x8f, 0xff, 0xff, 0xff, 0xff,
    0xff, 0x81, 0xf, 0xff, 0xff, 0xf0, 0x0, 0x0,
    0x4, 0xef, 0xff, 0xff, 0xff, 0xff, 0xff, 0xff,
    0xd2, 0xff, 0xff, 0xff, 0x0, 0x0, 0x6, 0xff,
    0xff, 0xff, 0xff, 0xff, 0xff, 0xff, 0xff, 0xef,
    0xff, 0xff, 0xf0, 0x0, 0x5, 0xff, 0xff, 0xff,
    0xff, 0xff, 0xff, 0xff, 0xff, 0xff, 0xff, 0xff,
    0xff, 0x0, 0x1, 0xff, 0xff, 0xff, 0xff, 0xb5,
    0x32, 0x35, 0xbf, 0xff, 0xff, 0xff, 0xff, 0xf0,
    0x0, 0xaf, 0xff, 0xff, 0xfd, 0x30, 0x0, 0x0,
    0x0, 0x3d, 0xff, 0xff, 0xff, 0xff, 0x0, 0x2f,
    0xff, 0xff, 0xfd, 0x0, 0x0, 0x0, 0x0, 0x0,
    0xd, 0xff, 0xff, 0xff, 0xf0, 0x7, 0xff, 0xff,
    0xff, 0x20, 0x0, 0x0, 0x0, 0x0, 0x0, 0x2f,
    0xff, 0xff, 0xff, 0x0, 0xcf, 0xff, 0xff, 0x90,
    0x0, 0x0, 0x0, 0x0, 0x0, 0x0, 0x8f, 0xff,
    0xff, 0xf0, 0xf, 0xff, 0xff, 0xf3, 0x0, 0x0,
    0x0, 0x0, 0x0, 0x0, 0x3, 0xff, 0xff, 0xff,
    0x1, 0xff, 0xff, 0xff, 0x0, 0x0, 0x0, 0x0,
    0x0, 0x0, 0x0, 0xf, 0xff, 0xff, 0xf0, 0x2f,
    0xff, 0xff, 0xe0, 0x0, 0x0, 0x0, 0x0, 0x0,
    0x0, 0x0, 0xef, 0xff, 0xff, 0x2, 0xff, 0xff,
    0xfe, 0x0, 0x0, 0x0, 0x0, 0x0, 0x0, 0x0,
    0xe, 0xff, 0xff, 0xf0, 0x1f, 0xff, 0xff, 0xf0,
    0x0, 0x0, 0x0, 0x0, 0x0, 0x0, 0x0, 0xff,
    0xff, 0xff, 0x0, 0xff, 0xff, 0xff, 0x30, 0x0,
    0x0, 0x0, 0x0, 0x0, 0x0, 0x3f, 0xff, 0xff,
    0xf0, 0xc, 0xff, 0xff, 0xf9, 0x0, 0x0, 0x0,
    0x0, 0x0, 0x0, 0x9, 0xff, 0xff, 0xff, 0x0,
    0x7f, 0xff, 0xff, 0xf2, 0x0, 0x0, 0x0, 0x0,
    0x0, 0x2, 0xff, 0xff, 0xff, 0xf0, 0x2, 0xff,
    0xff, 0xff, 0xd1, 0x0, 0x0, 0x0, 0x0, 0x1,
    0xdf, 0xff, 0xff, 0xff, 0x0, 0xa, 0xff, 0xff,
    0xff, 0xe3, 0x0, 0x0, 0x0, 0x3, 0xef, 0xff,
    0xff, 0xff, 0xf0, 0x0, 0x1e, 0xff, 0xff, 0xff,
    0xfc, 0x64, 0x24, 0x6c, 0xff, 0xff, 0xff, 0xff,
    0xff, 0x0, 0x0, 0x4f, 0xff, 0xff, 0xff, 0xff,
    0xff, 0xff, 0xff, 0xff, 0xff, 0xff, 0xff, 0xf0,
    0x0, 0x0, 0x6f, 0xff, 0xff, 0xff, 0xff, 0xff,
    0xff, 0xff, 0xff, 0xdf, 0xff, 0xff, 0x0, 0x0,
    0x0, 0x4e, 0xff, 0xff, 0xff, 0xff, 0xff, 0xff,
    0xfe, 0x3b, 0xff, 0xff, 0xf0, 0x0, 0x0, 0x0,
    0x18, 0xff, 0xff, 0xff, 0xff, 0xff, 0xf9, 0x10,
    0xbf, 0xff, 0xff, 0x0, 0x0, 0x0, 0x0, 0x0,
    0x5a, 0xde, 0xff, 0xdb, 0x62, 0x0, 0xb, 0xff,
    0xff, 0xf0,

    /* U+0065 "e" */
    0x0, 0x0, 0x0, 0x0, 0x4, 0x9c, 0xef, 0xfe,
    0xc9, 0x40, 0x0, 0x0, 0x0, 0x0, 0x0, 0x0,
    0x0, 0x7, 0xef, 0xff, 0xff, 0xff, 0xff, 0xfe,
    0x70, 0x0, 0x0, 0x0, 0x0, 0x0, 0x3, 0xdf,
    0xff, 0xff, 0xff, 0xff, 0xff, 0xff, 0xfd, 0x20,
    0x0, 0x0, 0x0, 0x0, 0x4f, 0xff, 0xff, 0xff,
    0xff, 0xff, 0xff, 0xff, 0xff, 0xf4, 0x0, 0x0,
    0x0, 0x3, 0xff, 0xff, 0xff, 0xff, 0xfd, 0xdf,
    0xff, 0xff, 0xff, 0xff, 0x20, 0x0, 0x0, 0x1e,
    0xff, 0xff, 0xff, 0xa3, 0x0, 0x0, 0x29, 0xff,
    0xff, 0xff, 0xd0, 0x0, 0x0, 0x9f, 0xff, 0xff,
    0xf4, 0x0, 0x0, 0x0, 0x0, 0x3e, 0xff, 0xff,
    0xf7, 0x0, 0x1, 0xff, 0xff, 0xff, 0x40, 0x0,
    0x0, 0x0, 0x0, 0x2, 0xff, 0xff, 0xfe, 0x0,
    0x7, 0xff, 0xff, 0xf9, 0x0, 0x0, 0x0, 0x0,
    0x0, 0x0, 0x7f, 0xff, 0xff, 0x40, 0xc, 0xff,
    0xff, 0xf2, 0x0, 0x0, 0x0, 0x0, 0x0, 0x0,
    0x1f, 0xff, 0xff, 0x90, 0xf, 0xff, 0xff, 0xe0,
    0x0, 0x0, 0x0, 0x0, 0x0, 0x0, 0xc, 0xff,
    0xff, 0xc0, 0x1f, 0xff, 0xff, 0xff, 0xff, 0xff,
    0xff, 0xff, 0xff, 0xff, 0xff, 0xff, 0xff, 0xe0,
    0x2f, 0xff, 0xff, 0xff, 0xff, 0xff, 0xff, 0xff,
    0xff, 0xff, 0xff, 0xff, 0xff, 0xf0, 0x2f, 0xff,
    0xff, 0xff, 0xff, 0xff, 0xff, 0xff, 0xff, 0xff,
    0xff, 0xff, 0xff, 0xf0, 0x1f, 0xff, 0xff, 0xff,
    0xff, 0xff, 0xff, 0xff, 0xff, 0xff, 0xff, 0xff,
    0xff, 0xf0, 0xe, 0xff, 0xff, 0xf0, 0x0, 0x0,
    0x0, 0x0, 0x0, 0x0, 0x0, 0x0, 0x0, 0x0,
    0xb, 0xff, 0xff, 0xf5, 0x0, 0x0, 0x0, 0x0,
    0x0, 0x0, 0x0, 0x0, 0x0, 0x0, 0x6, 0xff,
    0xff, 0xfd, 0x0, 0x0, 0x0, 0x0, 0x0, 0x0,
    0x0, 0x0, 0x0, 0x0, 0x1, 0xff, 0xff, 0xff,
    0xa0, 0x0, 0x0, 0x0, 0x0, 0x0, 0x4, 0x50,
    0x0, 0x0, 0x0, 0x8f, 0xff, 0xff, 0xfc, 0x20,
    0x0, 0x0, 0x0, 0x1, 0x8f, 0xf4, 0x0, 0x0,
    0x0, 0xd, 0xff, 0xff, 0xff, 0xfb, 0x63, 0x22,
    0x35, 0xaf, 0xff, 0xff, 0x20, 0x0, 0x0, 0x2,
    0xef, 0xff, 0xff, 0xff, 0xff, 0xff, 0xff, 0xff,
    0xff, 0xff, 0xe1, 0x0, 0x0, 0x0, 0x2e, 0xff,
    0xff, 0xff, 0xff, 0xff, 0xff, 0xff, 0xff, 0xff,
    0xa0, 0x0, 0x0, 0x0, 0x1, 0xbf, 0xff, 0xff,
    0xff, 0xff, 0xff, 0xff, 0xff, 0xf7, 0x0, 0x0,
    0x0, 0x0, 0x0, 0x4, 0xcf, 0xff, 0xff, 0xff,
    0xff, 0xff, 0xfb, 0x20, 0x0, 0x0, 0x0, 0x0,
    0x0, 0x0, 0x2, 0x7a, 0xde, 0xff, 0xed, 0xa6,
    0x10, 0x0, 0x0, 0x0,

    /* U+0066 "f" */
    0x0, 0x0, 0x0, 0x0, 0x3, 0x8c, 0xef, 0xfe,
    0xb7, 0x10, 0x0, 0x0, 0x0, 0x1, 0xbf, 0xff,
    0xff, 0xff, 0xff, 0xf2, 0x0, 0x0, 0x0, 0x2e,
    0xff, 0xff, 0xff, 0xff, 0xff, 0xe0, 0x0, 0x0,
    0x0, 0xdf, 0xff, 0xff, 0xff, 0xff, 0xff, 0x80,
    0x0, 0x0, 0x6, 0xff, 0xff, 0xff, 0xff, 0xef,
    0xff, 0x20, 0x0, 0x0, 0xc, 0xff, 0xff, 0xfd,
    0x30, 0x0, 0x48, 0x0, 0x0, 0x0, 0x1f, 0xff,
    0xff, 0xf1, 0x0, 0x0, 0x0, 0x0, 0x0, 0x0,
    0x2f, 0xff, 0xff, 0xb0, 0x0, 0x0, 0x0, 0x0,
    0x0, 0x0, 0x3f, 0xff, 0xff, 0x90, 0x0, 0x0,
    0x0, 0x0, 0x0, 0x0, 0x4f, 0xff, 0xff, 0x90,
    0x0, 0x0, 0x0, 0x0, 0x7f, 0xff, 0xff, 0xff,
    0xff, 0xff, 0xff, 0xff, 0xf9, 0x0, 0x7f, 0xff,
    0xff, 0xff, 0xff, 0xff, 0xff, 0xff, 0xf9, 0x0,
    0x7f, 0xff, 0xff, 0xff, 0xff, 0xff, 0xff, 0xff,
    0xf9, 0x0, 0x7f, 0xff, 0xff, 0xff, 0xff, 0xff,
    0xff, 0xff, 0xf9, 0x0, 0x6d, 0xdd, 0xdf, 0xff,
    0xff, 0xfd, 0xdd, 0xdd, 0xd7, 0x0, 0x0, 0x0,
    0x4f, 0xff, 0xff, 0xc0, 0x0, 0x0, 0x0, 0x0,
    0x0, 0x0, 0x4f, 0xff, 0xff, 0xc0, 0x0, 0x0,
    0x0, 0x0, 0x0, 0x0, 0x4f, 0xff, 0xff, 0xc0,
    0x0, 0x0, 0x0, 0x0, 0x0, 0x0, 0x4f, 0xff,
    0xff, 0xc0, 0x0, 0x0, 0x0, 0x0, 0x0, 0x0,
    0x4f, 0xff, 0xff, 0xc0, 0x0, 0x0, 0x0, 0x0,
    0x0, 0x0, 0x4f, 0xff, 0xff, 0xc0, 0x0, 0x0,
    0x0, 0x0, 0x0, 0x0, 0x4f, 0xff, 0xff, 0xc0,
    0x0, 0x0, 0x0, 0x0, 0x0, 0x0, 0x4f, 0xff,
    0xff, 0xc0, 0x0, 0x0, 0x0, 0x0, 0x0, 0x0,
    0x4f, 0xff, 0xff, 0xc0, 0x0, 0x0, 0x0, 0x0,
    0x0, 0x0, 0x4f, 0xff, 0xff, 0xc0, 0x0, 0x0,
    0x0, 0x0, 0x0, 0x0, 0x4f, 0xff, 0xff, 0xc0,
    0x0, 0x0, 0x0, 0x0, 0x0, 0x0, 0x4f, 0xff,
    0xff, 0xc0, 0x0, 0x0, 0x0, 0x0, 0x0, 0x0,
    0x4f, 0xff, 0xff, 0xc0, 0x0, 0x0, 0x0, 0x0,
    0x0, 0x0, 0x4f, 0xff, 0xff, 0xc0, 0x0, 0x0,
    0x0, 0x0, 0x0, 0x0, 0x4f, 0xff, 0xff, 0xc0,
    0x0, 0x0, 0x0, 0x0, 0x0, 0x0, 0x4f, 0xff,
    0xff, 0xc0, 0x0, 0x0, 0x0, 0x0, 0x0, 0x0,
    0x4f, 0xff, 0xff, 0xc0, 0x0, 0x0, 0x0, 0x0,
    0x0, 0x0, 0x4f, 0xff, 0xff, 0xc0, 0x0, 0x0,
    0x0, 0x0, 0x0, 0x0, 0x4f, 0xff, 0xff, 0xc0,
    0x0, 0x0, 0x0, 0x0, 0x0, 0x0, 0x4f, 0xff,
    0xff, 0xc0, 0x0, 0x0, 0x0, 0x0, 0x0, 0x0,
    0x4f, 0xff, 0xff, 0xc0, 0x0, 0x0, 0x0, 0x0,

    /* U+0067 "g" */
    0x0, 0x0, 0x0, 0x0, 0x16, 0xad, 0xef, 0xfd,
    0xb7, 0x30, 0x0, 0x5f, 0xff, 0xff, 0x60, 0x0,
    0x0, 0x2, 0xaf, 0xff, 0xff, 0xff, 0xff, 0xff,
    0xb3, 0x5, 0xff, 0xff, 0xf6, 0x0, 0x0, 0x7,
    0xff, 0xff, 0xff, 0xff, 0xff, 0xff, 0xff, 0xf7,
    0x5f, 0xff, 0xff, 0x60, 0x0, 0xa, 0xff, 0xff,
    0xff, 0xff, 0xff, 0xff, 0xff, 0xff, 0xfc, 0xff,
    0xff, 0xf6, 0x0, 0x9, 0xff, 0xff, 0xff, 0xff,
    0xff, 0xff, 0xff, 0xff, 0xff, 0xff, 0xff, 0xff,
    0x60, 0x5, 0xff, 0xff, 0xff, 0xff, 0xa5, 0x32,
    0x24, 0x8e, 0xff, 0xff, 0xff, 0xff, 0xf6, 0x0,
    0xdf, 0xff, 0xff, 0xfa, 0x10, 0x0, 0x0, 0x0,
    0x7, 0xff, 0xff, 0xff, 0xff, 0x60, 0x5f, 0xff,
    0xff, 0xf9, 0x0, 0x0, 0x0, 0x0, 0x0, 0x4,
    0xff, 0xff, 0xff, 0xf6, 0xb, 0xff, 0xff, 0xfc,
    0x0, 0x0, 0x0, 0x0, 0x0, 0x0, 0x7, 0xff,
    0xff, 0xff, 0x60, 0xef, 0xff, 0xff, 0x50, 0x0,
    0x0, 0x0, 0x0, 0x0, 0x0, 0xf, 0xff, 0xff,
    0xf6, 0x1f, 0xff, 0xff, 0xf0, 0x0, 0x0, 0x0,
    0x0, 0x0, 0x0, 0x0, 0xbf, 0xff, 0xff, 0x62,
    0xff, 0xff, 0xfe, 0x0, 0x0, 0x0, 0x0, 0x0,
    0x0, 0x0, 0x9, 0xff, 0xff, 0xf6, 0x2f, 0xff,
    0xff, 0xe0, 0x0, 0x0, 0x0, 0x0, 0x0, 0x0,
    0x0, 0x9f, 0xff, 0xff, 0x61, 0xff, 0xff, 0xff,
    0x0, 0x0, 0x0, 0x0, 0x0, 0x0, 0x0, 0xb,
    0xff, 0xff, 0xf6, 0xe, 0xff, 0xff, 0xf5, 0x0,
    0x0, 0x0, 0x0, 0x0, 0x0, 0x0, 0xff, 0xff,
    0xff, 0x60, 0xbf, 0xff, 0xff, 0xc0, 0x0, 0x0,
    0x0, 0x0, 0x0, 0x0, 0x7f, 0xff, 0xff, 0xf6,
    0x5, 0xff, 0xff, 0xff, 0x80, 0x0, 0x0, 0x0,
    0x0, 0x0, 0x3f, 0xff, 0xff, 0xff, 0x60, 0xe,
    0xff, 0xff, 0xff, 0x90, 0x0, 0x0, 0x0, 0x0,
    0x5f, 0xff, 0xff, 0xff, 0xf6, 0x0, 0x5f, 0xff,
    0xff, 0xff, 0xe8, 0x41, 0x0, 0x26, 0xcf, 0xff,
    0xff, 0xff, 0xff, 0x60, 0x0, 0xaf, 0xff, 0xff,
    0xff, 0xff, 0xff, 0xff, 0xff, 0xff, 0xff, 0xff,
    0xff, 0xf6, 0x0, 0x0, 0xbf, 0xff, 0xff, 0xff,
    0xff, 0xff, 0xff, 0xff, 0xff, 0xff, 0xff, 0xff,
    0x60, 0x0, 0x0, 0x8f, 0xff, 0xff, 0xff, 0xff,
    0xff, 0xff, 0xff, 0x7a, 0xff, 0xff, 0xf5, 0x0,
    0x0, 0x0, 0x3b, 0xff, 0xff, 0xff, 0xff, 0xff,
    0xfc, 0x40, 0xaf, 0xff, 0xff, 0x40, 0x0, 0x0,
    0x0, 0x2, 0x7c, 0xef, 0xff, 0xfd, 0x94, 0x0,
    0xb, 0xff, 0xff, 0xf3, 0x0, 0x0, 0x0, 0x0,
    0x0, 0x0, 0x1, 0x0, 0x0, 0x0, 0x0, 0xef,
    0xff, 0xff, 0x20, 0x0, 0x0, 0x0, 0x0, 0x0,
    0x0, 0x0, 0x0, 0x0, 0x0, 0x2f, 0xff, 0xff,
    0xf0, 0x0, 0x0, 0x0, 0x0, 0x0, 0x0, 0x0,
    0x0, 0x0, 0x0, 0x9, 0xff, 0xff, 0xfb, 0x0,
    0x0, 0xa, 0xb1, 0x0, 0x0, 0x0, 0x0, 0x0,
    0x0, 0x4, 0xff, 0xff, 0xff, 0x70, 0x0, 0x3,
    0xff, 0xf9, 0x20, 0x0, 0x0, 0x0, 0x0, 0x6,
    0xff, 0xff, 0xff, 0xf1, 0x0, 0x0, 0xdf, 0xff,
    0xff, 0xd9, 0x53, 0x21, 0x24, 0x8d, 0xff, 0xff,
    0xff, 0xf8, 0x0, 0x0, 0x6f, 0xff, 0xff, 0xff,
    0xff, 0xff, 0xff, 0xff, 0xff, 0xff, 0xff, 0xfc,
    0x0, 0x0, 0x9, 0xff, 0xff, 0xff, 0xff, 0xff,
    0xff, 0xff, 0xff, 0xff, 0xff, 0xfe, 0x10, 0x0,
    0x0, 0x5, 0xdf, 0xff, 0xff, 0xff, 0xff, 0xff,
    0xff, 0xff, 0xff, 0xfa, 0x10, 0x0, 0x0, 0x0,
    0x0, 0x5b, 0xff, 0xff, 0xff, 0xff, 0xff, 0xff,
    0xff, 0xb4, 0x0, 0x0, 0x0, 0x0, 0x0, 0x0,
    0x0, 0x47, 0xac, 0xde, 0xff, 0xec, 0x96, 0x20,
    0x0, 0x0, 0x0, 0x0,

    /* U+0068 "h" */
    0xb, 0xbb, 0xbb, 0xa0, 0x0, 0x0, 0x0, 0x0,
    0x0, 0x0, 0x0, 0x0, 0x0, 0x1, 0xff, 0xff,
    0xff, 0x0, 0x0, 0x0, 0x0, 0x0, 0x0, 0x0,
    0x0, 0x0, 0x0, 0x1f, 0xff, 0xff, 0xf0, 0x0,
    0x0, 0x0, 0x0, 0x0, 0x0, 0x0, 0x0, 0x0,
    0x1, 0xff, 0xff, 0xff, 0x0, 0x0, 0x0, 0x0,
    0x0, 0x0, 0x0, 0x0, 0x0, 0x0, 0x1f, 0xff,
    0xff, 0xf0, 0x0, 0x0, 0x0, 0x0, 0x0, 0x0,
    0x0, 0x0, 0x0, 0x1, 0xff, 0xff, 0xff, 0x0,
    0x0, 0x0, 0x0, 0x0, 0x0, 0x0, 0x0, 0x0,
    0x0, 0x1f, 0xff, 0xff, 0xf0, 0x0, 0x0, 0x0,
    0x0, 0x0, 0x0, 0x0, 0x0, 0x0, 0x1, 0xff,
    0xff, 0xff, 0x0, 0x0, 0x0, 0x0, 0x0, 0x0,
    0x0, 0x0, 0x0, 0x0, 0x1f, 0xff, 0xff, 0xf0,
    0x0, 0x0, 0x0, 0x0, 0x0, 0x0, 0x0, 0x0,
    0x0, 0x1, 0xff, 0xff, 0xff, 0x0, 0x0, 0x0,
    0x0, 0x0, 0x0, 0x0, 0x0, 0x0, 0x0, 0x1f,
    0xff, 0xff, 0xf0, 0x0, 0x16, 0xad, 0xef, 0xfd,
    0xa6, 0x0, 0x0, 0x0, 0x1, 0xff, 0xff, 0xff,
    0x1, 0x9f, 0xff, 0xff, 0xff, 0xff, 0xff, 0x70,
    0x0, 0x0, 0x1f, 0xff, 0xff, 0xf3, 0xef, 0xff,
    0xff, 0xff, 0xff, 0xff, 0xff, 0xc1, 0x0, 0x1,
    0xff, 0xff, 0xff, 0xff, 0xff, 0xff, 0xff, 0xff,
    0xff, 0xff, 0xff, 0xc0, 0x0, 0x1f, 0xff, 0xff,
    0xff, 0xff, 0xff, 0xff, 0xff, 0xff, 0xff, 0xff,
    0xff, 0x80, 0x1, 0xff, 0xff, 0xff, 0xff, 0xff,
    0xa6, 0x44, 0x6a, 0xff, 0xff, 0xff, 0xff, 0x10,
    0x1f, 0xff, 0xff, 0xff, 0xfb, 0x10, 0x0, 0x0,
    0x2, 0xdf, 0xff, 0xff, 0xf7, 0x1, 0xff, 0xff,
    0xff, 0xfa, 0x0, 0x0, 0x0, 0x0, 0x1, 0xef,
    0xff, 0xff, 0xc0, 0x1f, 0xff, 0xff, 0xfe, 0x0,
    0x0, 0x0, 0x0, 0x0, 0x7, 0xff, 0xff, 0xff,
    0x1, 0xff, 0xff, 0xff, 0x80, 0x0, 0x0, 0x0,
    0x0, 0x0, 0x1f, 0xff, 0xff, 0xf1, 0x1f, 0xff,
    0xff, 0xf3, 0x0, 0x0, 0x0, 0x0, 0x0, 0x0,
    0xef, 0xff, 0xff, 0x21, 0xff, 0xff, 0xff, 0x0,
    0x0, 0x0, 0x0, 0x0, 0x0, 0xd, 0xff, 0xff,
    0xf2, 0x1f, 0xff, 0xff, 0xf0, 0x0, 0x0, 0x0,
    0x0, 0x0, 0x0, 0xdf, 0xff, 0xff, 0x31, 0xff,
    0xff, 0xff, 0x0, 0x0, 0x0, 0x0, 0x0, 0x0,
    0xd, 0xff, 0xff, 0xf3, 0x1f, 0xff, 0xff, 0xf0,
    0x0, 0x0, 0x0, 0x0, 0x0, 0x0, 0xdf, 0xff,
    0xff, 0x31, 0xff, 0xff, 0xff, 0x0, 0x0, 0x0,
    0x0, 0x0, 0x0, 0xd, 0xff, 0xff, 0xf3, 0x1f,
    0xff, 0xff, 0xf0, 0x0, 0x0, 0x0, 0x0, 0x0,
    0x0, 0xdf, 0xff, 0xff, 0x31, 0xff, 0xff, 0xff,
    0x0, 0x0, 0x0, 0x0, 0x0, 0x0, 0xd, 0xff,
    0xff, 0xf3, 0x1f, 0xff, 0xff, 0xf0, 0x0, 0x0,
    0x0, 0x0, 0x0, 0x0, 0xdf, 0xff, 0xff, 0x31,
    0xff, 0xff, 0xff, 0x0, 0x0, 0x0, 0x0, 0x0,
    0x0, 0xd, 0xff, 0xff, 0xf3, 0x1f, 0xff, 0xff,
    0xf0, 0x0, 0x0, 0x0, 0x0, 0x0, 0x0, 0xdf,
    0xff, 0xff, 0x31, 0xff, 0xff, 0xff, 0x0, 0x0,
    0x0, 0x0, 0x0, 0x0, 0xd, 0xff, 0xff, 0xf3,
    0x1f, 0xff, 0xff, 0xf0, 0x0, 0x0, 0x0, 0x0,
    0x0, 0x0, 0xdf, 0xff, 0xff, 0x31, 0xff, 0xff,
    0xff, 0x0, 0x0, 0x0, 0x0, 0x0, 0x0, 0xd,
    0xff, 0xff, 0xf3, 0x1f, 0xff, 0xff, 0xf0, 0x0,
    0x0, 0x0, 0x0, 0x0, 0x0, 0xdf, 0xff, 0xff,
    0x31, 0xff, 0xff, 0xff, 0x0, 0x0, 0x0, 0x0,
    0x0, 0x0, 0xd, 0xff, 0xff, 0xf3,

    /* U+0069 "i" */
    0x0, 0x2, 0x20, 0x0, 0x6, 0xef, 0xfe, 0x50,
    0x4f, 0xff, 0xff, 0xf4, 0xbf, 0xff, 0xff, 0xfb,
    0xdf, 0xff, 0xff, 0xfc, 0xaf, 0xff, 0xff, 0xf9,
    0x3f, 0xff, 0xff, 0xe1, 0x3, 0xbf, 0xfb, 0x20,
    0x0, 0x0, 0x0, 0x0, 0x0, 0x0, 0x0, 0x0,
    0x0, 0x0, 0x0, 0x0, 0x0, 0x0, 0x0, 0x0,
    0x1f, 0xff, 0xff, 0xf0, 0x1f, 0xff, 0xff, 0xf0,
    0x1f, 0xff, 0xff, 0xf0, 0x1f, 0xff, 0xff, 0xf0,
    0x1f, 0xff, 0xff, 0xf0, 0x1f, 0xff, 0xff, 0xf0,
    0x1f, 0xff, 0xff, 0xf0, 0x1f, 0xff, 0xff, 0xf0,
    0x1f, 0xff, 0xff, 0xf0, 0x1f, 0xff, 0xff, 0xf0,
    0x1f, 0xff, 0xff, 0xf0, 0x1f, 0xff, 0xff, 0xf0,
    0x1f, 0xff, 0xff, 0xf0, 0x1f, 0xff, 0xff, 0xf0,
    0x1f, 0xff, 0xff, 0xf0, 0x1f, 0xff, 0xff, 0xf0,
    0x1f, 0xff, 0xff, 0xf0, 0x1f, 0xff, 0xff, 0xf0,
    0x1f, 0xff, 0xff, 0xf0, 0x1f, 0xff, 0xff, 0xf0,
    0x1f, 0xff, 0xff, 0xf0, 0x1f, 0xff, 0xff, 0xf0,
    0x1f, 0xff, 0xff, 0xf0, 0x1f, 0xff, 0xff, 0xf0,
    0x1f, 0xff, 0xff, 0xf0, 0x1f, 0xff, 0xff, 0xf0,

    /* U+006A "j" */
    0x0, 0x0, 0x0, 0x0, 0x1, 0xae, 0xfc, 0x40,
    0x0, 0x0, 0x0, 0x0, 0x0, 0xdf, 0xff, 0xff,
    0x50, 0x0, 0x0, 0x0, 0x0, 0x7f, 0xff, 0xff,
    0xfe, 0x0, 0x0, 0x0, 0x0, 0x9, 0xff, 0xff,
    0xff, 0xf0, 0x0, 0x0, 0x0, 0x0, 0x8f, 0xff,
    0xff, 0xfe, 0x0, 0x0, 0x0, 0x0, 0x2, 0xff,
    0xff, 0xff, 0x70, 0x0, 0x0, 0x0, 0x0, 0x3,
    0xdf, 0xff, 0x70, 0x0, 0x0, 0x0, 0x0, 0x0,
    0x0, 0x23, 0x0, 0x0, 0x0, 0x0, 0x0, 0x0,
    0x0, 0x0, 0x0, 0x0, 0x0, 0x0, 0x0, 0x0,
    0x0, 0x0, 0x0, 0x0, 0x0, 0x0, 0x0, 0x0,
    0x0, 0x0, 0x0, 0x0, 0x0, 0x0, 0x0, 0x0,
    0x0, 0x0, 0x0, 0x0, 0x0, 0x0, 0x0, 0x0,
    0x0, 0x0, 0xc, 0xff, 0xff, 0xf3, 0x0, 0x0,
    0x0, 0x0, 0x0, 0xcf, 0xff, 0xff, 0x30, 0x0,
    0x0, 0x0, 0x0, 0xc, 0xff, 0xff, 0xf3, 0x0,
    0x0, 0x0, 0x0, 0x0, 0xcf, 0xff, 0xff, 0x30,
    0x0, 0x0, 0x0, 0x0, 0xc, 0xff, 0xff, 0xf3,
    0x0, 0x0, 0x0, 0x0, 0x0, 0xcf, 0xff, 0xff,
    0x30, 0x0, 0x0, 0x0, 0x0, 0xc, 0xff, 0xff,
    0xf3, 0x0, 0x0, 0x0, 0x0, 0x0, 0xcf, 0xff,
    0xff, 0x30, 0x0, 0x0, 0x0, 0x0, 0xc, 0xff,
    0xff, 0xf3, 0x0, 0x0, 0x0, 0x0, 0x0, 0xcf,
    0xff, 0xff, 0x30, 0x0, 0x0, 0x0, 0x0, 0xc,
    0xff, 0xff, 0xf3, 0x0, 0x0, 0x0, 0x0, 0x0,
    0xcf, 0xff, 0xff, 0x30, 0x0, 0x0, 0x0, 0x0,
    0xc, 0xff, 0xff, 0xf3, 0x0, 0x0, 0x0, 0x0,
    0x0, 0xcf, 0xff, 0xff, 0x30, 0x0, 0x0, 0x0,
    0x0, 0xc, 0xff, 0xff, 0xf3, 0x0, 0x0, 0x0,
    0x0, 0x0, 0xcf, 0xff, 0xff, 0x30, 0x0, 0x0,
    0x0, 0x0, 0xc, 0xff, 0xff, 0xf3, 0x0, 0x0,
    0x0, 0x0, 0x0, 0xcf, 0xff, 0xff, 0x30, 0x0,
    0x0, 0x0, 0x0, 0xc, 0xff, 0xff, 0xf3, 0x0,
    0x0, 0x0, 0x0, 0x0, 0xcf, 0xff, 0xff, 0x30,
    0x0, 0x0, 0x0, 0x0, 0xc, 0xff, 0xff, 0xf3,
    0x0, 0x0, 0x0, 0x0, 0x0, 0xcf, 0xff, 0xff,
    0x30, 0x0, 0x0, 0x0, 0x0, 0xc, 0xff, 0xff,
    0xf3, 0x0, 0x0, 0x0, 0x0, 0x0, 0xcf, 0xff,
    0xff, 0x30, 0x0, 0x0, 0x0, 0x0, 0xc, 0xff,
    0xff, 0xf3, 0x0, 0x0, 0x0, 0x0, 0x0, 0xcf,
    0xff, 0xff, 0x30, 0x0, 0x0, 0x0, 0x0, 0xd,
    0xff, 0xff, 0xf2, 0x0, 0x0, 0x0, 0x0, 0x0,
    0xff, 0xff, 0xff, 0x10, 0x0, 0x0, 0x0, 0x0,
    0x6f, 0xff, 0xff, 0xe0, 0x0, 0xb, 0x51, 0x0,
    0x5f, 0xff, 0xff, 0xfa, 0x0, 0x4, 0xff, 0xff,
    0xff, 0xff, 0xff, 0xff, 0x30, 0x0, 0xbf, 0xff,
    0xff, 0xff, 0xff, 0xff, 0xa0, 0x0, 0x1f, 0xff,
    0xff, 0xff, 0xff, 0xff, 0xd0, 0x0, 0x4, 0xff,
    0xff, 0xff, 0xff, 0xff, 0xa0, 0x0, 0x0, 0x1,
    0x7b, 0xef, 0xfe, 0xc8, 0x20, 0x0, 0x0, 0x0,

    /* U+006B "k" */
    0xb, 0xbb, 0xbb, 0xa0, 0x0, 0x0, 0x0, 0x0,
    0x0, 0x0, 0x0, 0x0, 0x0, 0x0, 0x1f, 0xff,
    0xff, 0xf0, 0x0, 0x0, 0x0, 0x0, 0x0, 0x0,
    0x0, 0x0, 0x0, 0x0, 0x1f, 0xff, 0xff, 0xf0,
    0x0, 0x0, 0x0, 0x0, 0x0, 0x0, 0x0, 0x0,
    0x0, 0x0, 0x1f, 0xff, 0xff, 0xf0, 0x0, 0x0,
    0x0, 0x0, 0x0, 0x0, 0x0, 0x0, 0x0, 0x0,
    0x1f, 0xff, 0xff, 0xf0, 0x0, 0x0, 0x0, 0x0,
    0x0, 0x0, 0x0, 0x0, 0x0, 0x0, 0x1f, 0xff,
    0xff, 0xf0, 0x0, 0x0, 0x0, 0x0, 0x0, 0x0,
    0x0, 0x0, 0x0, 0x0, 0x1f, 0xff, 0xff, 0xf0,
    0x0, 0x0, 0x0, 0x0, 0x0, 0x0, 0x0, 0x0,
    0x0, 0x0, 0x1f, 0xff, 0xff, 0xf0, 0x0, 0x0,
    0x0, 0x0, 0x0, 0x0, 0x0, 0x0, 0x0, 0x0,
    0x1f, 0xff, 0xff, 0xf0, 0x0, 0x0, 0x0, 0x0,
    0x0, 0x0, 0x0, 0x0, 0x0, 0x0, 0x1f, 0xff,
    0xff, 0xf0, 0x0, 0x0, 0x0, 0x0, 0x0, 0x0,
    0x0, 0x0, 0x0, 0x0, 0x1f, 0xff, 0xff, 0xf0,
    0x0, 0x0, 0x0, 0x0, 0x0, 0x3e, 0xff, 0xff,
    0xfe, 0x20, 0x1f, 0xff, 0xff, 0xf0, 0x0, 0x0,
    0x0, 0x0, 0x4, 0xff, 0xff, 0xff, 0xe2, 0x0,
    0x1f, 0xff, 0xff, 0xf0, 0x0, 0x0, 0x0, 0x0,
    0x5f, 0xff, 0xff, 0xfe, 0x20, 0x0, 0x1f, 0xff,
    0xff, 0xf0, 0x0, 0x0, 0x0, 0x5, 0xff, 0xff,
    0xff, 0xe3, 0x0, 0x0, 0x1f, 0xff, 0xff, 0xf0,
    0x0, 0x0, 0x0, 0x6f, 0xff, 0xff, 0xff, 0x30,
    0x0, 0x0, 0x1f, 0xff, 0xff, 0xf0, 0x0, 0x0,
    0x7, 0xff, 0xff, 0xff, 0xf3, 0x0, 0x0, 0x0,
    0x1f, 0xff, 0xff, 0xf0, 0x0, 0x0, 0x8f, 0xff,
    0xff, 0xff, 0x30, 0x0, 0x0, 0x0, 0x1f, 0xff,
    0xff, 0xf0, 0x0, 0x9, 0xff, 0xff, 0xff, 0xf3,
    0x0, 0x0, 0x0, 0x0, 0x1f, 0xff, 0xff, 0xf0,
    0x0, 0xaf, 0xff, 0xff, 0xff, 0x40, 0x0, 0x0,
    0x0, 0x0, 0x1f, 0xff, 0xff, 0xf0, 0xb, 0xff,
    0xff, 0xff, 0xf4, 0x0, 0x0, 0x0, 0x0, 0x0,
    0x1f, 0xff, 0xff, 0xf0, 0xbf, 0xff, 0xff, 0xff,
    0x40, 0x0, 0x0, 0x0, 0x0, 0x0, 0x1f, 0xff,
    0xff, 0xfc, 0xff, 0xff, 0xff, 0xff, 0x50, 0x0,
    0x0, 0x0, 0x0, 0x0, 0x1f, 0xff, 0xff, 0xff,
    0xff, 0xff, 0xff, 0xff, 0xf2, 0x0, 0x0, 0x0,
    0x0, 0x0, 0x1f, 0xff, 0xff, 0xff, 0xff, 0xff,
    0xff, 0xff, 0xfd, 0x0, 0x0, 0x0, 0x0, 0x0,
    0x1f, 0xff, 0xff, 0xff, 0xff, 0xff, 0xff, 0xff,
    0xff, 0xa0, 0x0, 0x0, 0x0, 0x0, 0x1f, 0xff,
    0xff, 0xff, 0xff, 0xb2, 0xef, 0xff, 0xff, 0xf6,
    0x0, 0x0, 0x0, 0x0, 0x1f, 0xff, 0xff, 0xff,
    0xfa, 0x0, 0x4f, 0xff, 0xff, 0xff, 0x30, 0x0,
    0x0, 0x0, 0x1f, 0xff, 0xff, 0xff, 0xa0, 0x0,
    0x7, 0xff, 0xff, 0xff, 0xe1, 0x0, 0x0, 0x0,
    0x1f, 0xff, 0xff, 0xf9, 0x0, 0x0, 0x0, 0xaf,
    0xff, 0xff, 0xfb, 0x0, 0x0, 0x0, 0x1f, 0xff,
    0xff, 0xf0, 0x0, 0x0, 0x0, 0xd, 0xff, 0xff,
    0xff, 0x80, 0x0, 0x0, 0x1f, 0xff, 0xff, 0xf0,
    0x0, 0x0, 0x0, 0x2, 0xff, 0xff, 0xff, 0xf4,
    0x0, 0x0, 0x1f, 0xff, 0xff, 0xf0, 0x0, 0x0,
    0x0, 0x0, 0x4f, 0xff, 0xff, 0xff, 0x20, 0x0,
    0x1f, 0xff, 0xff, 0xf0, 0x0, 0x0, 0x0, 0x0,
    0x8, 0xff, 0xff, 0xff, 0xd0, 0x0, 0x1f, 0xff,
    0xff, 0xf0, 0x0, 0x0, 0x0, 0x0, 0x0, 0xbf,
    0xff, 0xff, 0xfa, 0x0, 0x1f, 0xff, 0xff, 0xf0,
    0x0, 0x0, 0x0, 0x0, 0x0, 0xd, 0xff, 0xff,
    0xff, 0x60, 0x1f, 0xff, 0xff, 0xf0, 0x0, 0x0,
    0x0, 0x0, 0x0, 0x2, 0xff, 0xff, 0xff, 0xf3,

    /* U+006C "l" */
    0xb, 0xbb, 0xbb, 0xa1, 0xff, 0xff, 0xff, 0x1f,
    0xff, 0xff, 0xf1, 0xff, 0xff, 0xff, 0x1f, 0xff,
    0xff, 0xf1, 0xff, 0xff, 0xff, 0x1f, 0xff, 0xff,
    0xf1, 0xff, 0xff, 0xff, 0x1f, 0xff, 0xff, 0xf1,
    0xff, 0xff, 0xff, 0x1f, 0xff, 0xff, 0xf1, 0xff,
    0xff, 0xff, 0x1f, 0xff, 0xff, 0xf1, 0xff, 0xff,
    0xff, 0x1f, 0xff, 0xff, 0xf1, 0xff, 0xff, 0xff,
    0x1f, 0xff, 0xff, 0xf1, 0xff, 0xff, 0xff, 0x1f,
    0xff, 0xff, 0xf1, 0xff, 0xff, 0xff, 0x1f, 0xff,
    0xff, 0xf1, 0xff, 0xff, 0xff, 0x1f, 0xff, 0xff,
    0xf1, 0xff, 0xff, 0xff, 0x1f, 0xff, 0xff, 0xf1,
    0xff, 0xff, 0xff, 0x1f, 0xff, 0xff, 0xf1, 0xff,
    0xff, 0xff, 0x1f, 0xff, 0xff, 0xf1, 0xff, 0xff,
    0xff, 0x1f, 0xff, 0xff, 0xf1, 0xff, 0xff, 0xff,
    0x1f, 0xff, 0xff, 0xf1, 0xff, 0xff, 0xff, 0x1f,
    0xff, 0xff, 0xf1, 0xff, 0xff, 0xff,

    /* U+006D "m" */
    0x1f, 0xff, 0xff, 0xa0, 0x0, 0x37, 0xcd, 0xff,
    0xec, 0x82, 0x0, 0x0, 0x0, 0x0, 0x27, 0xbe,
    0xff, 0xec, 0x94, 0x0, 0x0, 0x0, 0x1f, 0xff,
    0xff, 0xa0, 0x2b, 0xff, 0xff, 0xff, 0xff, 0xff,
    0xb2, 0x0, 0x0, 0x2b, 0xff, 0xff, 0xff, 0xff,
    0xff, 0xd4, 0x0, 0x0, 0x1f, 0xff, 0xff, 0xa5,
    0xff, 0xff, 0xff, 0xff, 0xff, 0xff, 0xff, 0x40,
    0x7, 0xff, 0xff, 0xff, 0xff, 0xff, 0xff, 0xff,
    0x80, 0x0, 0x1f, 0xff, 0xff, 0xef, 0xff, 0xff,
    0xff, 0xff, 0xff, 0xff, 0xff, 0xf2, 0x8f, 0xff,
    0xff, 0xff, 0xff, 0xff, 0xff, 0xff, 0xf7, 0x0,
    0x1f, 0xff, 0xff, 0xff, 0xff, 0xff, 0xff, 0xff,
    0xff, 0xff, 0xff, 0xfe, 0xff, 0xff, 0xff, 0xff,
    0xff, 0xff, 0xff, 0xff, 0xff, 0x30, 0x1f, 0xff,
    0xff, 0xff, 0xff, 0xe9, 0x54, 0x58, 0xef, 0xff,
    0xff, 0xff, 0xff, 0xff, 0xfb, 0x64, 0x46, 0xbf,
    0xff, 0xff, 0xff, 0xb0, 0x1f, 0xff, 0xff, 0xff,
    0xf9, 0x0, 0x0, 0x0, 0x9, 0xff, 0xff, 0xff,
    0xff, 0xfd, 0x30, 0x0, 0x0, 0x4, 0xff, 0xff,
    0xff, 0xf1, 0x1f, 0xff, 0xff, 0xff, 0x80, 0x0,
    0x0, 0x0, 0x0, 0xbf, 0xff, 0xff, 0xff, 0xe1,
    0x0, 0x0, 0x0, 0x0, 0x5f, 0xff, 0xff, 0xf5,
    0x1f, 0xff, 0xff, 0xfd, 0x0, 0x0, 0x0, 0x0,
    0x0, 0x3f, 0xff, 0xff, 0xff, 0x50, 0x0, 0x0,
    0x0, 0x0, 0xc, 0xff, 0xff, 0xf9, 0x1f, 0xff,
    0xff, 0xf7, 0x0, 0x0, 0x0, 0x0, 0x0, 0xe,
    0xff, 0xff, 0xfe, 0x0, 0x0, 0x0, 0x0, 0x0,
    0x7, 0xff, 0xff, 0xfa, 0x1f, 0xff, 0xff, 0xf3,
    0x0, 0x0, 0x0, 0x0, 0x0, 0xb, 0xff, 0xff,
    0xfa, 0x0, 0x0, 0x0, 0x0, 0x0, 0x4, 0xff,
    0xff, 0xfb, 0x1f, 0xff, 0xff, 0xf0, 0x0, 0x0,
    0x0, 0x0, 0x0, 0xa, 0xff, 0xff, 0xf7, 0x0,
    0x0, 0x0, 0x0, 0x0, 0x3, 0xff, 0xff, 0xfc,
    0x1f, 0xff, 0xff, 0xf0, 0x0, 0x0, 0x0, 0x0,
    0x0, 0xa, 0xff, 0xff, 0xf6, 0x0, 0x0, 0x0,
    0x0, 0x0, 0x3, 0xff, 0xff, 0xfc, 0x1f, 0xff,
    0xff, 0xf0, 0x0, 0x0, 0x0, 0x0, 0x0, 0xa,
    0xff, 0xff, 0xf6, 0x0, 0x0, 0x0, 0x0, 0x0,
    0x3, 0xff, 0xff, 0xfc, 0x1f, 0xff, 0xff, 0xf0,
    0x0, 0x0, 0x0, 0x0, 0x0, 0xa, 0xff, 0xff,
    0xf6, 0x0, 0x0, 0x0, 0x0, 0x0, 0x3, 0xff,
    0xff, 0xfc, 0x1f, 0xff, 0xff, 0xf0, 0x0, 0x0,
    0x0, 0x0, 0x0, 0xa, 0xff, 0xff, 0xf6, 0x0,
    0x0, 0x0, 0x0, 0x0, 0x3, 0xff, 0xff, 0xfc,
    0x1f, 0xff, 0xff, 0xf0, 0x0, 0x0, 0x0, 0x0,
    0x0, 0xa, 0xff, 0xff, 0xf6, 0x0, 0x0, 0x0,
    0x0, 0x0, 0x3, 0xff, 0xff, 0xfc, 0x1f, 0xff,
    0xff, 0xf0, 0x0, 0x0, 0x0, 0x0, 0x0, 0xa,
    0xff, 0xff, 0xf6, 0x0, 0x0, 0x0, 0x0, 0x0,
    0x3, 0xff, 0xff, 0xfc, 0x1f, 0xff, 0xff, 0xf0,
    0x0, 0x0, 0x0, 0x0, 0x0, 0xa, 0xff, 0xff,
    0xf6, 0x0, 0x0, 0x0, 0x0, 0x0, 0x3, 0xff,
    0xff, 0xfc, 0x1f, 0xff, 0xff, 0xf0, 0x0, 0x0,
    0x0, 0x0, 0x0, 0xa, 0xff, 0xff, 0xf6, 0x0,
    0x0, 0x0, 0x0, 0x0, 0x3, 0xff, 0xff, 0xfc,
    0x1f, 0xff, 0xff, 0xf0, 0x0, 0x0, 0x0, 0x0,
    0x0, 0xa, 0xff, 0xff, 0xf6, 0x0, 0x0, 0x0,
    0x0, 0x0, 0x3, 0xff, 0xff, 0xfc, 0x1f, 0xff,
    0xff, 0xf0, 0x0, 0x0, 0x0, 0x0, 0x0, 0xa,
    0xff, 0xff, 0xf6, 0x0, 0x0, 0x0, 0x0, 0x0,
    0x3, 0xff, 0xff, 0xfc, 0x1f, 0xff, 0xff, 0xf0,
    0x0, 0x0, 0x0, 0x0, 0x0, 0xa, 0xff, 0xff,
    0xf6, 0x0, 0x0, 0x0, 0x0, 0x0, 0x3, 0xff,
    0xff, 0xfc, 0x1f, 0xff, 0xff, 0xf0, 0x0, 0x0,
    0x0, 0x0, 0x0, 0xa, 0xff, 0xff, 0xf6, 0x0,
    0x0, 0x0, 0x0, 0x0, 0x3, 0xff, 0xff, 0xfc,
    0x1f, 0xff, 0xff, 0xf0, 0x0, 0x0, 0x0, 0x0,
    0x0, 0xa, 0xff, 0xff, 0xf6, 0x0, 0x0, 0x0,
    0x0, 0x0, 0x3, 0xff, 0xff, 0xfc, 0x1f, 0xff,
    0xff, 0xf0, 0x0, 0x0, 0x0, 0x0, 0x0, 0xa,
    0xff, 0xff, 0xf6, 0x0, 0x0, 0x0, 0x0, 0x0,
    0x3, 0xff, 0xff, 0xfc,

    /* U+006E "n" */
    0x1f, 0xff, 0xff, 0xa0, 0x0, 0x16, 0xad, 0xef,
    0xfd, 0xa6, 0x0, 0x0, 0x0, 0x1, 0xff, 0xff,
    0xfa, 0x1, 0x9f, 0xff, 0xff, 0xff, 0xff, 0xff,
    0x70, 0x0, 0x0, 0x1f, 0xff, 0xff, 0xa4, 0xff,
    0xff, 0xff, 0xff, 0xff, 0xff, 0xff, 0xc1, 0x0,
    0x1, 0xff, 0xff, 0xfd, 0xff, 0xff, 0xff, 0xff,
    0xff, 0xff, 0xff, 0xff, 0xc0, 0x0, 0x1f, 0xff,
    0xff, 0xff, 0xff, 0xff, 0xff, 0xff, 0xff, 0xff,
    0xff, 0xff, 0x80, 0x1, 0xff, 0xff, 0xff, 0xff,
    0xff, 0xa6, 0x44, 0x6a, 0xff, 0xff, 0xff, 0xff,
    0x10, 0x1f, 0xff, 0xff, 0xff, 0xfb, 0x10, 0x0,
    0x0, 0x2, 0xdf, 0xff, 0xff, 0xf7, 0x1, 0xff,
    0xff, 0xff, 0xfa, 0x0, 0x0, 0x0, 0x0, 0x1,
    0xef, 0xff, 0xff, 0xc0, 0x1f, 0xff, 0xff, 0xfe,
    0x0, 0x0, 0x0, 0x0, 0x0, 0x7, 0xff, 0xff,
    0xff, 0x1, 0xff, 0xff, 0xff, 0x80, 0x0, 0x0,
    0x0, 0x0, 0x0, 0x1f, 0xff, 0xff, 0xf1, 0x1f,
    0xff, 0xff, 0xf3, 0x0, 0x0, 0x0, 0x0, 0x0,
    0x0, 0xef, 0xff, 0xff, 0x21, 0xff, 0xff, 0xff,
    0x0, 0x0, 0x0, 0x0, 0x0, 0x0, 0xd, 0xff,
    0xff, 0xf2, 0x1f, 0xff, 0xff, 0xf0, 0x0, 0x0,
    0x0, 0x0, 0x0, 0x0, 0xdf, 0xff, 0xff, 0x31,
    0xff, 0xff, 0xff, 0x0, 0x0, 0x0, 0x0, 0x0,
    0x0, 0xd, 0xff, 0xff, 0xf3, 0x1f, 0xff, 0xff,
    0xf0, 0x0, 0x0, 0x0, 0x0, 0x0, 0x0, 0xdf,
    0xff, 0xff, 0x31, 0xff, 0xff, 0xff, 0x0, 0x0,
    0x0, 0x0, 0x0, 0x0, 0xd, 0xff, 0xff, 0xf3,
    0x1f, 0xff, 0xff, 0xf0, 0x0, 0x0, 0x0, 0x0,
    0x0, 0x0, 0xdf, 0xff, 0xff, 0x31, 0xff, 0xff,
    0xff, 0x0, 0x0, 0x0, 0x0, 0x0, 0x0, 0xd,
    0xff, 0xff, 0xf3, 0x1f, 0xff, 0xff, 0xf0, 0x0,
    0x0, 0x0, 0x0, 0x0, 0x0, 0xdf, 0xff, 0xff,
    0x31, 0xff, 0xff, 0xff, 0x0, 0x0, 0x0, 0x0,
    0x0, 0x0, 0xd, 0xff, 0xff, 0xf3, 0x1f, 0xff,
    0xff, 0xf0, 0x0, 0x0, 0x0, 0x0, 0x0, 0x0,
    0xdf, 0xff, 0xff, 0x31, 0xff, 0xff, 0xff, 0x0,
    0x0, 0x0, 0x0, 0x0, 0x0, 0xd, 0xff, 0xff,
    0xf3, 0x1f, 0xff, 0xff, 0xf0, 0x0, 0x0, 0x0,
    0x0, 0x0, 0x0, 0xdf, 0xff, 0xff, 0x31, 0xff,
    0xff, 0xff, 0x0, 0x0, 0x0, 0x0, 0x0, 0x0,
    0xd, 0xff, 0xff, 0xf3, 0x1f, 0xff, 0xff, 0xf0,
    0x0, 0x0, 0x0, 0x0, 0x0, 0x0, 0xdf, 0xff,
    0xff, 0x31, 0xff, 0xff, 0xff, 0x0, 0x0, 0x0,
    0x0, 0x0, 0x0, 0xd, 0xff, 0xff, 0xf3,

    /* U+006F "o" */
    0x0, 0x0, 0x0, 0x0, 0x3, 0x8b, 0xdf, 0xff,
    0xdb, 0x72, 0x0, 0x0, 0x0, 0x0, 0x0, 0x0,
    0x0, 0x0, 0x5d, 0xff, 0xff, 0xff, 0xff, 0xff,
    0xfc, 0x50, 0x0, 0x0, 0x0, 0x0, 0x0, 0x1,
    0xbf, 0xff, 0xff, 0xff, 0xff, 0xff, 0xff, 0xff,
    0xb1, 0x0, 0x0, 0x0, 0x0, 0x3, 0xef, 0xff,
    0xff, 0xff, 0xff, 0xff, 0xff, 0xff, 0xff, 0xe3,
    0x0, 0x0, 0x0, 0x2, 0xef, 0xff, 0xff, 0xff,
    0xff, 0xff, 0xff, 0xff, 0xff, 0xff, 0xe2, 0x0,
    0x0, 0x0, 0xdf, 0xff, 0xff, 0xff, 0xb5, 0x32,
    0x35, 0xaf, 0xff, 0xff, 0xff, 0xd0, 0x0, 0x0,
    0x8f, 0xff, 0xff, 0xfd, 0x20, 0x0, 0x0, 0x0,
    0x2d, 0xff, 0xff, 0xff, 0x70, 0x0, 0x1f, 0xff,
    0xff, 0xfd, 0x0, 0x0, 0x0, 0x0, 0x0, 0xd,
    0xff, 0xff, 0xff, 0x10, 0x6, 0xff, 0xff, 0xff,
    0x20, 0x0, 0x0, 0x0, 0x0, 0x0, 0x2f, 0xff,
    0xff, 0xf6, 0x0, 0xbf, 0xff, 0xff, 0x90, 0x0,
    0x0, 0x0, 0x0, 0x0, 0x0, 0x9f, 0xff, 0xff,
    0xb0, 0xf, 0xff, 0xff, 0xf3, 0x0, 0x0, 0x0,
    0x0, 0x0, 0x0, 0x3, 0xff, 0xff, 0xfe, 0x1,
    0xff, 0xff, 0xff, 0x0, 0x0, 0x0, 0x0, 0x0,
    0x0, 0x0, 0xf, 0xff, 0xff, 0xf0, 0x2f, 0xff,
    0xff, 0xe0, 0x0, 0x0, 0x0, 0x0, 0x0, 0x0,
    0x0, 0xff, 0xff, 0xff, 0x12, 0xff, 0xff, 0xfe,
    0x0, 0x0, 0x0, 0x0, 0x0, 0x0, 0x0, 0xf,
    0xff, 0xff, 0xf1, 0x1f, 0xff, 0xff, 0xf0, 0x0,
    0x0, 0x0, 0x0, 0x0, 0x0, 0x0, 0xff, 0xff,
    0xff, 0x0, 0xef, 0xff, 0xff, 0x30, 0x0, 0x0,
    0x0, 0x0, 0x0, 0x0, 0x4f, 0xff, 0xff, 0xe0,
    0xb, 0xff, 0xff, 0xf9, 0x0, 0x0, 0x0, 0x0,
    0x0, 0x0, 0x9, 0xff, 0xff, 0xfb, 0x0, 0x6f,
    0xff, 0xff, 0xf2, 0x0, 0x0, 0x0, 0x0, 0x0,
    0x2, 0xff, 0xff, 0xff, 0x60, 0x1, 0xff, 0xff,
    0xff, 0xd1, 0x0, 0x0, 0x0, 0x0, 0x1, 0xdf,
    0xff, 0xff, 0xe0, 0x0, 0x8, 0xff, 0xff, 0xff,
    0xd3, 0x0, 0x0, 0x0, 0x3, 0xdf, 0xff, 0xff,
    0xf7, 0x0, 0x0, 0xd, 0xff, 0xff, 0xff, 0xfc,
    0x64, 0x23, 0x6b, 0xff, 0xff, 0xff, 0xfc, 0x0,
    0x0, 0x0, 0x2e, 0xff, 0xff, 0xff, 0xff, 0xff,
    0xff, 0xff, 0xff, 0xff, 0xfe, 0x20, 0x0, 0x0,
    0x0, 0x2e, 0xff, 0xff, 0xff, 0xff, 0xff, 0xff,
    0xff, 0xff, 0xfe, 0x20, 0x0, 0x0, 0x0, 0x0,
    0x1b, 0xff, 0xff, 0xff, 0xff, 0xff, 0xff, 0xff,
    0xfb, 0x10, 0x0, 0x0, 0x0, 0x0, 0x0, 0x5,
    0xcf, 0xff, 0xff, 0xff, 0xff, 0xff, 0xc4, 0x0,
    0x0, 0x0, 0x0, 0x0, 0x0, 0x0, 0x0, 0x38,
    0xbe, 0xff, 0xfd, 0xb7, 0x20, 0x0, 0x0, 0x0,
    0x0,

    /* U+0070 "p" */
    0x1f, 0xff, 0xff, 0xa0, 0x0, 0x27, 0xbd, 0xff,
    0xec, 0xa5, 0x0, 0x0, 0x0, 0x0, 0x1, 0xff,
    0xff, 0xfa, 0x2, 0xaf, 0xff, 0xff, 0xff, 0xff,
    0xff, 0x81, 0x0, 0x0, 0x0, 0x1f, 0xff, 0xff,
    0xa4, 0xff, 0xff, 0xff, 0xff, 0xff, 0xff, 0xff,
    0xe4, 0x0, 0x0, 0x1, 0xff, 0xff, 0xfd, 0xff,
    0xff, 0xff, 0xff, 0xff, 0xff, 0xff, 0xff, 0xf6,
    0x0, 0x0, 0x1f, 0xff, 0xff, 0xff, 0xff, 0xff,
    0xff, 0xff, 0xff, 0xff, 0xff, 0xff, 0xf5, 0x0,
    0x1, 0xff, 0xff, 0xff, 0xff, 0xff, 0xb5, 0x32,
    0x36, 0xcf, 0xff, 0xff, 0xff, 0xe1, 0x0, 0x1f,
    0xff, 0xff, 0xff, 0xfd, 0x20, 0x0, 0x0, 0x0,
    0x3e, 0xff, 0xff, 0xff, 0xa0, 0x1, 0xff, 0xff,
    0xff, 0xfc, 0x0, 0x0, 0x0, 0x0, 0x0, 0x1d,
    0xff, 0xff, 0xff, 0x20, 0x1f, 0xff, 0xff, 0xff,
    0x20, 0x0, 0x0, 0x0, 0x0, 0x0, 0x3f, 0xff,
    0xff, 0xf7, 0x1, 0xff, 0xff, 0xff, 0x90, 0x0,
    0x0, 0x0, 0x0, 0x0, 0x0, 0xaf, 0xff, 0xff,
    0xc0, 0x1f, 0xff, 0xff, 0xf3, 0x0, 0x0, 0x0,
    0x0, 0x0, 0x0, 0x4, 0xff, 0xff, 0xff, 0x1,
    0xff, 0xff, 0xff, 0x0, 0x0, 0x0, 0x0, 0x0,
    0x0, 0x0, 0xf, 0xff, 0xff, 0xf1, 0x1f, 0xff,
    0xff, 0xe0, 0x0, 0x0, 0x0, 0x0, 0x0, 0x0,
    0x0, 0xff, 0xff, 0xff, 0x21, 0xff, 0xff, 0xfe,
    0x0, 0x0, 0x0, 0x0, 0x0, 0x0, 0x0, 0xf,
    0xff, 0xff, 0xf1, 0x1f, 0xff, 0xff, 0xf0, 0x0,
    0x0, 0x0, 0x0, 0x0, 0x0, 0x1, 0xff, 0xff,
    0xff, 0x11, 0xff, 0xff, 0xff, 0x30, 0x0, 0x0,
    0x0, 0x0, 0x0, 0x0, 0x4f, 0xff, 0xff, 0xe0,
    0x1f, 0xff, 0xff, 0xf9, 0x0, 0x0, 0x0, 0x0,
    0x0, 0x0, 0xa, 0xff, 0xff, 0xfc, 0x1, 0xff,
    0xff, 0xff, 0xf2, 0x0, 0x0, 0x0, 0x0, 0x0,
    0x3, 0xff, 0xff, 0xff, 0x70, 0x1f, 0xff, 0xff,
    0xff, 0xd0, 0x0, 0x0, 0x0, 0x0, 0x1, 0xef,
    0xff, 0xff, 0xf1, 0x1, 0xff, 0xff, 0xff, 0xff,
    0xd3, 0x0, 0x0, 0x0, 0x4, 0xef, 0xff, 0xff,
    0xf9, 0x0, 0x1f, 0xff, 0xff, 0xff, 0xff, 0xfc,
    0x64, 0x24, 0x6c, 0xff, 0xff, 0xff, 0xfe, 0x10,
    0x1, 0xff, 0xff, 0xff, 0xff, 0xff, 0xff, 0xff,
    0xff, 0xff, 0xff, 0xff, 0xff, 0x40, 0x0, 0x1f,
    0xff, 0xff, 0xfe, 0xff, 0xff, 0xff, 0xff, 0xff,
    0xff, 0xff, 0xff, 0x50, 0x0, 0x1, 0xff, 0xff,
    0xff, 0x2d, 0xff, 0xff, 0xff, 0xff, 0xff, 0xff,
    0xfe, 0x40, 0x0, 0x0, 0x1f, 0xff, 0xff, 0xf0,
    0x18, 0xff, 0xff, 0xff, 0xff, 0xff, 0xf8, 0x0,
    0x0, 0x0, 0x1, 0xff, 0xff, 0xff, 0x0, 0x1,
    0x6b, 0xdf, 0xfe, 0xc9, 0x50, 0x0, 0x0, 0x0,
    0x0, 0x1f, 0xff, 0xff, 0xf0, 0x0, 0x0, 0x0,
    0x0, 0x0, 0x0, 0x0, 0x0, 0x0, 0x0, 0x1,
    0xff, 0xff, 0xff, 0x0, 0x0, 0x0, 0x0, 0x0,
    0x0, 0x0, 0x0, 0x0, 0x0, 0x0, 0x1f, 0xff,
    0xff, 0xf0, 0x0, 0x0, 0x0, 0x0, 0x0, 0x0,
    0x0, 0x0, 0x0, 0x0, 0x1, 0xff, 0xff, 0xff,
    0x0, 0x0, 0x0, 0x0, 0x0, 0x0, 0x0, 0x0,
    0x0, 0x0, 0x0, 0x1f, 0xff, 0xff, 0xf0, 0x0,
    0x0, 0x0, 0x0, 0x0, 0x0, 0x0, 0x0, 0x0,
    0x0, 0x1, 0xff, 0xff, 0xff, 0x0, 0x0, 0x0,
    0x0, 0x0, 0x0, 0x0, 0x0, 0x0, 0x0, 0x0,
    0x1f, 0xff, 0xff, 0xf0, 0x0, 0x0, 0x0, 0x0,
    0x0, 0x0, 0x0, 0x0, 0x0, 0x0, 0x1, 0xff,
    0xff, 0xff, 0x0, 0x0, 0x0, 0x0, 0x0, 0x0,
    0x0, 0x0, 0x0, 0x0, 0x0, 0x1f, 0xff, 0xff,
    0xf0, 0x0, 0x0, 0x0, 0x0, 0x0, 0x0, 0x0,
    0x0, 0x0, 0x0, 0x0,

    /* U+0071 "q" */
    0x0, 0x0, 0x0, 0x0, 0x15, 0xad, 0xef, 0xed,
    0xb6, 0x20, 0x0, 0xbf, 0xff, 0xff, 0x0, 0x0,
    0x0, 0x19, 0xff, 0xff, 0xff, 0xff, 0xff, 0xf9,
    0x10, 0xbf, 0xff, 0xff, 0x0, 0x0, 0x5, 0xef,
    0xff, 0xff, 0xff, 0xff, 0xff, 0xff, 0xe3, 0xbf,
    0xff, 0xff, 0x0, 0x0, 0x7f, 0xff, 0xff, 0xff,
    0xff, 0xff, 0xff, 0xff, 0xff, 0xdf, 0xff, 0xff,
    0x0, 0x5, 0xff, 0xff, 0xff, 0xff, 0xff, 0xff,
    0xff, 0xff, 0xff, 0xff, 0xff, 0xff, 0x0, 0x2f,
    0xff, 0xff, 0xff, 0xfb, 0x53, 0x23, 0x6b, 0xff,
    0xff, 0xff, 0xff, 0xff, 0x0, 0xbf, 0xff, 0xff,
    0xfd, 0x20, 0x0, 0x0, 0x0, 0x3e, 0xff, 0xff,
    0xff, 0xff, 0x2, 0xff, 0xff, 0xff, 0xd0, 0x0,
    0x0, 0x0, 0x0, 0x1, 0xdf, 0xff, 0xff, 0xff,
    0x8, 0xff, 0xff, 0xff, 0x20, 0x0, 0x0, 0x0,
    0x0, 0x0, 0x2f, 0xff, 0xff, 0xff, 0xc, 0xff,
    0xff, 0xf9, 0x0, 0x0, 0x0, 0x0, 0x0, 0x0,
    0x9, 0xff, 0xff, 0xff, 0xf, 0xff, 0xff, 0xf3,
    0x0, 0x0, 0x0, 0x0, 0x0, 0x0, 0x3, 0xff,
    0xff, 0xff, 0x1f, 0xff, 0xff, 0xf0, 0x0, 0x0,
    0x0, 0x0, 0x0, 0x0, 0x0, 0xff, 0xff, 0xff,
    0x2f, 0xff, 0xff, 0xe0, 0x0, 0x0, 0x0, 0x0,
    0x0, 0x0, 0x0, 0xef, 0xff, 0xff, 0x2f, 0xff,
    0xff, 0xe0, 0x0, 0x0, 0x0, 0x0, 0x0, 0x0,
    0x0, 0xff, 0xff, 0xff, 0x1f, 0xff, 0xff, 0xf0,
    0x0, 0x0, 0x0, 0x0, 0x0, 0x0, 0x0, 0xff,
    0xff, 0xff, 0xf, 0xff, 0xff, 0xf3, 0x0, 0x0,
    0x0, 0x0, 0x0, 0x0, 0x4, 0xff, 0xff, 0xff,
    0xc, 0xff, 0xff, 0xf9, 0x0, 0x0, 0x0, 0x0,
    0x0, 0x0, 0x9, 0xff, 0xff, 0xff, 0x7, 0xff,
    0xff, 0xff, 0x20, 0x0, 0x0, 0x0, 0x0, 0x0,
    0x3f, 0xff, 0xff, 0xff, 0x2, 0xff, 0xff, 0xff,
    0xd1, 0x0, 0x0, 0x0, 0x0, 0x1, 0xdf, 0xff,
    0xff, 0xff, 0x0, 0xaf, 0xff, 0xff, 0xfd, 0x30,
    0x0, 0x0, 0x0, 0x3e, 0xff, 0xff, 0xff, 0xff,
    0x0, 0x1f, 0xff, 0xff, 0xff, 0xfc, 0x64, 0x24,
    0x6c, 0xff, 0xff, 0xff, 0xff, 0xff, 0x0, 0x5,
    0xff, 0xff, 0xff, 0xff, 0xff, 0xff, 0xff, 0xff,
    0xff, 0xff, 0xff, 0xff, 0x0, 0x0, 0x6f, 0xff,
    0xff, 0xff, 0xff, 0xff, 0xff, 0xff, 0xfe, 0xff,
    0xff, 0xff, 0x0, 0x0, 0x4, 0xef, 0xff, 0xff,
    0xff, 0xff, 0xff, 0xff, 0xd1, 0xff, 0xff, 0xff,
    0x0, 0x0, 0x0, 0x19, 0xff, 0xff, 0xff, 0xff,
    0xff, 0xf8, 0x0, 0xff, 0xff, 0xff, 0x0, 0x0,
    0x0, 0x0, 0x15, 0xad, 0xef, 0xed, 0xa6, 0x10,
    0x0, 0xff, 0xff, 0xff, 0x0, 0x0, 0x0, 0x0,
    0x0, 0x0, 0x0, 0x0, 0x0, 0x0, 0x0, 0xff,
    0xff, 0xff, 0x0, 0x0, 0x0, 0x0, 0x0, 0x0,
    0x0, 0x0, 0x0, 0x0, 0x0, 0xff, 0xff, 0xff,
    0x0, 0x0, 0x0, 0x0, 0x0, 0x0, 0x0, 0x0,
    0x0, 0x0, 0x0, 0xff, 0xff, 0xff, 0x0, 0x0,
    0x0, 0x0, 0x0, 0x0, 0x0, 0x0, 0x0, 0x0,
    0x0, 0xff, 0xff, 0xff, 0x0, 0x0, 0x0, 0x0,
    0x0, 0x0, 0x0, 0x0, 0x0, 0x0, 0x0, 0xff,
    0xff, 0xff, 0x0, 0x0, 0x0, 0x0, 0x0, 0x0,
    0x0, 0x0, 0x0, 0x0, 0x0, 0xff, 0xff, 0xff,
    0x0, 0x0, 0x0, 0x0, 0x0, 0x0, 0x0, 0x0,
    0x0, 0x0, 0x0, 0xff, 0xff, 0xff, 0x0, 0x0,
    0x0, 0x0, 0x0, 0x0, 0x0, 0x0, 0x0, 0x0,
    0x0, 0xff, 0xff, 0xff, 0x0, 0x0, 0x0, 0x0,
    0x0, 0x0, 0x0, 0x0, 0x0, 0x0, 0x0, 0xff,
    0xff, 0xff,

    /* U+0072 "r" */
    0x1f, 0xff, 0xff, 0xa0, 0x0, 0x16, 0xac, 0xeb,
    0x1f, 0xff, 0xff, 0xa0, 0x8, 0xff, 0xff, 0xfc,
    0x1f, 0xff, 0xff, 0xa2, 0xef, 0xff, 0xff, 0xfc,
    0x1f, 0xff, 0xff, 0xbd, 0xff, 0xff, 0xff, 0xfc,
    0x1f, 0xff, 0xff, 0xff, 0xff, 0xff, 0xff, 0xfc,
    0x1f, 0xff, 0xff, 0xff, 0xff, 0xff, 0xca, 0x98,
    0x1f, 0xff, 0xff, 0xff, 0xff, 0x71, 0x0, 0x0,
    0x1f, 0xff, 0xff, 0xff, 0xe3, 0x0, 0x0, 0x0,
    0x1f, 0xff, 0xff, 0xff, 0x40, 0x0, 0x0, 0x0,
    0x1f, 0xff, 0xff, 0xfb, 0x0, 0x0, 0x0, 0x0,
    0x1f, 0xff, 0xff, 0xf5, 0x0, 0x0, 0x0, 0x0,
    0x1f, 0xff, 0xff, 0xf1, 0x0, 0x0, 0x0, 0x0,
    0x1f, 0xff, 0xff, 0xf0, 0x0, 0x0, 0x0, 0x0,
    0x1f, 0xff, 0xff, 0xf0, 0x0, 0x0, 0x0, 0x0,
    0x1f, 0xff, 0xff, 0xf0, 0x0, 0x0, 0x0, 0x0,
    0x1f, 0xff, 0xff, 0xf0, 0x0, 0x0, 0x0, 0x0,
    0x1f, 0xff, 0xff, 0xf0, 0x0, 0x0, 0x0, 0x0,
    0x1f, 0xff, 0xff, 0xf0, 0x0, 0x0, 0x0, 0x0,
    0x1f, 0xff, 0xff, 0xf0, 0x0, 0x0, 0x0, 0x0,
    0x1f, 0xff, 0xff, 0xf0, 0x0, 0x0, 0x0, 0x0,
    0x1f, 0xff, 0xff, 0xf0, 0x0, 0x0, 0x0, 0x0,
    0x1f, 0xff, 0xff, 0xf0, 0x0, 0x0, 0x0, 0x0,
    0x1f, 0xff, 0xff, 0xf0, 0x0, 0x0, 0x0, 0x0,
    0x1f, 0xff, 0xff, 0xf0, 0x0, 0x0, 0x0, 0x0,
    0x1f, 0xff, 0xff, 0xf0, 0x0, 0x0, 0x0, 0x0,
    0x1f, 0xff, 0xff, 0xf0, 0x0, 0x0, 0x0, 0x0,

    /* U+0073 "s" */
    0x0, 0x0, 0x0, 0x27, 0xad, 0xef, 0xfe, 0xdb,
    0x85, 0x10, 0x0, 0x0, 0x0, 0x3, 0xcf, 0xff,
    0xff, 0xff, 0xff, 0xff, 0xff, 0xc5, 0x0, 0x0,
    0x8, 0xff, 0xff, 0xff, 0xff, 0xff, 0xff, 0xff,
    0xff, 0xf7, 0x0, 0x9, 0xff, 0xff, 0xff, 0xff,
    0xff, 0xff, 0xff, 0xff, 0xff, 0x10, 0x5, 0xff,
    0xff, 0xff, 0xff, 0xfe, 0xef, 0xff, 0xff, 0xff,
    0x70, 0x0, 0xcf, 0xff, 0xff, 0xe6, 0x10, 0x0,
    0x1, 0x48, 0xdf, 0xe0, 0x0, 0xf, 0xff, 0xff,
    0xf1, 0x0, 0x0, 0x0, 0x0, 0x0, 0x56, 0x0,
    0x2, 0xff, 0xff, 0xfa, 0x0, 0x0, 0x0, 0x0,
    0x0, 0x0, 0x0, 0x0, 0x2f, 0xff, 0xff, 0xc0,
    0x0, 0x0, 0x0, 0x0, 0x0, 0x0, 0x0, 0x1,
    0xff, 0xff, 0xff, 0x91, 0x0, 0x0, 0x0, 0x0,
    0x0, 0x0, 0x0, 0xc, 0xff, 0xff, 0xff, 0xfc,
    0x85, 0x30, 0x0, 0x0, 0x0, 0x0, 0x0, 0x5f,
    0xff, 0xff, 0xff, 0xff, 0xff, 0xfd, 0xa6, 0x10,
    0x0, 0x0, 0x0, 0x6f, 0xff, 0xff, 0xff, 0xff,
    0xff, 0xff, 0xff, 0xb2, 0x0, 0x0, 0x0, 0x4d,
    0xff, 0xff, 0xff, 0xff, 0xff, 0xff, 0xff, 0xf6,
    0x0, 0x0, 0x0, 0x3, 0x9d, 0xff, 0xff, 0xff,
    0xff, 0xff, 0xff, 0xf6, 0x0, 0x0, 0x0, 0x0,
    0x0, 0x35, 0x8b, 0xef, 0xff, 0xff, 0xff, 0xf0,
    0x0, 0x0, 0x0, 0x0, 0x0, 0x0, 0x0, 0x29,
    0xff, 0xff, 0xff, 0x40, 0x0, 0x0, 0x0, 0x0,
    0x0, 0x0, 0x0, 0x9, 0xff, 0xff, 0xf6, 0x0,
    0x30, 0x0, 0x0, 0x0, 0x0, 0x0, 0x0, 0x6f,
    0xff, 0xff, 0x60, 0x2f, 0xc4, 0x0, 0x0, 0x0,
    0x0, 0x0, 0xc, 0xff, 0xff, 0xf4, 0xa, 0xff,
    0xfe, 0x95, 0x20, 0x0, 0x1, 0x5c, 0xff, 0xff,
    0xff, 0x2, 0xff, 0xff, 0xff, 0xff, 0xff, 0xef,
    0xff, 0xff, 0xff, 0xff, 0x90, 0xaf, 0xff, 0xff,
    0xff, 0xff, 0xff, 0xff, 0xff, 0xff, 0xff, 0xc0,
    0x6, 0xef, 0xff, 0xff, 0xff, 0xff, 0xff, 0xff,
    0xff, 0xff, 0xb0, 0x0, 0x0, 0x6d, 0xff, 0xff,
    0xff, 0xff, 0xff, 0xff, 0xfd, 0x50, 0x0, 0x0,
    0x0, 0x2, 0x58, 0xcd, 0xef, 0xfe, 0xda, 0x72,
    0x0, 0x0, 0x0,

    /* U+0074 "t" */
    0x0, 0x0, 0x28, 0x88, 0x88, 0x60, 0x0, 0x0,
    0x0, 0x0, 0x0, 0x0, 0x4f, 0xff, 0xff, 0xc0,
    0x0, 0x0, 0x0, 0x0, 0x0, 0x0, 0x4f, 0xff,
    0xff, 0xc0, 0x0, 0x0, 0x0, 0x0, 0x0, 0x0,
    0x4f, 0xff, 0xff, 0xc0, 0x0, 0x0, 0x0, 0x0,
    0x0, 0x0, 0x4f, 0xff, 0xff, 0xc0, 0x0, 0x0,
    0x0, 0x0, 0x0, 0x0, 0x4f, 0xff, 0xff, 0xc0,
    0x0, 0x0, 0x0, 0x0, 0x7f, 0xff, 0xff, 0xff,
    0xff, 0xff, 0xff, 0xff, 0xf9, 0x0, 0x7f, 0xff,
    0xff, 0xff, 0xff, 0xff, 0xff, 0xff, 0xf9, 0x0,
    0x7f, 0xff, 0xff, 0xff, 0xff, 0xff, 0xff, 0xff,
    0xf9, 0x0, 0x7f, 0xff, 0xff, 0xff, 0xff, 0xff,
    0xff, 0xff, 0xf9, 0x0, 0x6d, 0xdd, 0xdf, 0xff,
    0xff, 0xfd, 0xdd, 0xdd, 0xd7, 0x0, 0x0, 0x0,
    0x4f, 0xff, 0xff, 0xc0, 0x0, 0x0, 0x0, 0x0,
    0x0, 0x0, 0x4f, 0xff, 0xff, 0xc0, 0x0, 0x0,
    0x0, 0x0, 0x0, 0x0, 0x4f, 0xff, 0xff, 0xc0,
    0x0, 0x0, 0x0, 0x0, 0x0, 0x0, 0x4f, 0xff,
    0xff, 0xc0, 0x0, 0x0, 0x0, 0x0, 0x0, 0x0,
    0x4f, 0xff, 0xff, 0xc0, 0x0, 0x0, 0x0, 0x0,
    0x0, 0x0, 0x4f, 0xff, 0xff, 0xc0, 0x0, 0x0,
    0x0, 0x0, 0x0, 0x0, 0x4f, 0xff, 0xff, 0xc0,
    0x0, 0x0, 0x0, 0x0, 0x0, 0x0, 0x4f, 0xff,
    0xff, 0xc0, 0x0, 0x0, 0x0, 0x0, 0x0, 0x0,
    0x4f, 0xff, 0xff, 0xc0, 0x0, 0x0, 0x0, 0x0,
    0x0, 0x0, 0x4f, 0xff, 0xff, 0xc0, 0x0, 0x0,
    0x0, 0x0, 0x0, 0x0, 0x4f, 0xff, 0xff, 0xc0,
    0x0, 0x0, 0x0, 0x0, 0x0, 0x0, 0x4f, 0xff,
    0xff, 0xc0, 0x0, 0x0, 0x0, 0x0, 0x0, 0x0,
    0x3f, 0xff, 0xff, 0xc0, 0x0, 0x0, 0x0, 0x0,
    0x0, 0x0, 0x2f, 0xff, 0xff, 0xe0, 0x0, 0x0,
    0x0, 0x0, 0x0, 0x0, 0x1f, 0xff, 0xff, 0xf5,
    0x0, 0x0, 0x0, 0x0, 0x0, 0x0, 0xd, 0xff,
    0xff, 0xff, 0x61, 0x1, 0x6b, 0x0, 0x0, 0x0,
    0x7, 0xff, 0xff, 0xff, 0xff, 0xff, 0xff, 0x40,
    0x0, 0x0, 0x1, 0xef, 0xff, 0xff, 0xff, 0xff,
    0xff, 0xa0, 0x0, 0x0, 0x0, 0x3f, 0xff, 0xff,
    0xff, 0xff, 0xff, 0xf1, 0x0, 0x0, 0x0, 0x3,
    0xdf, 0xff, 0xff, 0xff, 0xff, 0xc1, 0x0, 0x0,
    0x0, 0x0, 0x4, 0x9d, 0xef, 0xfd, 0x94, 0x0,

    /* U+0075 "u" */
    0x4f, 0xff, 0xff, 0xc0, 0x0, 0x0, 0x0, 0x0,
    0x0, 0x4, 0xff, 0xff, 0xfc, 0x4f, 0xff, 0xff,
    0xc0, 0x0, 0x0, 0x0, 0x0, 0x0, 0x4, 0xff,
    0xff, 0xfc, 0x4f, 0xff, 0xff, 0xc0, 0x0, 0x0,
    0x0, 0x0, 0x0, 0x4, 0xff, 0xff, 0xfc, 0x4f,
    0xff, 0xff, 0xc0, 0x0, 0x0, 0x0, 0x0, 0x0,
    0x4, 0xff, 0xff, 0xfc, 0x4f, 0xff, 0xff, 0xc0,
    0x0, 0x0, 0x0, 0x0, 0x0, 0x4, 0xff, 0xff,
    0xfc, 0x4f, 0xff, 0xff, 0xc0, 0x0, 0x0, 0x0,
    0x0, 0x0, 0x4, 0xff, 0xff, 0xfc, 0x4f, 0xff,
    0xff, 0xc0, 0x0, 0x0, 0x0, 0x0, 0x0, 0x4,
    0xff, 0xff, 0xfc, 0x4f, 0xff, 0xff, 0xc0, 0x0,
    0x0, 0x0, 0x0, 0x0, 0x4, 0xff, 0xff, 0xfc,
    0x4f, 0xff, 0xff, 0xc0, 0x0, 0x0, 0x0, 0x0,
    0x0, 0x4, 0xff, 0xff, 0xfc, 0x4f, 0xff, 0xff,
    0xc0, 0x0, 0x0, 0x0, 0x0, 0x0, 0x4, 0xff,
    0xff, 0xfc, 0x4f, 0xff, 0xff, 0xc0, 0x0, 0x0,
    0x0, 0x0, 0x0, 0x4, 0xff, 0xff, 0xfc, 0x4f,
    0xff, 0xff, 0xc0, 0x0, 0x0, 0x0, 0x0, 0x0,
    0x4, 0xff, 0xff, 0xfc, 0x4f, 0xff, 0xff, 0xc0,
    0x0, 0x0, 0x0, 0x0, 0x0, 0x4, 0xff, 0xff,
    0xfc, 0x4f, 0xff, 0xff, 0xc0, 0x0, 0x0, 0x0,
    0x0, 0x0, 0x4, 0xff, 0xff, 0xfc, 0x3f, 0xff,
    0xff, 0xc0, 0x0, 0x0, 0x0, 0x0, 0x0, 0x5,
    0xff, 0xff, 0xfc, 0x3f, 0xff, 0xff, 0xd0, 0x0,
    0x0, 0x0, 0x0, 0x0, 0x8, 0xff, 0xff, 0xfc,
    0x1f, 0xff, 0xff, 0xf1, 0x0, 0x0, 0x0, 0x0,
    0x0, 0xd, 0xff, 0xff, 0xfc, 0xf, 0xff, 0xff,
    0xf6, 0x0, 0x0, 0x0, 0x0, 0x0, 0x4f, 0xff,
    0xff, 0xfc, 0xc, 0xff, 0xff, 0xfe, 0x10, 0x0,
    0x0, 0x0, 0x1, 0xef, 0xff, 0xff, 0xfc, 0x8,
    0xff, 0xff, 0xff, 0xc1, 0x0, 0x0, 0x0, 0x3e,
    0xff, 0xff, 0xff, 0xfc, 0x1, 0xff, 0xff, 0xff,
    0xff, 0xa6, 0x55, 0x7c, 0xff, 0xff, 0xff, 0xff,
    0xfc, 0x0, 0x9f, 0xff, 0xff, 0xff, 0xff, 0xff,
    0xff, 0xff, 0xff, 0xff, 0xff, 0xfc, 0x0, 0xc,
    0xff, 0xff, 0xff, 0xff, 0xff, 0xff, 0xff, 0xfe,
    0xff, 0xff, 0xfc, 0x0, 0x1, 0xbf, 0xff, 0xff,
    0xff, 0xff, 0xff, 0xff, 0xd1, 0xff, 0xff, 0xfc,
    0x0, 0x0, 0x6, 0xef, 0xff, 0xff, 0xff, 0xff,
    0xf8, 0x0, 0xff, 0xff, 0xfc, 0x0, 0x0, 0x0,
    0x5, 0x9d, 0xef, 0xed, 0xa6, 0x10, 0x0, 0xff,
    0xff, 0xfc,

    /* U+0076 "v" */
    0x1f, 0xff, 0xff, 0xf3, 0x0, 0x0, 0x0, 0x0,
    0x0, 0x0, 0x0, 0x1f, 0xff, 0xff, 0xb0, 0x9f,
    0xff, 0xff, 0x90, 0x0, 0x0, 0x0, 0x0, 0x0,
    0x0, 0x7, 0xff, 0xff, 0xf4, 0x2, 0xff, 0xff,
    0xff, 0x10, 0x0, 0x0, 0x0, 0x0, 0x0, 0x0,
    0xef, 0xff, 0xfd, 0x0, 0xc, 0xff, 0xff, 0xf7,
    0x0, 0x0, 0x0, 0x0, 0x0, 0x0, 0x5f, 0xff,
    0xff, 0x70, 0x0, 0x5f, 0xff, 0xff, 0xd0, 0x0,
    0x0, 0x0, 0x0, 0x0, 0xb, 0xff, 0xff, 0xf1,
    0x0, 0x0, 0xef, 0xff, 0xff, 0x40, 0x0, 0x0,
    0x0, 0x0, 0x2, 0xff, 0xff, 0xf9, 0x0, 0x0,
    0x7, 0xff, 0xff, 0xfa, 0x0, 0x0, 0x0, 0x0,
    0x0, 0x9f, 0xff, 0xff, 0x30, 0x0, 0x0, 0x1f,
    0xff, 0xff, 0xf1, 0x0, 0x0, 0x0, 0x0, 0x1f,
    0xff, 0xff, 0xc0, 0x0, 0x0, 0x0, 0xaf, 0xff,
    0xff, 0x80, 0x0, 0x0, 0x0, 0x7, 0xff, 0xff,
    0xf5, 0x0, 0x0, 0x0, 0x3, 0xff, 0xff, 0xfe,
    0x0, 0x0, 0x0, 0x0, 0xdf, 0xff, 0xfe, 0x0,
    0x0, 0x0, 0x0, 0xc, 0xff, 0xff, 0xf5, 0x0,
    0x0, 0x0, 0x4f, 0xff, 0xff, 0x70, 0x0, 0x0,
    0x0, 0x0, 0x6f, 0xff, 0xff, 0xc0, 0x0, 0x0,
    0xb, 0xff, 0xff, 0xf1, 0x0, 0x0, 0x0, 0x0,
    0x0, 0xef, 0xff, 0xff, 0x20, 0x0, 0x2, 0xff,
    0xff, 0xfa, 0x0, 0x0, 0x0, 0x0, 0x0, 0x8,
    0xff, 0xff, 0xf9, 0x0, 0x0, 0x9f, 0xff, 0xff,
    0x30, 0x0, 0x0, 0x0, 0x0, 0x0, 0x1f, 0xff,
    0xff, 0xf0, 0x0, 0xf, 0xff, 0xff, 0xc0, 0x0,
    0x0, 0x0, 0x0, 0x0, 0x0, 0xbf, 0xff, 0xff,
    0x60, 0x6, 0xff, 0xff, 0xf6, 0x0, 0x0, 0x0,
    0x0, 0x0, 0x0, 0x4, 0xff, 0xff, 0xfd, 0x0,
    0xdf, 0xff, 0xfe, 0x0, 0x0, 0x0, 0x0, 0x0,
    0x0, 0x0, 0xd, 0xff, 0xff, 0xf3, 0x4f, 0xff,
    0xff, 0x80, 0x0, 0x0, 0x0, 0x0, 0x0, 0x0,
    0x0, 0x6f, 0xff, 0xff, 0xab, 0xff, 0xff, 0xf1,
    0x0, 0x0, 0x0, 0x0, 0x0, 0x0, 0x0, 0x0,
    0xff, 0xff, 0xff, 0xff, 0xff, 0xfa, 0x0, 0x0,
    0x0, 0x0, 0x0, 0x0, 0x0, 0x0, 0x9, 0xff,
    0xff, 0xff, 0xff, 0xff, 0x40, 0x0, 0x0, 0x0,
    0x0, 0x0, 0x0, 0x0, 0x0, 0x2f, 0xff, 0xff,
    0xff, 0xff, 0xd0, 0x0, 0x0, 0x0, 0x0, 0x0,
    0x0, 0x0, 0x0, 0x0, 0xbf, 0xff, 0xff, 0xff,
    0xf6, 0x0, 0x0, 0x0, 0x0, 0x0, 0x0, 0x0,
    0x0, 0x0, 0x4, 0xff, 0xff, 0xff, 0xff, 0x0,
    0x0, 0x0, 0x0, 0x0, 0x0, 0x0, 0x0, 0x0,
    0x0, 0xd, 0xff, 0xff, 0xff, 0x90, 0x0, 0x0,
    0x0, 0x0, 0x0, 0x0, 0x0, 0x0, 0x0, 0x0,
    0x7f, 0xff, 0xff, 0xf2, 0x0, 0x0, 0x0, 0x0,
    0x0,

    /* U+0077 "w" */
    0xaf, 0xff, 0xff, 0x10, 0x0, 0x0, 0x0, 0x0,
    0x0, 0x8, 0xff, 0xff, 0xe0, 0x0, 0x0, 0x0,
    0x0, 0x0, 0x0, 0x9f, 0xff, 0xfb, 0x4f, 0xff,
    0xff, 0x60, 0x0, 0x0, 0x0, 0x0, 0x0, 0xd,
    0xff, 0xff, 0xf4, 0x0, 0x0, 0x0, 0x0, 0x0,
    0x0, 0xef, 0xff, 0xf5, 0xe, 0xff, 0xff, 0xb0,
    0x0, 0x0, 0x0, 0x0, 0x0, 0x3f, 0xff, 0xff,
    0xf9, 0x0, 0x0, 0x0, 0x0, 0x0, 0x5, 0xff,
    0xff, 0xf0, 0x8, 0xff, 0xff, 0xf1, 0x0, 0x0,
    0x0, 0x0, 0x0, 0x9f, 0xff, 0xff, 0xff, 0x0,
    0x0, 0x0, 0x0, 0x0, 0xa, 0xff, 0xff, 0xa0,
    0x2, 0xff, 0xff, 0xf7, 0x0, 0x0, 0x0, 0x0,
    0x0, 0xef, 0xff, 0xff, 0xff, 0x50, 0x0, 0x0,
    0x0, 0x0, 0x1f, 0xff, 0xff, 0x40, 0x0, 0xdf,
    0xff, 0xfc, 0x0, 0x0, 0x0, 0x0, 0x5, 0xff,
    0xff, 0xff, 0xff, 0xb0, 0x0, 0x0, 0x0, 0x0,
    0x6f, 0xff, 0xfe, 0x0, 0x0, 0x7f, 0xff, 0xff,
    0x20, 0x0, 0x0, 0x0, 0xb, 0xff, 0xff, 0xff,
    0xff, 0xf1, 0x0, 0x0, 0x0, 0x0, 0xcf, 0xff,
    0xf8, 0x0, 0x0, 0x1f, 0xff, 0xff, 0x80, 0x0,
    0x0, 0x0, 0x1f, 0xff, 0xff, 0xff, 0xff, 0xf6,
    0x0, 0x0, 0x0, 0x2, 0xff, 0xff, 0xf3, 0x0,
    0x0, 0xb, 0xff, 0xff, 0xd0, 0x0, 0x0, 0x0,
    0x7f, 0xff, 0xfe, 0xcf, 0xff, 0xfc, 0x0, 0x0,
    0x0, 0x7, 0xff, 0xff, 0xd0, 0x0, 0x0, 0x6,
    0xff, 0xff, 0xf3, 0x0, 0x0, 0x0, 0xdf, 0xff,
    0xf8, 0x6f, 0xff, 0xff, 0x20, 0x0, 0x0, 0xd,
    0xff, 0xff, 0x70, 0x0, 0x0, 0x0, 0xff, 0xff,
    0xf8, 0x0, 0x0, 0x2, 0xff, 0xff, 0xf2, 0xf,
    0xff, 0xff, 0x70, 0x0, 0x0, 0x3f, 0xff, 0xff,
    0x10, 0x0, 0x0, 0x0, 0xaf, 0xff, 0xfe, 0x0,
    0x0, 0x8, 0xff, 0xff, 0xc0, 0xa, 0xff, 0xff,
    0xd0, 0x0, 0x0, 0x9f, 0xff, 0xfb, 0x0, 0x0,
    0x0, 0x0, 0x4f, 0xff, 0xff, 0x40, 0x0, 0xe,
    0xff, 0xff, 0x60, 0x4, 0xff, 0xff, 0xf3, 0x0,
    0x0, 0xef, 0xff, 0xf6, 0x0, 0x0, 0x0, 0x0,
    0xe, 0xff, 0xff, 0x90, 0x0, 0x4f, 0xff, 0xff,
    0x10, 0x0, 0xef, 0xff, 0xf9, 0x0, 0x4, 0xff,
    0xff, 0xf0, 0x0, 0x0, 0x0, 0x0, 0x9, 0xff,
    0xff, 0xf0, 0x0, 0xaf, 0xff, 0xfa, 0x0, 0x0,
    0x8f, 0xff, 0xfe, 0x0, 0xa, 0xff, 0xff, 0xa0,
    0x0, 0x0, 0x0, 0x0, 0x3, 0xff, 0xff, 0xf5,
    0x0, 0xff, 0xff, 0xf4, 0x0, 0x0, 0x2f, 0xff,
    0xff, 0x40, 0xf, 0xff, 0xff, 0x40, 0x0, 0x0,
    0x0, 0x0, 0x0, 0xdf, 0xff, 0xfa, 0x6, 0xff,
    0xff, 0xe0, 0x0, 0x0, 0xc, 0xff, 0xff, 0xa0,
    0x6f, 0xff, 0xfe, 0x0, 0x0, 0x0, 0x0, 0x0,
    0x0, 0x7f, 0xff, 0xff, 0xc, 0xff, 0xff, 0x80,
    0x0, 0x0, 0x6, 0xff, 0xff, 0xf0, 0xbf, 0xff,
    0xf8, 0x0, 0x0, 0x0, 0x0, 0x0, 0x0, 0x2f,
    0xff, 0xff, 0x8f, 0xff, 0xff, 0x20, 0x0, 0x0,
    0x1, 0xff, 0xff, 0xf7, 0xff, 0xff, 0xf3, 0x0,
    0x0, 0x0, 0x0, 0x0, 0x0, 0xc, 0xff, 0xff,
    0xff, 0xff, 0xfc, 0x0, 0x0, 0x0, 0x0, 0xbf,
    0xff, 0xff, 0xff, 0xff, 0xd0, 0x0, 0x0, 0x0,
    0x0, 0x0, 0x0, 0x6, 0xff, 0xff, 0xff, 0xff,
    0xf6, 0x0, 0x0, 0x0, 0x0, 0x5f, 0xff, 0xff,
    0xff, 0xff, 0x70, 0x0, 0x0, 0x0, 0x0, 0x0,
    0x0, 0x1, 0xff, 0xff, 0xff, 0xff, 0xf1, 0x0,
    0x0, 0x0, 0x0, 0xe, 0xff, 0xff, 0xff, 0xff,
    0x10, 0x0, 0x0, 0x0, 0x0, 0x0, 0x0, 0x0,
    0xaf, 0xff, 0xff, 0xff, 0xa0, 0x0, 0x0, 0x0,
    0x0, 0x9, 0xff, 0xff, 0xff, 0xfb, 0x0, 0x0,
    0x0, 0x0, 0x0, 0x0, 0x0, 0x0, 0x5f, 0xff,
    0xff, 0xff, 0x40, 0x0, 0x0, 0x0, 0x0, 0x3,
    0xff, 0xff, 0xff, 0xf6, 0x0, 0x0, 0x0, 0x0,
    0x0, 0x0, 0x0, 0x0, 0xe, 0xff, 0xff, 0xfe,
    0x0, 0x0, 0x0, 0x0, 0x0, 0x0, 0xdf, 0xff,
    0xff, 0xf0, 0x0, 0x0, 0x0, 0x0, 0x0, 0x0,
    0x0, 0x0, 0x9, 0xff, 0xff, 0xf8, 0x0, 0x0,
    0x0, 0x0, 0x0, 0x0, 0x7f, 0xff, 0xff, 0xa0,
    0x0, 0x0, 0x0, 0x0,

    /* U+0078 "x" */
    0xc, 0xff, 0xff, 0xfd, 0x0, 0x0, 0x0, 0x0,
    0x0, 0x4, 0xff, 0xff, 0xff, 0x30, 0x1, 0xef,
    0xff, 0xff, 0xa0, 0x0, 0x0, 0x0, 0x0, 0x1e,
    0xff, 0xff, 0xf7, 0x0, 0x0, 0x4f, 0xff, 0xff,
    0xf5, 0x0, 0x0, 0x0, 0x0, 0xbf, 0xff, 0xff,
    0xb0, 0x0, 0x0, 0x8, 0xff, 0xff, 0xff, 0x20,
    0x0, 0x0, 0x8, 0xff, 0xff, 0xfe, 0x10, 0x0,
    0x0, 0x0, 0xbf, 0xff, 0xff, 0xd0, 0x0, 0x0,
    0x4f, 0xff, 0xff, 0xf3, 0x0, 0x0, 0x0, 0x0,
    0x1e, 0xff, 0xff, 0xf9, 0x0, 0x1, 0xef, 0xff,
    0xff, 0x60, 0x0, 0x0, 0x0, 0x0, 0x4, 0xff,
    0xff, 0xff, 0x50, 0xb, 0xff, 0xff, 0xfa, 0x0,
    0x0, 0x0, 0x0, 0x0, 0x0, 0x7f, 0xff, 0xff,
    0xe2, 0x7f, 0xff, 0xff, 0xd0, 0x0, 0x0, 0x0,
    0x0, 0x0, 0x0, 0xb, 0xff, 0xff, 0xfd, 0xff,
    0xff, 0xff, 0x30, 0x0, 0x0, 0x0, 0x0, 0x0,
    0x0, 0x1, 0xef, 0xff, 0xff, 0xff, 0xff, 0xf6,
    0x0, 0x0, 0x0, 0x0, 0x0, 0x0, 0x0, 0x0,
    0x3f, 0xff, 0xff, 0xff, 0xff, 0xa0, 0x0, 0x0,
    0x0, 0x0, 0x0, 0x0, 0x0, 0x0, 0x7, 0xff,
    0xff, 0xff, 0xfd, 0x0, 0x0, 0x0, 0x0, 0x0,
    0x0, 0x0, 0x0, 0x0, 0x0, 0xcf, 0xff, 0xff,
    0xf3, 0x0, 0x0, 0x0, 0x0, 0x0, 0x0, 0x0,
    0x0, 0x0, 0x2, 0xff, 0xff, 0xff, 0xf9, 0x0,
    0x0, 0x0, 0x0, 0x0, 0x0, 0x0, 0x0, 0x0,
    0xd, 0xff, 0xff, 0xff, 0xff, 0x50, 0x0, 0x0,
    0x0, 0x0, 0x0, 0x0, 0x0, 0x0, 0x9f, 0xff,
    0xff, 0xff, 0xff, 0xf2, 0x0, 0x0, 0x0, 0x0,
    0x0, 0x0, 0x0, 0x5, 0xff, 0xff, 0xff, 0xff,
    0xff, 0xfd, 0x0, 0x0, 0x0, 0x0, 0x0, 0x0,
    0x0, 0x2f, 0xff, 0xff, 0xf7, 0xef, 0xff, 0xff,
    0x90, 0x0, 0x0, 0x0, 0x0, 0x0, 0x0, 0xdf,
    0xff, 0xff, 0xa0, 0x3f, 0xff, 0xff, 0xf5, 0x0,
    0x0, 0x0, 0x0, 0x0, 0xa, 0xff, 0xff, 0xfd,
    0x0, 0x7, 0xff, 0xff, 0xff, 0x20, 0x0, 0x0,
    0x0, 0x0, 0x6f, 0xff, 0xff, 0xf3, 0x0, 0x0,
    0xbf, 0xff, 0xff, 0xd0, 0x0, 0x0, 0x0, 0x3,
    0xff, 0xff, 0xff, 0x60, 0x0, 0x0, 0x1e, 0xff,
    0xff, 0xfa, 0x0, 0x0, 0x0, 0xd, 0xff, 0xff,
    0xfa, 0x0, 0x0, 0x0, 0x4, 0xff, 0xff, 0xff,
    0x60, 0x0, 0x0, 0xaf, 0xff, 0xff, 0xd0, 0x0,
    0x0, 0x0, 0x0, 0x9f, 0xff, 0xff, 0xf2, 0x0,
    0x6, 0xff, 0xff, 0xff, 0x30, 0x0, 0x0, 0x0,
    0x0, 0xd, 0xff, 0xff, 0xfd, 0x0, 0x3f, 0xff,
    0xff, 0xf6, 0x0, 0x0, 0x0, 0x0, 0x0, 0x2,
    0xff, 0xff, 0xff, 0xa0,

    /* U+0079 "y" */
    0x1f, 0xff, 0xff, 0xf3, 0x0, 0x0, 0x0, 0x0,
    0x0, 0x0, 0x0, 0x1f, 0xff, 0xff, 0xb0, 0x9f,
    0xff, 0xff, 0xa0, 0x0, 0x0, 0x0, 0x0, 0x0,
    0x0, 0x7, 0xff, 0xff, 0xf4, 0x2, 0xff, 0xff,
    0xff, 0x10, 0x0, 0x0, 0x0, 0x0, 0x0, 0x0,
    0xef, 0xff, 0xfd, 0x0, 0xb, 0xff, 0xff, 0xf7,
    0x0, 0x0, 0x0, 0x0, 0x0, 0x0, 0x5f, 0xff,
    0xff, 0x60, 0x0, 0x4f, 0xff, 0xff, 0xe0, 0x0,
    0x0, 0x0, 0x0, 0x0, 0xc, 0xff, 0xff, 0xe0,
    0x0, 0x0, 0xdf, 0xff, 0xff, 0x50, 0x0, 0x0,
    0x0, 0x0, 0x3, 0xff, 0xff, 0xf8, 0x0, 0x0,
    0x6, 0xff, 0xff, 0xfc, 0x0, 0x0, 0x0, 0x0,
    0x0, 0xaf, 0xff, 0xff, 0x10, 0x0, 0x0, 0xe,
    0xff, 0xff, 0xf3, 0x0, 0x0, 0x0, 0x0, 0x1f,
    0xff, 0xff, 0xa0, 0x0, 0x0, 0x0, 0x8f, 0xff,
    0xff, 0xa0, 0x0, 0x0, 0x0, 0x7, 0xff, 0xff,
    0xf3, 0x0, 0x0, 0x0, 0x1, 0xff, 0xff, 0xff,
    0x10, 0x0, 0x0, 0x0, 0xef, 0xff, 0xfc, 0x0,
    0x0, 0x0, 0x0, 0xa, 0xff, 0xff, 0xf7, 0x0,
    0x0, 0x0, 0x5f, 0xff, 0xff, 0x50, 0x0, 0x0,
    0x0, 0x0, 0x2f, 0xff, 0xff, 0xe0, 0x0, 0x0,
    0xc, 0xff, 0xff, 0xe0, 0x0, 0x0, 0x0, 0x0,
    0x0, 0xbf, 0xff, 0xff, 0x50, 0x0, 0x3, 0xff,
    0xff, 0xf7, 0x0, 0x0, 0x0, 0x0, 0x0, 0x4,
    0xff, 0xff, 0xfc, 0x0, 0x0, 0xaf, 0xff, 0xff,
    0x10, 0x0, 0x0, 0x0, 0x0, 0x0, 0xd, 0xff,
    0xff, 0xf3, 0x0, 0x1f, 0xff, 0xff, 0x90, 0x0,
    0x0, 0x0, 0x0, 0x0, 0x0, 0x6f, 0xff, 0xff,
    0xa0, 0x8, 0xff, 0xff, 0xf2, 0x0, 0x0, 0x0,
    0x0, 0x0, 0x0, 0x0, 0xff, 0xff, 0xff, 0x10,
    0xef, 0xff, 0xfb, 0x0, 0x0, 0x0, 0x0, 0x0,
    0x0, 0x0, 0x8, 0xff, 0xff, 0xf7, 0x5f, 0xff,
    0xff, 0x40, 0x0, 0x0, 0x0, 0x0, 0x0, 0x0,
    0x0, 0x1f, 0xff, 0xff, 0xec, 0xff, 0xff, 0xd0,
    0x0, 0x0, 0x0, 0x0, 0x0, 0x0, 0x0, 0x0,
    0xaf, 0xff, 0xff, 0xff, 0xff, 0xf6, 0x0, 0x0,
    0x0, 0x0, 0x0, 0x0, 0x0, 0x0, 0x3, 0xff,
    0xff, 0xff, 0xff, 0xfe, 0x0, 0x0, 0x0, 0x0,
    0x0, 0x0, 0x0, 0x0, 0x0, 0xc, 0xff, 0xff,
    0xff, 0xff, 0x80, 0x0, 0x0, 0x0, 0x0, 0x0,
    0x0, 0x0, 0x0, 0x0, 0x5f, 0xff, 0xff, 0xff,
    0xf1, 0x0, 0x0, 0x0, 0x0, 0x0, 0x0, 0x0,
    0x0, 0x0, 0x0, 0xef, 0xff, 0xff, 0xfa, 0x0,
    0x0, 0x0, 0x0, 0x0, 0x0, 0x0, 0x0, 0x0,
    0x0, 0x7, 0xff, 0xff, 0xff, 0x30, 0x0, 0x0,
    0x0, 0x0, 0x0, 0x0, 0x0, 0x0, 0x0, 0x0,
    0x2f, 0xff, 0xff, 0xc0, 0x0, 0x0, 0x0, 0x0,
    0x0, 0x0, 0x0, 0x0, 0x0, 0x0, 0x8, 0xff,
    0xff, 0xf5, 0x0, 0x0, 0x0, 0x0, 0x0, 0x0,
    0x0, 0x0, 0x0, 0x0, 0x1, 0xff, 0xff, 0xfe,
    0x0, 0x0, 0x0, 0x0, 0x0, 0x0, 0x0, 0x61,
    0x0, 0x0, 0x0, 0xbf, 0xff, 0xff, 0x70, 0x0,
    0x0, 0x0, 0x0, 0x0, 0x0, 0x2f, 0xf8, 0x30,
    0x14, 0xcf, 0xff, 0xff, 0xe0, 0x0, 0x0, 0x0,
    0x0, 0x0, 0x0, 0xa, 0xff, 0xff, 0xff, 0xff,
    0xff, 0xff, 0xf5, 0x0, 0x0, 0x0, 0x0, 0x0,
    0x0, 0x3, 0xff, 0xff, 0xff, 0xff, 0xff, 0xff,
    0xfa, 0x0, 0x0, 0x0, 0x0, 0x0, 0x0, 0x0,
    0x9f, 0xff, 0xff, 0xff, 0xff, 0xff, 0xfb, 0x0,
    0x0, 0x0, 0x0, 0x0, 0x0, 0x0, 0x0, 0x8f,
    0xff, 0xff, 0xff, 0xff, 0xf8, 0x0, 0x0, 0x0,
    0x0, 0x0, 0x0, 0x0, 0x0, 0x0, 0x16, 0xad,
    0xff, 0xeb, 0x71, 0x0, 0x0, 0x0, 0x0, 0x0,
    0x0, 0x0, 0x0, 0x0,

    /* U+007A "z" */
    0xe, 0xff, 0xff, 0xff, 0xff, 0xff, 0xff, 0xff,
    0xff, 0xff, 0xff, 0x90, 0xef, 0xff, 0xff, 0xff,
    0xff, 0xff, 0xff, 0xff, 0xff, 0xff, 0xf9, 0xe,
    0xff, 0xff, 0xff, 0xff, 0xff, 0xff, 0xff, 0xff,
    0xff, 0xff, 0x90, 0xef, 0xff, 0xff, 0xff, 0xff,
    0xff, 0xff, 0xff, 0xff, 0xff, 0xf8, 0xb, 0xdd,
    0xdd, 0xdd, 0xdd, 0xdd, 0xdd, 0xdf, 0xff, 0xff,
    0xfe, 0x10, 0x0, 0x0, 0x0, 0x0, 0x0, 0x0,
    0x9, 0xff, 0xff, 0xff, 0x30, 0x0, 0x0, 0x0,
    0x0, 0x0, 0x0, 0x6, 0xff, 0xff, 0xff, 0x50,
    0x0, 0x0, 0x0, 0x0, 0x0, 0x0, 0x4, 0xff,
    0xff, 0xff, 0x80, 0x0, 0x0, 0x0, 0x0, 0x0,
    0x0, 0x2, 0xef, 0xff, 0xff, 0xb0, 0x0, 0x0,
    0x0, 0x0, 0x0, 0x0, 0x0, 0xdf, 0xff, 0xff,
    0xd1, 0x0, 0x0, 0x0, 0x0, 0x0, 0x0, 0x0,
    0xaf, 0xff, 0xff, 0xf2, 0x0, 0x0, 0x0, 0x0,
    0x0, 0x0, 0x0, 0x7f, 0xff, 0xff, 0xf4, 0x0,
    0x0, 0x0, 0x0, 0x0, 0x0, 0x0, 0x4f, 0xff,
    0xff, 0xf7, 0x0, 0x0, 0x0, 0x0, 0x0, 0x0,
    0x0, 0x2f, 0xff, 0xff, 0xfa, 0x0, 0x0, 0x0,
    0x0, 0x0, 0x0, 0x0, 0x1d, 0xff, 0xff, 0xfc,
    0x0, 0x0, 0x0, 0x0, 0x0, 0x0, 0x0, 0xb,
    0xff, 0xff, 0xfe, 0x10, 0x0, 0x0, 0x0, 0x0,
    0x0, 0x0, 0x8, 0xff, 0xff, 0xff, 0x30, 0x0,
    0x0, 0x0, 0x0, 0x0, 0x0, 0x5, 0xff, 0xff,
    0xff, 0x60, 0x0, 0x0, 0x0, 0x0, 0x0, 0x0,
    0x3, 0xff, 0xff, 0xff, 0x90, 0x0, 0x0, 0x0,
    0x0, 0x0, 0x0, 0x1, 0xef, 0xff, 0xff, 0xc0,
    0x0, 0x0, 0x0, 0x0, 0x0, 0x0, 0x0, 0xcf,
    0xff, 0xff, 0xe1, 0x0, 0x0, 0x0, 0x0, 0x0,
    0x0, 0x0, 0x9f, 0xff, 0xff, 0xfe, 0xdd, 0xdd,
    0xdd, 0xdd, 0xdd, 0xdd, 0xdc, 0x2f, 0xff, 0xff,
    0xff, 0xff, 0xff, 0xff, 0xff, 0xff, 0xff, 0xff,
    0xf2, 0xff, 0xff, 0xff, 0xff, 0xff, 0xff, 0xff,
    0xff, 0xff, 0xff, 0xff, 0x2f, 0xff, 0xff, 0xff,
    0xff, 0xff, 0xff, 0xff, 0xff, 0xff, 0xff, 0xf2,
    0xff, 0xff, 0xff, 0xff, 0xff, 0xff, 0xff, 0xff,
    0xff, 0xff, 0xff,

    /* U+007B "{" */
    0x0, 0x0, 0x0, 0x0, 0x49, 0xde, 0xff, 0xf0,
    0x0, 0x0, 0x1, 0xcf, 0xff, 0xff, 0xff, 0x0,
    0x0, 0x1, 0xef, 0xff, 0xff, 0xff, 0xf0, 0x0,
    0x0, 0xaf, 0xff, 0xff, 0xff, 0xff, 0x0, 0x0,
    0x1f, 0xff, 0xff, 0xff, 0xfe, 0xc0, 0x0, 0x5,
    0xff, 0xff, 0xff, 0xa1, 0x0, 0x0, 0x0, 0x8f,
    0xff, 0xff, 0xd0, 0x0, 0x0, 0x0, 0x9, 0xff,
    0xff, 0xf8, 0x0, 0x0, 0x0, 0x0, 0x9f, 0xff,
    0xff, 0x60, 0x0, 0x0, 0x0, 0x9, 0xff, 0xff,
    0xf6, 0x0, 0x0, 0x0, 0x0, 0x9f, 0xff, 0xff,
    0x60, 0x0, 0x0, 0x0, 0x9, 0xff, 0xff, 0xf6,
    0x0, 0x0, 0x0, 0x0, 0x9f, 0xff, 0xff, 0x60,
    0x0, 0x0, 0x0, 0x9, 0xff, 0xff, 0xf6, 0x0,
    0x0, 0x0, 0x0, 0x9f, 0xff, 0xff, 0x60, 0x0,
    0x0, 0x0, 0x9, 0xff, 0xff, 0xf6, 0x0, 0x0,
    0x0, 0x0, 0x9f, 0xff, 0xff, 0x60, 0x0, 0x0,
    0x0, 0x9, 0xff, 0xff, 0xf6, 0x0, 0x0, 0x0,
    0x0, 0xbf, 0xff, 0xff, 0x50, 0x0, 0x0, 0x0,
    0x6f, 0xff, 0xff, 0xf3, 0x0, 0x0, 0x5f, 0xff,
    0xff, 0xff, 0xfd, 0x0, 0x0, 0x5, 0xff, 0xff,
    0xff, 0xfe, 0x20, 0x0, 0x0, 0x5f, 0xff, 0xff,
    0xfe, 0x20, 0x0, 0x0, 0x5, 0xff, 0xff, 0xff,
    0xff, 0x30, 0x0, 0x0, 0x5e, 0xff, 0xff, 0xff,
    0xfe, 0x0, 0x0, 0x0, 0x0, 0x4f, 0xff, 0xff,
    0xf3, 0x0, 0x0, 0x0, 0x0, 0xbf, 0xff, 0xff,
    0x50, 0x0, 0x0, 0x0, 0x9, 0xff, 0xff, 0xf6,
    0x0, 0x0, 0x0, 0x0, 0x9f, 0xff, 0xff, 0x60,
    0x0, 0x0, 0x0, 0x9, 0xff, 0xff, 0xf6, 0x0,
    0x0, 0x0, 0x0, 0x9f, 0xff, 0xff, 0x60, 0x0,
    0x0, 0x0, 0x9, 0xff, 0xff, 0xf6, 0x0, 0x0,
    0x0, 0x0, 0x9f, 0xff, 0xff, 0x60, 0x0, 0x0,
    0x0, 0x9, 0xff, 0xff, 0xf6, 0x0, 0x0, 0x0,
    0x0, 0x9f, 0xff, 0xff, 0x60, 0x0, 0x0, 0x0,
    0x9, 0xff, 0xff, 0xf6, 0x0, 0x0, 0x0, 0x0,
    0x9f, 0xff, 0xff, 0x60, 0x0, 0x0, 0x0, 0x9,
    0xff, 0xff, 0xf8, 0x0, 0x0, 0x0, 0x0, 0x8f,
    0xff, 0xff, 0xd0, 0x0, 0x0, 0x0, 0x5, 0xff,
    0xff, 0xff, 0xa1, 0x0, 0x0, 0x0, 0x1f, 0xff,
    0xff, 0xff, 0xfe, 0xc0, 0x0, 0x0, 0xaf, 0xff,
    0xff, 0xff, 0xff, 0x0, 0x0, 0x1, 0xef, 0xff,
    0xff, 0xff, 0xf0, 0x0, 0x0, 0x1, 0xcf, 0xff,
    0xff, 0xff, 0x0, 0x0, 0x0, 0x0, 0x49, 0xde,
    0xff, 0xf0,

    /* U+007C "|" */
    0x1, 0x11, 0x11, 0x7, 0xff, 0xff, 0xf0, 0x7f,
    0xff, 0xff, 0x7, 0xff, 0xff, 0xf0, 0x7f, 0xff,
    0xff, 0x7, 0xff, 0xff, 0xf0, 0x7f, 0xff, 0xff,
    0x7, 0xff, 0xff, 0xf0, 0x7f, 0xff, 0xff, 0x7,
    0xff, 0xff, 0xf0, 0x7f, 0xff, 0xff, 0x7, 0xff,
    0xff, 0xf0, 0x7f, 0xff, 0xff, 0x7, 0xff, 0xff,
    0xf0, 0x7f, 0xff, 0xff, 0x7, 0xff, 0xff, 0xf0,
    0x7f, 0xff, 0xff, 0x7, 0xff, 0xff, 0xf0, 0x7f,
    0xff, 0xff, 0x7, 0xff, 0xff, 0xf0, 0x7f, 0xff,
    0xff, 0x7, 0xff, 0xff, 0xf0, 0x7f, 0xff, 0xff,
    0x7, 0xff, 0xff, 0xf0, 0x7f, 0xff, 0xff, 0x7,
    0xff, 0xff, 0xf0, 0x7f, 0xff, 0xff, 0x7, 0xff,
    0xff, 0xf0, 0x7f, 0xff, 0xff, 0x7, 0xff, 0xff,
    0xf0, 0x7f, 0xff, 0xff, 0x7, 0xff, 0xff, 0xf0,
    0x7f, 0xff, 0xff, 0x7, 0xff, 0xff, 0xf0, 0x7f,
    0xff, 0xff, 0x7, 0xff, 0xff, 0xf0, 0x7f, 0xff,
    0xff, 0x7, 0xff, 0xff, 0xf0, 0x7f, 0xff, 0xff,
    0x7, 0xff, 0xff, 0xf0, 0x7f, 0xff, 0xff, 0x7,
    0xff, 0xff, 0xf0, 0x7f, 0xff, 0xff, 0x7, 0xff,
    0xff, 0xf0, 0x7f, 0xff, 0xff, 0x7, 0xff, 0xff,
    0xf0,

    /* U+007D "}" */
    0x3f, 0xff, 0xec, 0x82, 0x0, 0x0, 0x0, 0x0,
    0x3f, 0xff, 0xff, 0xff, 0xa0, 0x0, 0x0, 0x0,
    0x3f, 0xff, 0xff, 0xff, 0xfb, 0x0, 0x0, 0x0,
    0x3f, 0xff, 0xff, 0xff, 0xff, 0x60, 0x0, 0x0,
    0x2d, 0xef, 0xff, 0xff, 0xff, 0xe0, 0x0, 0x0,
    0x0, 0x2, 0xcf, 0xff, 0xff, 0xf2, 0x0, 0x0,
    0x0, 0x0, 0x1f, 0xff, 0xff, 0xf5, 0x0, 0x0,
    0x0, 0x0, 0xb, 0xff, 0xff, 0xf6, 0x0, 0x0,
    0x0, 0x0, 0x9, 0xff, 0xff, 0xf6, 0x0, 0x0,
    0x0, 0x0, 0x9, 0xff, 0xff, 0xf6, 0x0, 0x0,
    0x0, 0x0, 0x9, 0xff, 0xff, 0xf6, 0x0, 0x0,
    0x0, 0x0, 0x9, 0xff, 0xff, 0xf6, 0x0, 0x0,
    0x0, 0x0, 0x9, 0xff, 0xff, 0xf6, 0x0, 0x0,
    0x0, 0x0, 0x9, 0xff, 0xff, 0xf6, 0x0, 0x0,
    0x0, 0x0, 0x9, 0xff, 0xff, 0xf6, 0x0, 0x0,
    0x0, 0x0, 0x9, 0xff, 0xff, 0xf6, 0x0, 0x0,
    0x0, 0x0, 0x9, 0xff, 0xff, 0xf6, 0x0, 0x0,
    0x0, 0x0, 0x9, 0xff, 0xff, 0xf6, 0x0, 0x0,
    0x0, 0x0, 0x8, 0xff, 0xff, 0xf8, 0x0, 0x0,
    0x0, 0x0, 0x6, 0xff, 0xff, 0xff, 0x40, 0x0,
    0x0, 0x0, 0x1, 0xff, 0xff, 0xff, 0xff, 0xf2,
    0x0, 0x0, 0x0, 0x5f, 0xff, 0xff, 0xff, 0xf2,
    0x0, 0x0, 0x0, 0x4, 0xff, 0xff, 0xff, 0xf2,
    0x0, 0x0, 0x0, 0x6f, 0xff, 0xff, 0xff, 0xf2,
    0x0, 0x0, 0x2, 0xff, 0xff, 0xff, 0xfe, 0xe2,
    0x0, 0x0, 0x6, 0xff, 0xff, 0xfe, 0x20, 0x0,
    0x0, 0x0, 0x8, 0xff, 0xff, 0xf8, 0x0, 0x0,
    0x0, 0x0, 0x9, 0xff, 0xff, 0xf6, 0x0, 0x0,
    0x0, 0x0, 0x9, 0xff, 0xff, 0xf6, 0x0, 0x0,
    0x0, 0x0, 0x9, 0xff, 0xff, 0xf6, 0x0, 0x0,
    0x0, 0x0, 0x9, 0xff, 0xff, 0xf6, 0x0, 0x0,
    0x0, 0x0, 0x9, 0xff, 0xff, 0xf6, 0x0, 0x0,
    0x0, 0x0, 0x9, 0xff, 0xff, 0xf6, 0x0, 0x0,
    0x0, 0x0, 0x9, 0xff, 0xff, 0xf6, 0x0, 0x0,
    0x0, 0x0, 0x9, 0xff, 0xff, 0xf6, 0x0, 0x0,
    0x0, 0x0, 0x9, 0xff, 0xff, 0xf6, 0x0, 0x0,
    0x0, 0x0, 0x9, 0xff, 0xff, 0xf6, 0x0, 0x0,
    0x0, 0x0, 0xb, 0xff, 0xff, 0xf6, 0x0, 0x0,
    0x0, 0x0, 0x1f, 0xff, 0xff, 0xf5, 0x0, 0x0,
    0x0, 0x2, 0xcf, 0xff, 0xff, 0xf2, 0x0, 0x0,
    0x2d, 0xef, 0xff, 0xff, 0xff, 0xe0, 0x0, 0x0,
    0x3f, 0xff, 0xff, 0xff, 0xff, 0x60, 0x0, 0x0,
    0x3f, 0xff, 0xff, 0xff, 0xfb, 0x0, 0x0, 0x0,
    0x3f, 0xff, 0xff, 0xff, 0xa0, 0x0, 0x0, 0x0,
    0x3f, 0xff, 0xec, 0x82, 0x0, 0x0, 0x0, 0x0,

    /* U+007E "~" */
    0x0, 0x0, 0x5b, 0xef, 0xea, 0x30, 0x0, 0x0,
    0x0, 0x1, 0x99, 0x96, 0x0, 0xb, 0xff, 0xff,
    0xff, 0xf9, 0x0, 0x0, 0x0, 0x3, 0xff, 0xfa,
    0x0, 0xbf, 0xff, 0xff, 0xff, 0xff, 0xd2, 0x0,
    0x0, 0x8, 0xff, 0xf8, 0x5, 0xff, 0xff, 0xff,
    0xff, 0xff, 0xff, 0x50, 0x0, 0x2f, 0xff, 0xf5,
    0xb, 0xff, 0xff, 0xc9, 0xbf, 0xff, 0xff, 0xfc,
    0x89, 0xff, 0xff, 0xf1, 0xf, 0xff, 0xf8, 0x0,
    0x3, 0xdf, 0xff, 0xff, 0xff, 0xff, 0xff, 0xa0,
    0x3f, 0xff, 0xe0, 0x0, 0x0, 0x1a, 0xff, 0xff,
    0xff, 0xff, 0xfe, 0x10, 0x5f, 0xff, 0x90, 0x0,
    0x0, 0x0, 0x5e, 0xff, 0xff, 0xff, 0xe3, 0x0,
    0x39, 0x99, 0x40, 0x0, 0x0, 0x0, 0x1, 0x8d,
    0xff, 0xd8, 0x0, 0x0
};


/*---------------------
 *  GLYPH DESCRIPTION
 *--------------------*/

static const lv_font_fmt_txt_glyph_dsc_t glyph_dsc[] = {
    {.bitmap_index = 0, .adv_w = 0, .box_w = 0, .box_h = 0, .ofs_x = 0, .ofs_y = 0} /* id = 0 reserved */,
    {.bitmap_index = 0, .adv_w = 212, .box_w = 0, .box_h = 0, .ofs_x = 0, .ofs_y = 0},
    {.bitmap_index = 0, .adv_w = 214, .box_w = 9, .box_h = 34, .ofs_x = 2, .ofs_y = 0},
    {.bitmap_index = 153, .adv_w = 317, .box_w = 16, .box_h = 14, .ofs_x = 2, .ofs_y = 20},
    {.bitmap_index = 265, .adv_w = 546, .box_w = 33, .box_h = 34, .ofs_x = 1, .ofs_y = 0},
    {.bitmap_index = 826, .adv_w = 483, .box_w = 28, .box_h = 46, .ofs_x = 1, .ofs_y = -6},
    {.bitmap_index = 1470, .adv_w = 660, .box_w = 39, .box_h = 34, .ofs_x = 1, .ofs_y = 0},
    {.bitmap_index = 2133, .adv_w = 542, .box_w = 33, .box_h = 35, .ofs_x = 1, .ofs_y = -1},
    {.bitmap_index = 2711, .adv_w = 169, .box_w = 6, .box_h = 14, .ofs_x = 2, .ofs_y = 20},
    {.bitmap_index = 2753, .adv_w = 266, .box_w = 12, .box_h = 46, .ofs_x = 4, .ofs_y = -9},
    {.bitmap_index = 3029, .adv_w = 267, .box_w = 12, .box_h = 46, .ofs_x = 1, .ofs_y = -9},
    {.bitmap_index = 3305, .adv_w = 319, .box_w = 20, .box_h = 19, .ofs_x = 0, .ofs_y = 17},
    {.bitmap_index = 3495, .adv_w = 453, .box_w = 23, .box_h = 22, .ofs_x = 3, .ofs_y = 6},
    {.bitmap_index = 3748, .adv_w = 187, .box_w = 8, .box_h = 15, .ofs_x = 2, .ofs_y = -7},
    {.bitmap_index = 3808, .adv_w = 296, .box_w = 14, .box_h = 6, .ofs_x = 2, .ofs_y = 11},
    {.bitmap_index = 3850, .adv_w = 187, .box_w = 9, .box_h = 8, .ofs_x = 1, .ofs_y = 0},
    {.bitmap_index = 3886, .adv_w = 285, .box_w = 22, .box_h = 46, .ofs_x = -2, .ofs_y = -5},
    {.bitmap_index = 4392, .adv_w = 517, .box_w = 29, .box_h = 34, .ofs_x = 2, .ofs_y = 0},
    {.bitmap_index = 4885, .adv_w = 293, .box_w = 14, .box_h = 34, .ofs_x = 0, .ofs_y = 0},
    {.bitmap_index = 5123, .adv_w = 447, .box_w = 27, .box_h = 34, .ofs_x = 0, .ofs_y = 0},
    {.bitmap_index = 5582, .adv_w = 447, .box_w = 26, .box_h = 34, .ofs_x = 0, .ofs_y = 0},
    {.bitmap_index = 6024, .adv_w = 521, .box_w = 32, .box_h = 34, .ofs_x = 1, .ofs_y = 0},
    {.bitmap_index = 6568, .adv_w = 449, .box_w = 27, .box_h = 34, .ofs_x = 0, .ofs_y = 0},
    {.bitmap_index = 7027, .adv_w = 482, .box_w = 27, .box_h = 34, .ofs_x = 2, .ofs_y = 0},
    {.bitmap_index = 7486, .adv_w = 467, .box_w = 27, .box_h = 34, .ofs_x = 1, .ofs_y = 0},
    {.bitmap_index = 7945, .adv_w = 501, .box_w = 29, .box_h = 34, .ofs_x = 1, .ofs_y = 0},
    {.bitmap_index = 8438, .adv_w = 482, .box_w = 27, .box_h = 34, .ofs_x = 1, .ofs_y = 0},
    {.bitmap_index = 8897, .adv_w = 187, .box_w = 9, .box_h = 26, .ofs_x = 1, .ofs_y = 0},
    {.bitmap_index = 9014, .adv_w = 187, .box_w = 9, .box_h = 33, .ofs_x = 1, .ofs_y = -7},
    {.bitmap_index = 9163, .adv_w = 453, .box_w = 23, .box_h = 24, .ofs_x = 3, .ofs_y = 5},
    {.bitmap_index = 9439, .adv_w = 453, .box_w = 23, .box_h = 17, .ofs_x = 3, .ofs_y = 9},
    {.bitmap_index = 9635, .adv_w = 453, .box_w = 23, .box_h = 24, .ofs_x = 3, .ofs_y = 5},
    {.bitmap_index = 9911, .adv_w = 446, .box_w = 25, .box_h = 34, .ofs_x = 0, .ofs_y = 0},
    {.bitmap_index = 10336, .adv_w = 794, .box_w = 46, .box_h = 43, .ofs_x = 2, .ofs_y = -9},
    {.bitmap_index = 11325, .adv_w = 575, .box_w = 38, .box_h = 34, .ofs_x = -1, .ofs_y = 0},
    {.bitmap_index = 11971, .adv_w = 584, .box_w = 31, .box_h = 34, .ofs_x = 4, .ofs_y = 0},
    {.bitmap_index = 12498, .adv_w = 551, .box_w = 32, .box_h = 34, .ofs_x = 2, .ofs_y = 0},
    {.bitmap_index = 13042, .adv_w = 634, .box_w = 34, .box_h = 34, .ofs_x = 4, .ofs_y = 0},
    {.bitmap_index = 13620, .adv_w = 515, .box_w = 26, .box_h = 34, .ofs_x = 4, .ofs_y = 0},
    {.bitmap_index = 14062, .adv_w = 489, .box_w = 26, .box_h = 34, .ofs_x = 4, .ofs_y = 0},
    {.bitmap_index = 14504, .adv_w = 593, .box_w = 32, .box_h = 34, .ofs_x = 2, .ofs_y = 0},
    {.bitmap_index = 15048, .adv_w = 622, .box_w = 31, .box_h = 34, .ofs_x = 4, .ofs_y = 0},
    {.bitmap_index = 15575, .adv_w = 245, .box_w = 7, .box_h = 34, .ofs_x = 4, .ofs_y = 0},
    {.bitmap_index = 15694, .adv_w = 405, .box_w = 23, .box_h = 34, .ofs_x = -1, .ofs_y = 0},
    {.bitmap_index = 16085, .adv_w = 560, .box_w = 32, .box_h = 34, .ofs_x = 4, .ofs_y = 0},
    {.bitmap_index = 16629, .adv_w = 460, .box_w = 25, .box_h = 34, .ofs_x = 4, .ofs_y = 0},
    {.bitmap_index = 17054, .adv_w = 733, .box_w = 38, .box_h = 34, .ofs_x = 4, .ofs_y = 0},
    {.bitmap_index = 17700, .adv_w = 622, .box_w = 31, .box_h = 34, .ofs_x = 4, .ofs_y = 0},
    {.bitmap_index = 18227, .adv_w = 647, .box_w = 37, .box_h = 34, .ofs_x = 2, .ofs_y = 0},
    {.bitmap_index = 18856, .adv_w = 558, .box_w = 29, .box_h = 34, .ofs_x = 4, .ofs_y = 0},
    {.bitmap_index = 19349, .adv_w = 647, .box_w = 38, .box_h = 42, .ofs_x = 2, .ofs_y = -8},
    {.bitmap_index = 20147, .adv_w = 561, .box_w = 30, .box_h = 34, .ofs_x = 4, .ofs_y = 0},
    {.bitmap_index = 20657, .adv_w = 483, .box_w = 28, .box_h = 34, .ofs_x = 1, .ofs_y = 0},
    {.bitmap_index = 21133, .adv_w = 462, .box_w = 29, .box_h = 34, .ofs_x = 0, .ofs_y = 0},
    {.bitmap_index = 21626, .adv_w = 606, .box_w = 30, .box_h = 34, .ofs_x = 4, .ofs_y = 0},
    {.bitmap_index = 22136, .adv_w = 560, .box_w = 37, .box_h = 34, .ofs_x = -1, .ofs_y = 0},
    {.bitmap_index = 22765, .adv_w = 879, .box_w = 53, .box_h = 34, .ofs_x = 1, .ofs_y = 0},
    {.bitmap_index = 23666, .adv_w = 532, .box_w = 33, .box_h = 34, .ofs_x = 0, .ofs_y = 0},
    {.bitmap_index = 24227, .adv_w = 508, .box_w = 34, .box_h = 34, .ofs_x = -1, .ofs_y = 0},
    {.bitmap_index = 24805, .adv_w = 509, .box_w = 30, .box_h = 34, .ofs_x = 1, .ofs_y = 0},
    {.bitmap_index = 25315, .adv_w = 269, .box_w = 12, .box_h = 45, .ofs_x = 4, .ofs_y = -9},
    {.bitmap_index = 25585, .adv_w = 285, .box_w = 22, .box_h = 46, .ofs_x = -2, .ofs_y = -5},
    {.bitmap_index = 26091, .adv_w = 269, .box_w = 13, .box_h = 45, .ofs_x = 0, .ofs_y = -9},
    {.bitmap_index = 26384, .adv_w = 454, .box_w = 23, .box_h = 20, .ofs_x = 3, .ofs_y = 7},
    {.bitmap_index = 26614, .adv_w = 384, .box_w = 24, .box_h = 4, .ofs_x = 0, .ofs_y = -4},
    {.bitmap_index = 26662, .adv_w = 461, .box_w = 15, .box_h = 7, .ofs_x = 4, .ofs_y = 29},
    {.bitmap_index = 26715, .adv_w = 466, .box_w = 24, .box_h = 26, .ofs_x = 2, .ofs_y = 0},
    {.bitmap_index = 27027, .adv_w = 527, .box_w = 29, .box_h = 36, .ofs_x = 3, .ofs_y = 0},
    {.bitmap_index = 27549, .adv_w = 446, .box_w = 26, .box_h = 26, .ofs_x = 1, .ofs_y = 0},
    {.bitmap_index = 27887, .adv_w = 528, .box_w = 29, .box_h = 36, .ofs_x = 1, .ofs_y = 0},
    {.bitmap_index = 28409, .adv_w = 478, .box_w = 28, .box_h = 26, .ofs_x = 1, .ofs_y = 0},
    {.bitmap_index = 28773, .adv_w = 283, .box_w = 20, .box_h = 36, .ofs_x = 0, .ofs_y = 0},
    {.bitmap_index = 29133, .adv_w = 533, .box_w = 29, .box_h = 35, .ofs_x = 1, .ofs_y = -9},
    {.bitmap_index = 29641, .adv_w = 526, .box_w = 27, .box_h = 36, .ofs_x = 3, .ofs_y = 0},
    {.bitmap_index = 30127, .adv_w = 222, .box_w = 8, .box_h = 38, .ofs_x = 3, .ofs_y = 0},
    {.bitmap_index = 30279, .adv_w = 227, .box_w = 17, .box_h = 47, .ofs_x = -5, .ofs_y = -9},
    {.bitmap_index = 30679, .adv_w = 488, .box_w = 28, .box_h = 36, .ofs_x = 3, .ofs_y = 0},
    {.bitmap_index = 31183, .adv_w = 222, .box_w = 7, .box_h = 36, .ofs_x = 3, .ofs_y = 0},
    {.bitmap_index = 31309, .adv_w = 809, .box_w = 44, .box_h = 26, .ofs_x = 3, .ofs_y = 0},
    {.bitmap_index = 31881, .adv_w = 526, .box_w = 27, .box_h = 26, .ofs_x = 3, .ofs_y = 0},
    {.bitmap_index = 32232, .adv_w = 495, .box_w = 29, .box_h = 26, .ofs_x = 1, .ofs_y = 0},
    {.bitmap_index = 32609, .adv_w = 527, .box_w = 29, .box_h = 35, .ofs_x = 3, .ofs_y = -9},
    {.bitmap_index = 33117, .adv_w = 527, .box_w = 28, .box_h = 35, .ofs_x = 1, .ofs_y = -9},
    {.bitmap_index = 33607, .adv_w = 323, .box_w = 16, .box_h = 26, .ofs_x = 3, .ofs_y = 0},
    {.bitmap_index = 33815, .adv_w = 396, .box_w = 23, .box_h = 26, .ofs_x = 1, .ofs_y = 0},
    {.bitmap_index = 34114, .adv_w = 326, .box_w = 20, .box_h = 32, .ofs_x = 0, .ofs_y = 0},
    {.bitmap_index = 34434, .adv_w = 523, .box_w = 26, .box_h = 26, .ofs_x = 3, .ofs_y = 0},
    {.bitmap_index = 34772, .adv_w = 444, .box_w = 29, .box_h = 26, .ofs_x = -1, .ofs_y = 0},
    {.bitmap_index = 35149, .adv_w = 706, .box_w = 44, .box_h = 26, .ofs_x = 0, .ofs_y = 0},
    {.bitmap_index = 35721, .adv_w = 440, .box_w = 28, .box_h = 26, .ofs_x = 0, .ofs_y = 0},
    {.bitmap_index = 36085, .adv_w = 444, .box_w = 29, .box_h = 35, .ofs_x = -1, .ofs_y = -9},
    {.bitmap_index = 36593, .adv_w = 409, .box_w = 23, .box_h = 26, .ofs_x = 1, .ofs_y = 0},
    {.bitmap_index = 36892, .adv_w = 284, .box_w = 15, .box_h = 45, .ofs_x = 2, .ofs_y = -9},
    {.bitmap_index = 37230, .adv_w = 233, .box_w = 7, .box_h = 46, .ofs_x = 4, .ofs_y = -9},
    {.bitmap_index = 37391, .adv_w = 284, .box_w = 16, .box_h = 45, .ofs_x = 0, .ofs_y = -9},
    {.bitmap_index = 37751, .adv_w = 453, .box_w = 24, .box_h = 9, .ofs_x = 2, .ofs_y = 12}
};

/*---------------------
 *  CHARACTER MAPPING
 *--------------------*/



/*Collect the unicode lists and glyph_id offsets*/
static const lv_font_fmt_txt_cmap_t cmaps[] =
{
    {
        .range_start = 32, .range_length = 95, .glyph_id_start = 1,
        .unicode_list = NULL, .glyph_id_ofs_list = NULL, .list_length = 0, .type = LV_FONT_FMT_TXT_CMAP_FORMAT0_TINY
    }
};

/*-----------------
 *    KERNING
 *----------------*/


/*Map glyph_ids to kern left classes*/
static const uint8_t kern_left_class_mapping[] =
{
    0, 0, 1, 2, 0, 3, 4, 5,
    2, 6, 0, 7, 8, 9, 8, 9,
    10, 11, 0, 12, 13, 14, 15, 16,
    17, 18, 11, 19, 19, 0, 0, 0,
    20, 21, 0, 0, 0, 0, 0, 0,
    0, 0, 0, 0, 0, 0, 0, 0,
    0, 0, 0, 0, 0, 0, 0, 0,
    0, 0, 0, 0, 22, 23, 0, 0,
    24, 0, 0, 0, 0, 0, 0, 0,
    0, 0, 0, 0, 0, 0, 0, 0,
    0, 0, 0, 0, 0, 0, 0, 0,
    0, 0, 0, 0, 22, 0, 0, 8
};

/*Map glyph_ids to kern right classes*/
static const uint8_t kern_right_class_mapping[] =
{
    0, 0, 1, 2, 0, 3, 4, 5,
    2, 0, 6, 7, 8, 9, 8, 9,
    10, 11, 12, 13, 14, 15, 16, 11,
    17, 18, 19, 20, 20, 0, 0, 0,
    21, 22, 0, 0, 0, 0, 0, 0,
    0, 0, 0, 0, 0, 0, 0, 0,
    0, 0, 0, 0, 0, 0, 0, 0,
    0, 0, 0, 0, 23, 24, 25, 0,
    26, 0, 0, 0, 0, 0, 0, 0,
    0, 0, 0, 0, 0, 0, 0, 0,
    0, 0, 0, 0, 0, 0, 0, 0,
    0, 0, 0, 0, 0, 0, 25, 8
};

/*Kern values between classes*/
static const int8_t kern_class_values[] =
{
    0, 1, 0, 0, 0, 0, 5, 0,
    1, 0, 0, 8, 0, 0, 0, 0,
    4, 0, 0, 0, 0, 0, 0, 0,
    1, 0, 1, 35, 0, 19, -15, 0,
    15, 0, -42, -46, 4, 35, 15, 12,
    -31, 4, 35, 0, 31, 8, 23, -12,
    0, 46, 8, -4, 0, -23, 0, 0,
    0, 0, -15, 12, 15, 0, 0, -8,
    0, -4, 8, 0, -8, 0, -8, -4,
    -15, 0, 0, -8, 0, -15, 0, -19,
    0, -94, 0, -15, -38, 15, 23, 0,
    0, -15, 8, 8, 25, 15, -12, 15,
    0, 0, -42, 0, 0, -27, 0, 0,
    -9, -35, 0, -31, -4, 0, -23, 0,
    -1, 27, 0, -23, -8, -1, 1, 0,
    -12, 0, 0, -5, -54, 0, 0, -61,
    -8, 23, 0, 0, 0, 0, 0, 0,
    0, 0, 0, 27, 0, 8, 0, 0,
    -15, 0, 0, 0, 0, 0, 0, 0,
    0, 31, 8, 1, 5, 15, 8, 23,
    -8, 0, 15, -8, -27, -104, 4, 19,
    15, -1, -10, 0, 23, 0, 23, 0,
    23, 0, 0, 0, 1, -8, 0, 0,
    -12, -27, 0, 0, -8, 1, -5, 0,
    4, -15, -12, -15, 4, 0, -8, 0,
    0, 0, -31, 4, 0, -50, 0, 0,
    1, -42, 8, -50, 0, 0, -27, -5,
    0, 73, -9, -12, 8, 8, -4, 0,
    -12, 8, 0, 0, -42, -15, 0, -73,
    0, 8, 0, 46, -15, 0, -27, 27,
    0, -54, -73, -54, -15, 23, 0, 0,
    -50, 0, 8, -19, 0, -12, 0, -15,
    0, 15, 23, -92, 0, 4, 0, 0,
    0, 0, 4, 4, -9, -15, 0, -1,
    -1, -8, 0, 0, -4, 0, 0, 0,
    -15, 0, 0, -15, 0, -15, 0, 0,
    0, 8, -4, 0, 0, -4, 8, 8,
    0, 0, 0, 0, -12, 0, 0, 0,
    0, 0, 0, 0, 0, -4, 0, 23,
    0, -8, 0, -8, 0, 0, 0, 0,
    0, 0, 0, 0, -4, -4, 0, -8,
    -8, 0, 0, 0, 0, 0, 0, 0,
    0, 0, 0, -23, -4, -23, 15, 0,
    -15, 8, 15, 19, 0, -19, 0, -8,
    0, 0, -35, 8, -4, 5, -42, 8,
    0, -38, 0, 15, 0, 0, 0, -8,
    0, 0, -8, 0, 0, 0, 0, 0,
    -4, -4, 0, -4, -10, 0, 0, 0,
    0, 0, 0, -8, 0, 0, 0, -4,
    0, -15, 8, 0, -8, 4, 8, 8,
    0, 0, 0, 0, 0, 0, -4, 0,
    0, 0, 0, 0, 0, 0, 0, 0,
    0, 23, -4, 1, -23, 0, 19, -38,
    -38, -31, -15, 8, 0, -6, -50, -14,
    0, -14, 0, -15, 12, -14, 0, 8,
    2, -23, 0, 0, 0, -8, 0, 0,
    4, 0, 8, 0, 0, 0, 0, 0,
    0, 0, 0, 0, 0, 0, -8, 0,
    0, -23, 0, 0, 0, 8, 0, 0,
    0, 0, 0, 0, 0, 38, 0, 0,
    0, 0, 0, 0, 4, 0, 0, 0,
    -8, 0, 0, -15, 0, 8, -4, 0,
    0, 0, -12, 0, 8, 0, -38, -23,
    0, 0, 0, -12, -38, 0, 0, -8,
    8, 0, -31, -1, -9, 0, 0, -13,
    0, -12, 0, 0, 0, 8, 0, 4,
    -15, -15, 0, -8, -8, -9, 0, 0,
    0, 0, 0, 0, -23, 0, 0, -15,
    8, -23, 1, 8, 0, 0, 0, 8,
    1, -5, 0, 31, 0, 15, 1, 1,
    -12, 0, 15, 0, 0, 0, 8, 0,
    0, 23, 0, 23, 0, -46, 0, -8,
    12, 23, -104, 0, 73, 8, -15, -15,
    8, 8, -4, 1, -38, 0, 0, 38,
    -46, -15, 0, -54, 31, 108, 0, -4,
    15, -19, 0, 1, -8, 0, 8, 96,
    -15, -6, 23, 19, -19, 8, 0, 0,
    8, 8, -12, -23, 0, -100, 23, 0
};


/*Collect the kern class' data in one place*/
static const lv_font_fmt_txt_kern_classes_t kern_classes =
{
    .class_pair_values   = kern_class_values,
    .left_class_mapping  = kern_left_class_mapping,
    .right_class_mapping = kern_right_class_mapping,
    .left_class_cnt      = 24,
    .right_class_cnt     = 26,
};

/*--------------------
 *  ALL CUSTOM DATA
 *--------------------*/

#if LVGL_VERSION_MAJOR == 8
/*Store all the custom data of the font*/
static  lv_font_fmt_txt_glyph_cache_t cache;
#endif

#if LVGL_VERSION_MAJOR >= 8
static const lv_font_fmt_txt_dsc_t font_dsc = {
#else
static lv_font_fmt_txt_dsc_t font_dsc = {
#endif
    .glyph_bitmap = glyph_bitmap,
    .glyph_dsc = glyph_dsc,
    .cmaps = cmaps,
    .kern_dsc = &kern_classes,
    .kern_scale = 16,
    .cmap_num = 1,
    .bpp = 4,
    .kern_classes = 1,
    .bitmap_format = 0,
#if LVGL_VERSION_MAJOR == 8
    .cache = &cache
#endif
};



/*-----------------
 *  PUBLIC FONT
 *----------------*/

/*Initialize a public general font descriptor*/
#if LVGL_VERSION_MAJOR >= 8
const lv_font_t ccm_font_semibold_48 = {
#else
lv_font_t ccm_font_semibold_48 = {
#endif
    .get_glyph_dsc = lv_font_get_glyph_dsc_fmt_txt,    /*Function pointer to get glyph's data*/
    .get_glyph_bitmap = lv_font_get_bitmap_fmt_txt,    /*Function pointer to get glyph's bitmap*/
    .line_height = 50,          /*The maximum line height required by the font*/
    .base_line = 9,             /*Baseline measured from the bottom of the line*/
#if !(LVGL_VERSION_MAJOR == 6 && LVGL_VERSION_MINOR == 0)
    .subpx = LV_FONT_SUBPX_NONE,
#endif
#if LV_VERSION_CHECK(7, 4, 0) || LVGL_VERSION_MAJOR >= 8
    .underline_position = -5,
    .underline_thickness = 2,
#endif
    .dsc = &font_dsc,          /*The custom font data. Will be accessed by `get_glyph_bitmap/dsc` */
#if LV_VERSION_CHECK(8, 2, 0) || LVGL_VERSION_MAJOR >= 9
    .fallback = NULL,
#endif
    .user_data = NULL,
};



#endif /*#if CCM_FONT_SEMIBOLD_48*/
